<?xml version="1.0" encoding="UTF-8"?><!DOCTYPE collection SYSTEM "BioC.dtd"><collection><source></source><date></date><key></key><document><id>doc2</id><passage><infon key="language">ZH</infon><infon key="section">abstract</infon><offset>-1</offset><sentence><infon key="sentnum">0</infon><offset>-1</offset><text>阴茎体外低能震波治疗（LI-ESWT）是近年出现的一种治疗男性勃起功能障碍（ED）的新方法。</text></sentence><sentence><infon key="sentnum">1</infon><offset>-1</offset><text>LI-ESWT具有促进新生血管形成的特性，可通过改善阴茎血流和内皮功能，起到治疗ED的作用。</text></sentence><sentence><infon key="sentnum">2</infon><offset>-1</offset><text>随着不同国家和地区的多个前瞻性临床试验，包括随机、双盲、安慰治疗对照试验（RCT）结果的公布，LI-ESWT治疗血管性ED的安全性和有效性已得到广泛认可。</text></sentence><sentence><infon key="sentnum">3</infon><offset>-1</offset><text>随着更大样本、多中心RCT试验的完成，LI-ESWT在未来ED治疗领域中将占据一席之地。</text></sentence><sentence><infon key="sentnum">4</infon><offset>-1</offset><text>.</text></sentence></passage></document><document><id>doc5</id><passage><infon key="language">ZH</infon><infon key="section">abstract</infon><offset>-1</offset><sentence><infon key="sentnum">0</infon><offset>-1</offset><text>在北塞普勒斯，糖尿病與糖尿病引發的併發症正逐漸成為重要健康議題。</text></sentence><sentence><infon key="sentnum">1</infon><offset>-1</offset><text>北 塞普勒斯成人中，12.2%患有糖尿病；且所有心血管疾病的患者中，90%亦患 有糖尿病。</text></sentence><sentence><infon key="sentnum">2</infon><offset>-1</offset><text>本篇研究主要目的是，評估北塞普勒斯糖尿病者的營養習慣，以 提出建議來改善其飲食習慣，預防日後糖尿病所導致的併發症。</text></sentence><sentence><infon key="sentnum">3</infon><offset>-1</offset><text>利用健康飲 食指標(HEI)，根據24 小時食物攝取量，來評估北塞普勒斯糖尿病患者的飲食 品質。</text></sentence><sentence><infon key="sentnum">4</infon><offset>-1</offset><text>從尼古西亞Dr. Burhan Nalbantoğlu 中央醫院的門診病人中隨機挑選200 位糖尿病患者為研究對象。</text></sentence><sentence><infon key="sentnum">5</infon><offset>-1</offset><text>參與者需完成24 小時食物攝取量和多項食物攝取 頻率之問卷。</text></sentence><sentence><infon key="sentnum">6</infon><offset>-1</offset><text>糖尿病參與者的HEI 平均分數為58.8 分。</text></sentence><sentence><infon key="sentnum">7</infon><offset>-1</offset><text>健康飲食指標分項分 數，如飽和脂肪、蔬菜、乳製品和肉類攝取的分數皆低於5 分；然而，脂 肪、膽固醇、水果、穀類和鈉攝取的平均分數皆高於5 分。</text></sentence><sentence><infon key="sentnum">8</infon><offset>-1</offset><text>健康飲食指標之 分項中，以肉類的平均分數3.3 分為最低。</text></sentence><sentence><infon key="sentnum">9</infon><offset>-1</offset><text>肉類與營養素多樣性攝取的分項分 數，在男女性間有顯著差異。</text></sentence><sentence><infon key="sentnum">10</infon><offset>-1</offset><text>總之，本篇研究結果顯示，北塞普勒斯糖尿病 患者，應藉由減少飽和脂肪攝取，並增加蔬菜、肉類和奶類攝取，以改善其 飲食。</text></sentence></passage></document><document><id>doc6</id><passage><infon key="language">ZH</infon><infon key="section">abstract</infon><offset>-1</offset><sentence><infon key="sentnum">0</infon><offset>-1</offset><text>目的 评估心肌桥(MB)-壁冠状动脉(MCA)对心功能的影响。</text></sentence><sentence><infon key="sentnum">1</infon><offset>-1</offset><text>方法 以胸闷、胸痛症状就诊,经CT冠状动脉成像(CTCA)诊断为左前降支单发MB的82例患者为研究对象,测量MB厚度、长度,计算MCA收缩期狭窄率。</text></sentence><sentence><infon key="sentnum">2</infon><offset>-1</offset><text>同期选择CTCA 未见异常的82例健康体检者作为正常对照组。</text></sentence><sentence><infon key="sentnum">3</infon><offset>-1</offset><text>两组均行超声心动图检查。</text></sentence><sentence><infon key="sentnum">4</infon><offset>-1</offset><text>记录年龄、性别、体质量指数(BMI)、心率及吸烟史等临床资料,比较MB组与正常对照组上述临床资料及室间隔,左心室后壁厚度,左心房内径,左心室舒张末内径、收缩末内径,左心室射血分数,E’/A’</text></sentence></passage></document><document><id>doc7</id><passage><infon key="language">ZH</infon><infon key="section">abstract</infon><offset>-1</offset><sentence><infon key="sentnum">0</infon><offset>-1</offset><text>乳糖不耐症的概念建構在西方及開發中經濟體的醫學。</text></sentence><sentence><infon key="sentnum">1</infon><offset>-1</offset><text>其證據為佔全球少數的 北歐衍生族群，其腸道乳糖酶活性續存至兒童晚期及整個生命週期。</text></sentence><sentence><infon key="sentnum">2</infon><offset>-1</offset><text>這些人擁 有rs49882359 等位基因（C/T）的T 單核甘酸多型性（SNP），又被稱為C/T- 13910，其MCM6 基因正向影響乳糖酶LCT 基因。</text></sentence><sentence><infon key="sentnum">3</infon><offset>-1</offset><text>其他在非洲及中東的乳糖酶 續存族群，他們有不同的基因變異。</text></sentence><sentence><infon key="sentnum">4</infon><offset>-1</offset><text>這些SNPs 代表自農業革命及營養依賴的 生態適應與乳品業的共同演化。</text></sentence><sentence><infon key="sentnum">5</infon><offset>-1</offset><text>意即，多數人因為小腸乳糖吸收不良產生的腸 胃道症狀與其是否為乳糖酶非續存（LNP）關係不大。</text></sentence><sentence><infon key="sentnum">6</infon><offset>-1</offset><text>LNP 者，大腸菌相的乳 糖酶能夠發酵乳醣，所以糞便中並無乳糖存在。</text></sentence><sentence><infon key="sentnum">7</infon><offset>-1</offset><text>短鏈脂肪酸（SCFAs）及氣體 （氫氣、二氧化碳及甲烷）是否引起症狀，端看其劑量。</text></sentence><sentence><infon key="sentnum">8</infon><offset>-1</offset><text>一個LNP 者，在任 何時間均可消化最多25 公克的乳糖。</text></sentence><sentence><infon key="sentnum">9</infon><offset>-1</offset><text>食物或餐點內容、腸道菌相的特性、年 齡及其他因素，才是影響其耐受性原因。</text></sentence><sentence><infon key="sentnum">10</infon><offset>-1</offset><text>因此，LNP 者的乳糖不耐是一種失調 或是疾病的主張是一種錯置及文化觀點。</text></sentence><sentence><infon key="sentnum">11</infon><offset>-1</offset><text>真正重要的是常被攝取的乳製品是否 會引起症狀。</text></sentence><sentence><infon key="sentnum">12</infon><offset>-1</offset><text>也就是說，建議以乳製品耐受性測試取代乳糖不耐症測試。</text></sentence><sentence><infon key="sentnum">13</infon><offset>-1</offset><text>.</text></sentence></passage></document><document><id>doc11</id><passage><infon key="language">ZH</infon><infon key="section">abstract</infon><offset>-1</offset><sentence><infon key="sentnum">0</infon><offset>-1</offset><text>随着经济的发展和人们生活水平的提高，非酒精性脂肪性肝病(non-alcoholic fatty liver disease，NAFLD)在全球范围内的患病率明显提高。</text></sentence><sentence><infon key="sentnum">1</infon><offset>-1</offset><text>NAFLD本质上是一种慢性炎症性疾病。</text></sentence><sentence><infon key="sentnum">2</infon><offset>-1</offset><text>NF-κB作为一种转录因子，参与机体的炎症反应、免疫反应、细胞增殖及凋亡过程，可以通过胰岛素抵抗、氧化应激、肠道菌群失调及活化肾素-血管紧张素系统等机制促进NAFLD的发生与发展。</text></sentence><sentence><infon key="sentnum">3</infon><offset>-1</offset><text>.</text></sentence></passage></document><document><id>doc12</id><passage><infon key="language">ZH</infon><infon key="section">abstract</infon><offset>-1</offset><sentence><infon key="sentnum">0</infon><offset>-1</offset><text>在2011 年的東日本大地震後，許多災民沒有足夠的食物和緊急避難所。</text></sentence><sentence><infon key="sentnum">1</infon><offset>-1</offset><text>然 而，關於災難後在緊急避難所中影響飲食情況的因素目前並無確證。</text></sentence><sentence><infon key="sentnum">2</infon><offset>-1</offset><text>為澄清 影響餐食供應的因素，重新分析在東日本大地震一個月後，於緊急避難所進 行的膳食調查資料。</text></sentence><sentence><infon key="sentnum">3</infon><offset>-1</offset><text>在A 城市中有69 間避難所，其中53 間(79.1%)有糧食短 缺的問題。</text></sentence><sentence><infon key="sentnum">4</infon><offset>-1</offset><text>在緊急避難所烹調的可能性，提升膳食供應給避難者。</text></sentence><sentence><infon key="sentnum">5</infon><offset>-1</offset><text>比較有或 無烹調設備之緊急避難所，有烹調設備者可以提供較多餐點，及較多包含穀 物和蔬菜的菜餚。</text></sentence><sentence><infon key="sentnum">6</infon><offset>-1</offset><text>有天然氣供應的避難所，每天提供兩次“均衡”餐點(包含穀 物、蔬菜和肉或魚)的頻率高於沒有天然氣者。</text></sentence><sentence><infon key="sentnum">7</infon><offset>-1</offset><text>特別的是，不論供水或電力供 應狀況都不影響提供均衡餐食。</text></sentence><sentence><infon key="sentnum">8</infon><offset>-1</offset><text>再者，多數緊急避難所的難民有較少的烹調 機會及較低的天然氣供應可獲性。</text></sentence><sentence><infon key="sentnum">9</infon><offset>-1</offset><text>本研究結果顯示，即早改善災難後餐食供 應可維持災民的健康。</text></sentence><sentence><infon key="sentnum">10</infon><offset>-1</offset><text>下列舉措可促成這種改善：(1)迅速恢復天然氣供應以 提供烹調；(2)限制每個緊急避難所的災民人數。</text></sentence></passage></document><document><id>doc15</id><passage><infon key="language">ZH</infon><infon key="section">abstract</infon><offset>-1</offset><sentence><infon key="sentnum">0</infon><offset>-1</offset><text>低钠血症是一种罕见的具有潜在生命危险的抗 精神病药物治疗的不良反应。</text></sentence><sentence><infon key="sentnum">1</infon><offset>-1</offset><text> 这里，我们报告一个病例， 45 岁女性精神分裂症患者在奥氮平治疗后不久出现低 钠血症。</text></sentence><sentence><infon key="sentnum">2</infon><offset>-1</offset><text> 为此我们评估了低钠血症和奥氮平治疗之间 的关系， 因为及时的药物监测至关重要。</text></sentence><sentence><infon key="sentnum">3</infon><offset>-1</offset><text> 根据 Naranjo 算法， 在奥氮平和低钠血症之间的关联性评价，可评 价为“ 可能”。</text></sentence><sentence><infon key="sentnum">4</infon><offset>-1</offset><text> 因此有必要探究低钠血症这一临床上重 大、 危及生命的不良事件产生的可能原因。</text></sentence><sentence><infon key="sentnum">5</infon><offset>-1</offset><text> 我们报告 的病例聚焦于奥氮平治疗引起的低钠血症的不良事件。</text></sentence><sentence><infon key="sentnum">6</infon><offset>-1</offset><text> 由于精神疾病患者有时无法主诉或主诉不被重视， 内 科疾病常常被忽视或错过。</text></sentence><sentence><infon key="sentnum">7</infon><offset>-1</offset><text> 在处理这种可能的不良反 应时， 应保持高度警觉性。</text></sentence><sentence><infon key="sentnum">8</infon><offset>-1</offset><text>.</text></sentence></passage></document><document><id>doc16</id><passage><infon key="language">ZH</infon><infon key="section">abstract</infon><offset>-1</offset><sentence><infon key="sentnum">0</infon><offset>-1</offset><text>该文于2008年4月采自南定河支流小勐统河的多鳞荷马条鳅(</text></sentence><sentence><infon key="sentnum">1</infon><offset>-1</offset><text>   Homatula pycnolepis)群体(204尾, 年龄仅为1~2龄, 缺乏≥3龄个体, 年龄结构简单);2007—2009年采自怒江流域4个采样点的多鳞荷马条鳅群体(80尾)的</text></sentence></passage></document><document><id>doc17</id><passage><infon key="language">ZH</infon><infon key="section">abstract</infon><offset>-1</offset><sentence><infon key="sentnum">0</infon><offset>-1</offset><text>受2015 十月在北京举行的第一届中国抗抑郁 药研究与发展峰会上的讨论的启发，我们撰写了这 篇述评。</text></sentence><sentence><infon key="sentnum">1</infon><offset>-1</offset><text>该峰会由中国医师协会精神科医师分会精 神药理学和药物治疗工作委员会 (Chinese Psychiatrist Psychopharmacology Commission, CPPC) 发起，参与人 员包括一流的精神科临床医生、神经科学研究者和国 内外大型制药企业研发人员，会议重点讨论了那些限 制了更有效的抗抑郁药物发展的主要问题。</text></sentence><sentence><infon key="sentnum">2</infon><offset>-1</offset><text>在没有明 确的抑郁症生物标志物的情况下，临床医生必须在临 床现象的基础上做出治疗决策；缺乏明确的生物靶点 导致目前可用的抗抑郁药需要很长一段时间才有效， 完全缓解率低，并且复发率高。</text></sentence><sentence><infon key="sentnum">3</infon><offset>-1</offset><text>中国神经科学家对抑 郁症的基础研究是国际公认的，但他们提出的。</text></sentence><sentence><infon key="sentnum">4</infon><offset>-1</offset><text>作为 治疗抑郁症潜在的候选化学成分大部分在临床试验时 失败了。</text></sentence><sentence><infon key="sentnum">5</infon><offset>-1</offset><text>这种试剂的高失败率和大部分可用药物的不 令人满意的结果迅速增加了新药进入市场的成本，所 以制药公司更喜欢“调整”目前的药物而不是冒资金 风险来支持新的抗抑郁药的发展。</text></sentence><sentence><infon key="sentnum">6</infon><offset>-1</offset><text>因此，发展新的、 更有效的抑郁症治疗成为一个僵局。</text></sentence><sentence><infon key="sentnum">7</infon><offset>-1</offset><text>鉴于抑郁症对中 国和其他国家的经济发展的巨大影响，在临床医生、 研究人员和制药行业的共同努力下积极争取政府和社 区的支持来克服这种僵局是必不可少的。</text></sentence><sentence><infon key="sentnum">8</infon><offset>-1</offset><text>.</text></sentence></passage></document><document><id>doc18</id><passage><infon key="language">ZH</infon><infon key="section">abstract</infon><offset>-1</offset><sentence><infon key="sentnum">0</infon><offset>-1</offset><text>肝纤维化是多种慢性肝病向肝硬化发展的共同病理学过程。</text></sentence><sentence><infon key="sentnum">1</infon><offset>-1</offset><text>根据现有的研究结果，普遍认为肝纤维化的过程是可逆的，适当有效的治疗不仅可减缓其向肝硬化的发展，甚至可减轻已有的肝纤维化程度。</text></sentence><sentence><infon key="sentnum">2</infon><offset>-1</offset><text>因此，对肝纤维化治疗的研究具有重要的临床意义。</text></sentence><sentence><infon key="sentnum">3</infon><offset>-1</offset><text>现就近期肝纤维化的主要治疗进展进行总结。</text></sentence><sentence><infon key="sentnum">4</infon><offset>-1</offset><text>.</text></sentence></passage></document><document><id>doc19</id><passage><infon key="language">ZH</infon><infon key="section">abstract</infon><offset>-1</offset><sentence><infon key="sentnum">0</infon><offset>-1</offset><text>精准医学是根据每个人从宏观到微观层面的个体差异，制定最为合适的个性化治疗方案。</text></sentence><sentence><infon key="sentnum">1</infon><offset>-1</offset><text>基因组、蛋白组、代谢组等海量生物学数据及大数据分析方法是精准医学模式的精髓。</text></sentence><sentence><infon key="sentnum">2</infon><offset>-1</offset><text>精准医学为人类攻克肿瘤带来了希望。</text></sentence><sentence><infon key="sentnum">3</infon><offset>-1</offset><text>肺癌是对人类危害最大的肿瘤。</text></sentence><sentence><infon key="sentnum">4</infon><offset>-1</offset><text>本文就肺癌的外科治疗在精准医学时代发展的方向进行了综述。</text></sentence><sentence><infon key="sentnum">5</infon><offset>-1</offset><text>.</text></sentence></passage></document><document><id>doc20</id><passage><infon key="language">ZH</infon><infon key="section">abstract</infon><offset>-1</offset><sentence><infon key="sentnum">0</infon><offset>-1</offset><text>高血压是一种常见的慢性疾病，全球超过25%的成年人受其影响。</text></sentence><sentence><infon key="sentnum">1</infon><offset>-1</offset><text>在巴基斯 坦，33%的成年人患有高血压。</text></sentence><sentence><infon key="sentnum">2</infon><offset>-1</offset><text>大量的流行病学研究表明膳食模式在高血压的 因果关系、预防和管理中起关键作用。</text></sentence><sentence><infon key="sentnum">3</infon><offset>-1</offset><text>然而，来自南亚的这方面的证据不足。</text></sentence><sentence><infon key="sentnum">4</infon><offset>-1</offset><text> 本研究旨在确定巴基斯坦卡拉奇地区参加高血压控制和风险衰减研究的4304 名城市低收入居民的膳食模式和高血压的关系。</text></sentence><sentence><infon key="sentnum">5</infon><offset>-1</offset><text>采用含33 个条目的食物频率 问卷收集饮食信息，并用主成分因子分析得到3 个独特的膳食模式，分别被命 名为脂肪和甜食、蔬菜和水果、海鲜和酸奶模式。</text></sentence><sentence><infon key="sentnum">6</infon><offset>-1</offset><text>我们采用单因素和多因素 logistic 回归分析研究膳食模式和高血压之间的关系。</text></sentence><sentence><infon key="sentnum">7</infon><offset>-1</offset><text>男性更容易患高血压， 而年龄和体质指数的增加也与高血压有关（p</text></sentence></passage></document><document><id>doc22</id><passage><infon key="language">ZH</infon><infon key="section">abstract</infon><offset>-1</offset><sentence><infon key="sentnum">0</infon><offset>-1</offset><text>目的：研究人骨肉瘤细胞系(Saos-2，MG-63)中microRNA-150(miR-150)表达水平及其对细胞增殖的作用，并探讨其分子生物学作用机制。</text></sentence><sentence><infon key="sentnum">1</infon><offset>-1</offset><text>方法：采用相对实时定量PCR检测人骨肉瘤细胞系Saos-2，MG-63和正常成骨细胞系NHOst中miR-150表达差异。</text></sentence><sentence><infon key="sentnum">2</infon><offset>-1</offset><text>采用慢病毒转染过表达miR-150，实时定量PCR检测过表达组miR-150水平。</text></sentence><sentence><infon key="sentnum">3</infon><offset>-1</offset><text>细胞增殖实验采用MTS[3-(4,5-dimethylthiazol-2-yl)-5-(3-carboxymethoxyphenyl)-2-(4- sulfophenyl)- 2H-tetrazolium] 法。</text></sentence><sentence><infon key="sentnum">4</infon><offset>-1</offset><text>Western印迹检测Runt相关转录因子2(Runt-related transcription factor 2，RUNX2)及内参β-actin蛋白水平。</text></sentence><sentence><infon key="sentnum">5</infon><offset>-1</offset><text>双荧光素酶反应检测miR-150与RUNX2 3'-UTR结合对上游基因表达抑制率。</text></sentence><sentence><infon key="sentnum">6</infon><offset>-1</offset><text>结果：MiR-150在Saos-2和MG-63细胞系中表达低于正常成骨细胞系NHOst，分别为0.23±0.02，0.32±0.03和1.00±0.02，差异具有统计学意义(P</text></sentence></passage></document><document><id>doc24</id><passage><infon key="language">ZH</infon><infon key="section">abstract</infon><offset>-1</offset><sentence><infon key="sentnum">0</infon><offset>-1</offset><text>回顾性分析1例以反复晕厥为主要表现的门脉性肺动脉高压患者。</text></sentence><sentence><infon key="sentnum">1</infon><offset>-1</offset><text>各种肝内外原因引起门静脉高压的基础上，血管活性物质代谢异常、血管压力、炎症等因素使肺血管收缩舒张功能失衡、全身高动力循环状态，长期作用下将出现血管重构，最终引起肺动脉高压。</text></sentence><sentence><infon key="sentnum">2</infon><offset>-1</offset><text>该病起病隐匿，临床特点为平均肺动脉压力升高、肺毛细血管楔压正常、肺血管阻力升高。</text></sentence><sentence><infon key="sentnum">3</infon><offset>-1</offset><text>目前治疗方法主要有肺动脉高压靶向治疗药物、肝移植手术。</text></sentence><sentence><infon key="sentnum">4</infon><offset>-1</offset><text>.</text></sentence></passage></document><document><id>doc25</id><passage><infon key="language">ZH</infon><infon key="section">abstract</infon><offset>-1</offset><sentence><infon key="sentnum">0</infon><offset>-1</offset><text>目的：探索中药复方益髓理血饮对二甲基苯蒽诱导的骨髓增生异常综合征(myelodysplastic syndrome，MDS)模型大鼠骨髓细胞凋亡的作用。</text></sentence><sentence><infon key="sentnum">1</infon><offset>-1</offset><text>方法：采用化学诱变剂二甲基苯蒽诱导建立大鼠MDS模型，并分为正常对照组、模型+PBS组、模型+复方皂矾丸组、模型+益髓理血饮低剂量组和模型+益髓理血饮高剂量组，每组12 只。</text></sentence><sentence><infon key="sentnum">2</infon><offset>-1</offset><text>于造模第14天开始分组连续给药30 d。</text></sentence><sentence><infon key="sentnum">3</infon><offset>-1</offset><text>观察各组大鼠一般情况，给药后的第31天将各组的大鼠处死，显微镜下观察骨髓细胞的病理学改变，检测各组大鼠外周血细胞、免疫组织化学检测Bcl-2和Bax蛋白表达，流式细胞仪检测骨髓细胞凋亡情况。</text></sentence><sentence><infon key="sentnum">4</infon><offset>-1</offset><text>结果：与正常对照组相比，模型+PBS组大鼠骨髓细胞病态造血，外周白细胞、红细胞、血红蛋白和血小板下降明显，促凋亡蛋白Bax明显增加，抑凋亡蛋白Bcl-2表达明显减少(P</text></sentence></passage></document><document><id>doc26</id><passage><infon key="language">ZH</infon><infon key="section">abstract</infon><offset>-1</offset><sentence><infon key="sentnum">0</infon><offset>-1</offset><text>特发性肺纤维化(idiopathic pulmonary fibrosis，IPF)是间质性肺炎中最常见的一种，主要症状是干咳和劳力性气促，且随着肺纤维化的发展逐渐加重。</text></sentence><sentence><infon key="sentnum">1</infon><offset>-1</offset><text>IPF患者常发生睡眠呼吸障碍，其睡眠结构的改变包括睡眠效率降低，深睡眠、快动眼睡眠减少，而微觉醒指数增加，严重影响患者的生活质量。</text></sentence><sentence><infon key="sentnum">2</infon><offset>-1</offset><text>在IPF缺乏有效疗法的情况下，优化患者的生活质量为主要治疗目标，睡眠呼吸障碍的诊断和治疗能显著改善IPF患者的生活质量。</text></sentence><sentence><infon key="sentnum">3</infon><offset>-1</offset><text>.</text></sentence></passage></document><document><id>doc27</id><passage><infon key="language">ZH</infon><infon key="section">abstract</infon><offset>-1</offset><sentence><infon key="sentnum">0</infon><offset>-1</offset><text>基于Lux 型群体感应系统的生物被膜调控在污水处理中的研究备受关注，群体感应系统的干预包括正向强化和负向削弱两类。</text></sentence><sentence><infon key="sentnum">1</infon><offset>-1</offset><text>群体感应系统的正向强化作用可提高生物膜法污水处理中的挂膜速度，提高污水处理效率，促进活性污泥中胞外聚合物 (Extracellular polymeric substance，EPS) 和可溶性微生物产物 (Soluble microbial products，SMP) 的生成，提高生物被膜的产量；群体感应的负向削弱作用可以降解生物被膜形成过程中所需要的信号分子，切断生物被膜形成的基因表达过程，有效抑制MBR 膜表面生物被膜的形成，防止膜污染。</text></sentence><sentence><infon key="sentnum">2</infon><offset>-1</offset><text>对信号分子酰基高丝氨酸内酯 (N-acyl homoserine lactone，AHLs) 的结构和作用机理的进一步研究、群体感应淬灭菌的固定化技术与应用、多种防治膜污染方法的协同效果验证及群体感应干预在更多污水处理领域的应用可行性是该领域要研究的几个重要方向。</text></sentence><sentence><infon key="sentnum">3</infon><offset>-1</offset><text>.</text></sentence></passage></document><document><id>doc28</id><passage><infon key="language">ZH</infon><infon key="section">abstract</infon><offset>-1</offset><sentence><infon key="sentnum">0</infon><offset>-1</offset><text>人表皮生长因子受体酪氨酸激酶抑制剂（epidermal growth factor receptor tyrosine kinase inhibitors, EGFR-TKIs）给EGFR基因敏感突变患者带来巨大的临床获益。</text></sentence><sentence><infon key="sentnum">1</infon><offset>-1</offset><text>随着临床和基础研究的不断深入，EGFR-TKI已经越来越受到关注。</text></sentence><sentence><infon key="sentnum">2</infon><offset>-1</offset><text>本综述旨在将2016年EGFR-TKI药物研究进展进行概述。</text></sentence><sentence><infon key="sentnum">3</infon><offset>-1</offset><text>.</text></sentence></passage></document><document><id>doc29</id><passage><infon key="language">ZH</infon><infon key="section">abstract</infon><offset>-1</offset><sentence><infon key="sentnum">0</infon><offset>-1</offset><text>目的：利用功能磁共振成像技术观察吸烟成瘾者在戒烟前后视觉信息处理的差异。</text></sentence><sentence><infon key="sentnum">1</infon><offset>-1</offset><text>方法：17名吸烟成瘾者同意戒烟并完成了试验。</text></sentence><sentence><infon key="sentnum">2</infon><offset>-1</offset><text>利用独立分量分析方法分解出初级视觉网络和次级视觉网络。</text></sentence><sentence><infon key="sentnum">3</infon><offset>-1</offset><text>在两个网络内，戒烟前后存在显著差异的区域作为感兴趣区域，并对这些区域进行基于感兴趣区的功能连接分析。</text></sentence><sentence><infon key="sentnum">4</infon><offset>-1</offset><text>结果：戒烟14 d后在次级视觉网络内、两个网络之间的功能连接均有所增强，在初级视觉网络内的功能连接相对稳定。</text></sentence><sentence><infon key="sentnum">5</infon><offset>-1</offset><text>结论：吸烟成瘾者在戒烟14 d后视觉信息处理能力显著增强。</text></sentence><sentence><infon key="sentnum">6</infon><offset>-1</offset><text>.</text></sentence></passage></document><document><id>doc31</id><passage><infon key="language">ZH</infon><infon key="section">abstract</infon><offset>-1</offset><sentence><infon key="sentnum">0</infon><offset>-1</offset><text>蛋白质的N 末端作为合成的起始，其氨基酸序列组成及翻译后修饰直接影响着蛋白质的活性、稳定性和细胞内定位，调控着细胞内的信号转导，甚至决定了这些蛋白质的命运。</text></sentence><sentence><infon key="sentnum">1</infon><offset>-1</offset><text>对蛋白质N 末端组学的系统研究不仅可以揭示N 末端区域对整个蛋白质的重要作用，有助于我们深入地了解蛋白质在各种生命活动中所扮演的角色，同时在实现蛋白质组高覆盖、基因组重注释等方面也有着重要的价值。</text></sentence><sentence><infon key="sentnum">2</infon><offset>-1</offset><text>本文结合我们的现有工作，综述了近年来蛋白质N 末端组学的研究进展，尤其是一些重要的基于质谱的N 末端富集技术和方法。</text></sentence><sentence><infon key="sentnum">3</infon><offset>-1</offset><text>.</text></sentence></passage></document><document><id>doc33</id><passage><infon key="language">ZH</infon><infon key="section">abstract</infon><offset>-1</offset><sentence><infon key="sentnum">0</infon><offset>-1</offset><text>为了评估出生前维生素和重金属暴露对出生后生长发育的影响。</text></sentence><sentence><infon key="sentnum">1</infon><offset>-1</offset><text>我们测定了产 妇血清和脐带血中抗氧化维生素（A、E 和C）的含量。</text></sentence><sentence><infon key="sentnum">2</infon><offset>-1</offset><text>本研究共测量了97 名 5 岁儿童的全量表智商、操作智商和语言智商。</text></sentence><sentence><infon key="sentnum">3</infon><offset>-1</offset><text>其中维生素A 的胎盘转运率 （PTR）与全量表智商成正相关（p=0.041），维生素E 的胎盘转运率与操作智 商（p=0.002）和全量表智商（p=0.025）评分成正相关。</text></sentence><sentence><infon key="sentnum">4</infon><offset>-1</offset><text>脐血镉水平与5 岁儿童 的语言智商呈负相关（p=0.025）。</text></sentence><sentence><infon key="sentnum">5</infon><offset>-1</offset><text>较高的维生素E 胎盘转运率是操作智商 （OR=0.025；p=0.021）和全量表智商（OR</text></sentence></passage></document><document><id>doc35</id><passage><infon key="language">ZH</infon><infon key="section">abstract</infon><offset>-1</offset><sentence><infon key="sentnum">0</infon><offset>-1</offset><text>随着我国经济社会的快速发展，各种意外伤害如交通事故伤、坠落伤等创伤的发生率明显增加。</text></sentence><sentence><infon key="sentnum">1</infon><offset>-1</offset><text>创伤尤其是严重创伤常涉及多器官、多系统，需要多学科联合进行科学、规范的综合性救治。</text></sentence><sentence><infon key="sentnum">2</infon><offset>-1</offset><text>我国各大城市综合医院分科过细，缺乏专业创伤救治团队，导致我国创伤总体救治水平远低于发达国家，亟待建立并形成高效、规范的城市创伤救治体系。</text></sentence><sentence><infon key="sentnum">3</infon><offset>-1</offset><text>为进一步促进我国城市创伤救治体系的建立，进一步提高创伤救治成功率，国内创伤领域知名专家在已有研究成果的基础上，借鉴国外成功经验并结合我国国情，共同制定本共识，以期为我国各级地方政府创建城市创伤救治体系提供参考。</text></sentence><sentence><infon key="sentnum">4</infon><offset>-1</offset><text>.</text></sentence></passage></document><document><id>doc36</id><passage><infon key="language">ZH</infon><infon key="section">abstract</infon><offset>-1</offset><sentence><infon key="sentnum">0</infon><offset>-1</offset><text>基于CRISPR/Cas9n double nick 技术构建人DNAH2 (Homo sapiens dynein, axonemal, heavy chain 2) 基因敲除的U2OS 稳定细胞株，旨在研究DNAH2 基因的生物学功能。</text></sentence><sentence><infon key="sentnum">1</infon><offset>-1</offset><text>首先设计并合成A、B 两个sgRNA (Single guide RNA) 以及各自的互补链，退火连接形成DNAH2 sgRNA-A、B 双链，再分别与带有BbsⅠ粘性末端的pX462 线性载体相连，形成pX462-DNAH2-A、pX462-DNAH2-B 重组真核表达质粒。</text></sentence><sentence><infon key="sentnum">2</infon><offset>-1</offset><text>质粒共转染至U2OS 细胞后，加入嘌呤霉素，以有限稀释法获得阳性单克隆细胞株，再以蛋白印迹实验检测DNAH2 蛋白的表达，最后通过PCR-基因测序技术分析突变特点。</text></sentence><sentence><infon key="sentnum">3</infon><offset>-1</offset><text>结果显示A、B sgRNA 双链成功插入pX462 载体，U2OS-DNAH2-KO单克隆细胞株中DNAH2 蛋白不表达，DNAH2 基因发生移码突变，从而证实利用CRISPR/Cas9n double nick系统成功构建人DNAH2 基因敲除的U2OS 稳定细胞株，为研究DNAH2 基因提供有利工具。</text></sentence><sentence><infon key="sentnum">4</infon><offset>-1</offset><text>.</text></sentence></passage></document><document><id>doc38</id><passage><infon key="language">ZH</infon><infon key="section">abstract</infon><offset>-1</offset><sentence><infon key="sentnum">0</infon><offset>-1</offset><text>为了评价不同喂养方式0-5月婴儿的营养状况，我们在中国8城市实施了婴儿营养 横断面调查。</text></sentence><sentence><infon key="sentnum">1</infon><offset>-1</offset><text>总共调查了622名0-2月婴儿和456名3-5月婴儿。</text></sentence><sentence><infon key="sentnum">2</infon><offset>-1</offset><text>混合喂养婴儿指同 时摄入母乳和辅食的婴儿。</text></sentence><sentence><infon key="sentnum">3</infon><offset>-1</offset><text>研究结果发现0-2月婴儿中，38.2%的混合喂养婴儿摄 入过量的维生素A，15.6%的混合喂养儿摄入过量的锌。</text></sentence><sentence><infon key="sentnum">4</infon><offset>-1</offset><text>对于只摄入辅食的人工 喂养儿来说，大约分别有20%和12.5%的婴儿摄入维生素A和锌的量不足。</text></sentence><sentence><infon key="sentnum">5</infon><offset>-1</offset><text>而超 过一半的人工喂养儿摄入过量的维生素A和锌。</text></sentence><sentence><infon key="sentnum">6</infon><offset>-1</offset><text>3-5月的婴儿营养摄入状况与0-2 月婴儿的营养摄入状况大致相同，也存在严重的维生素A和锌摄入失衡状况。</text></sentence><sentence><infon key="sentnum">7</infon><offset>-1</offset><text>此 外，与母乳喂养儿相比，人工喂养儿和混合喂养儿有较高的疾病发病率和较低 的年龄别身高，年龄别体重和身高别体重评分。</text></sentence><sentence><infon key="sentnum">8</infon><offset>-1</offset><text>总之，对于中国城市0-5月婴儿 来说，除了维生素A和锌存在不同程度的营养失衡状况之外，其他大多数的营养 素均摄入充足。</text></sentence></passage></document><document><id>doc42</id><passage><infon key="language">ZH</infon><infon key="section">abstract</infon><offset>-1</offset><sentence><infon key="sentnum">0</infon><offset>-1</offset><text>肺癌是危害我国人民健康与生命的重大疾病之一，肺癌的复发和死亡多源于肿瘤转移。</text></sentence><sentence><infon key="sentnum">1</infon><offset>-1</offset><text>上皮细胞的间质化过程（epithelial-mesenchymal transition, EMT）是肺癌转移中的一个关键步骤，此过程涉及E-cadherin表达下调，并受到EMT转录因子调控。</text></sentence><sentence><infon key="sentnum">2</infon><offset>-1</offset><text>组蛋白乙酰转移酶（histone acetyltransferases, HATs）和组蛋白去乙酰化酶（histone deacetyltransferases, HDACs）是催化组蛋白乙酰化和去乙酰化的蛋白家族，不仅在肿瘤进程中发挥重要功能，近年来发现它们同样参与肺癌EMT过程。</text></sentence><sentence><infon key="sentnum">3</infon><offset>-1</offset><text>HATs与HDACs和某些EMT转录因子有相互作用。</text></sentence><sentence><infon key="sentnum">4</infon><offset>-1</offset><text>而且，这些EMT转录因子的功能受乙酰化调控，并影响肺癌EMT进程。</text></sentence><sentence><infon key="sentnum">5</infon><offset>-1</offset><text>本文将分别介绍HATs和HDACs参与肺癌EMT的作用机理，从分子机制方面对它们之间的相互作用进行探讨，并讨论HDAC抑制剂在抑制EMT和肺癌治疗方面的潜在应用价值，以期为相关基础研究和临床实践提供借鉴。</text></sentence></passage></document><document><id>doc45</id><passage><infon key="language">ZH</infon><infon key="section">abstract</infon><offset>-1</offset><sentence><infon key="sentnum">0</infon><offset>-1</offset><text>目的：探讨某三甲医院持续性非卧床腹膜透析(continuous ambulatory peritoneal dialysis，CAPD)相关性腹膜炎临床特点、致病菌分布及耐药性情况，为临床防治CAPD相关性腹膜炎总结经验。</text></sentence><sentence><infon key="sentnum">1</infon><offset>-1</offset><text>方法：回顾性调查该院2013年1月至2016年6月42个月中，104人126例次CAPD相关性腹膜炎患者的临床特点、致病菌分布、耐药性等情况。</text></sentence><sentence><infon key="sentnum">2</infon><offset>-1</offset><text>结果：在126例次CAPD相关性腹膜炎中，患者出现腹痛104例次(82.54%)，发热56例次(44.44%)，腹泻49例次(38.89%)，呕吐31例次(23.60%)。</text></sentence><sentence><infon key="sentnum">3</infon><offset>-1</offset><text>126例次CAPD相关性腹膜炎中，发生一次腹膜炎的88人次，多次和反复发作的腹膜炎16人38例次，其中复发性腹膜炎2例，腹膜炎重现2例，导管相关性腹膜炎3例。</text></sentence><sentence><infon key="sentnum">4</infon><offset>-1</offset><text>在103例送检的腹水标本中，培养阳性64例次，阳性率达62.14%。</text></sentence><sentence><infon key="sentnum">5</infon><offset>-1</offset><text>共分离出致病菌70株，其中革兰阳性细菌42株，革兰阴性细菌21株，真菌7株。</text></sentence><sentence><infon key="sentnum">6</infon><offset>-1</offset><text>主要的革兰阳性菌包括表皮葡萄球菌、粪肠球菌、溶血葡萄球菌；主要的革兰阴性菌包括大肠埃希菌、肺炎克雷伯菌、铜绿假单胞菌；真菌以白假丝酵母菌为主。</text></sentence><sentence><infon key="sentnum">7</infon><offset>-1</offset><text>革兰阳性菌对庆大霉素、左氧氟沙星、莫西沙星、万古霉素、利奈唑胺的耐药率分别为20.00%，36.11%，5.00%，0%，0%；革兰阴性菌对头孢哌酮/舒巴坦、庆大霉素、头孢唑啉、头孢他啶的耐药率分别为6.25%，10.53%，64.29%，15.38%，对亚胺培南、阿米卡星、哌拉西林/他唑巴坦的耐药率均为0%。</text></sentence><sentence><infon key="sentnum">8</infon><offset>-1</offset><text>结论：革兰阳性菌是CAPD相关性腹膜炎的主要致病菌，临床不仅应尽早开始经验性治疗，而且要考虑如何通过改善培养方法以提高阳性检出率；可以根据药敏结果调整用药，以促进患者CAPD相关性腹膜炎的治愈和腹膜功能的恢复。</text></sentence><sentence><infon key="sentnum">9</infon><offset>-1</offset><text>.</text></sentence></passage></document><document><id>doc48</id><passage><infon key="language">ZH</infon><infon key="section">abstract</infon><offset>-1</offset><sentence><infon key="sentnum">0</infon><offset>-1</offset><text>糖尿病（DM）是一种复杂的慢性病，它的多种并发症能够导致死亡率增加和 生活质量变差。</text></sentence><sentence><infon key="sentnum">1</infon><offset>-1</offset><text>目前的研究表明降低糖化血红蛋白（HbA1c）能够预防微血管 并发症。</text></sentence><sentence><infon key="sentnum">2</infon><offset>-1</offset><text>然而，随着更严格的血糖控制使HbA1c 低于6.5%，似乎死亡和心血 管事件的风险显著增加。</text></sentence><sentence><infon key="sentnum">3</infon><offset>-1</offset><text>当前全世界糖尿病管理的建议是 “权衡”风险和生活 质量（QOL），这是决定糖尿病管理成功或失败的关键组成部分。</text></sentence><sentence><infon key="sentnum">4</infon><offset>-1</offset><text>在亚洲， 糖尿病已经成为一个健康危机，但缺乏针对有很多种族、语言、宗教和社会经 济差异的亚洲人的生活质量评估工具。</text></sentence><sentence><infon key="sentnum">5</infon><offset>-1</offset><text>本综述讨论了过去十年糖尿病管理的发 展和亚洲糖尿病患者生活质量相关的问题。</text></sentence><sentence><infon key="sentnum">6</infon><offset>-1</offset><text>.</text></sentence></passage></document><document><id>doc49</id><passage><infon key="language">ZH</infon><infon key="section">abstract</infon><offset>-1</offset><sentence><infon key="sentnum">0</infon><offset>-1</offset><text>敏感加权成像是一种高分辨率、三维梯度回波、完全速度补偿的MR技术，它对磁化率不同的物质敏感，然而具有定量特点的重建敏感加权成像图，即定量磁敏感图(quantitative susceptibility mapping，QSM)，在钙、铁含量、微出血、静脉内血氧含量的变化监测的应用价值具有革命性意义。</text></sentence><sentence><infon key="sentnum">1</infon><offset>-1</offset><text>本文仅就QSM的原理及其在中枢神经系统中的最新应用进展进行综述。</text></sentence><sentence><infon key="sentnum">2</infon><offset>-1</offset><text>.</text></sentence></passage></document><document><id>doc55</id><passage><infon key="language">ZH</infon><infon key="section">abstract</infon><offset>-1</offset><sentence><infon key="sentnum">0</infon><offset>-1</offset><text>目的：评估分流手术在癌性脑膜病患者治疗中的价值。</text></sentence><sentence><infon key="sentnum">1</infon><offset>-1</offset><text>方法：回顾性分析5例采取分流手术治疗的癌性脑膜病患者的治疗经过。</text></sentence><sentence><infon key="sentnum">2</infon><offset>-1</offset><text>结果：5例患者颅内压得到了有效的控制，相关症状明显缓解。</text></sentence><sentence><infon key="sentnum">3</infon><offset>-1</offset><text>住院期间及随访期间未发现与分流手术相关的并发症。</text></sentence><sentence><infon key="sentnum">4</infon><offset>-1</offset><text>1例患者未实施分流手术，2月后死亡。</text></sentence><sentence><infon key="sentnum">5</infon><offset>-1</offset><text>结论：分流手术可有效缓解癌性脑膜病所致的颅内压增高，可减少因顽固性颅高压所致的死亡与残障，可提高癌症患者的生活质量。</text></sentence><sentence><infon key="sentnum">6</infon><offset>-1</offset><text>.</text></sentence></passage></document><document><id>doc56</id><passage><infon key="language">ZH</infon><infon key="section">abstract</infon><offset>-1</offset><sentence><infon key="sentnum">0</infon><offset>-1</offset><text>门静脉高压是肝硬化的主要表现之一，在其形成过程中，除解剖因素外，内脏血管床张力异常引起的高动力循环状态也起到重要作用。</text></sentence><sentence><infon key="sentnum">1</infon><offset>-1</offset><text>现就肝硬化时高动力循环的发生机制及其治疗策略进行总结，以期为临床治疗提供参考。</text></sentence><sentence><infon key="sentnum">2</infon><offset>-1</offset><text>.</text></sentence></passage></document><document><id>doc57</id><passage><infon key="language">ZH</infon><infon key="section">abstract</infon><offset>-1</offset><sentence><infon key="sentnum">0</infon><offset>-1</offset><text>黑曲霉作为重要的工业发酵菌株，被广泛用于多种有机酸和工业用酶的生产。</text></sentence><sentence><infon key="sentnum">1</infon><offset>-1</offset><text>随着组学技术的日益发展和成熟，黑曲霉的基因组、转录组、蛋白质组、代谢组等组学数据不断增长，宣告着黑曲霉生物过程研究大数据时代的到来。</text></sentence><sentence><infon key="sentnum">2</infon><offset>-1</offset><text>从单一组学的数据分析、多组学的比较到以基因组代谢网络模型为中心的多组学整合研究,人们对黑曲霉高效生产机制的理解不断深入和系统，这为通过遗传改造和过程调控对菌株的生产性能进行理性的全局优化提供了可能。</text></sentence><sentence><infon key="sentnum">3</infon><offset>-1</offset><text>本文回顾和总结了近年来黑曲霉的组学研究进展，并提出黑曲霉组学研究未来的发展方向。</text></sentence><sentence><infon key="sentnum">4</infon><offset>-1</offset><text>.</text></sentence></passage></document><document><id>doc59</id><passage><infon key="language">ZH</infon><infon key="section">abstract</infon><offset>-1</offset><sentence><infon key="sentnum">0</infon><offset>-1</offset><text>目的：观察大鼠血压变异性增加诱导的动脉粥样硬化发展中mimecan蛋白的表达变化，以及小鼠胸主动脉平滑肌细胞敲减mimecan蛋白对细胞增殖和迁移的影响。</text></sentence><sentence><infon key="sentnum">1</infon><offset>-1</offset><text>方法：动物实验共分为假手术组和模型组，每组8只。</text></sentence><sentence><infon key="sentnum">2</infon><offset>-1</offset><text>通过大鼠去窦弓神经手术建立血压变异性升高的动物模型，20周后采用检测的血流动力学指标对模型进行验证。</text></sentence><sentence><infon key="sentnum">3</infon><offset>-1</offset><text>胸主动脉进行石蜡切片后，通过免疫组织化学观察血管平滑肌组织的病理学改变及mimecan蛋白的表达变化。</text></sentence><sentence><infon key="sentnum">4</infon><offset>-1</offset><text>原代分离培养小鼠胸主动脉平滑肌细胞。</text></sentence><sentence><infon key="sentnum">5</infon><offset>-1</offset><text>使用小干扰RNA敲减细胞mimecan蛋白，通过5-乙炔基-2'-脱氧尿苷掺入试验观察其对于细胞增殖的改变，通过划痕损伤试验观察其对于细胞迁移的改变。</text></sentence><sentence><infon key="sentnum">6</infon><offset>-1</offset><text>结果：手术20周后，与假手术组相比，模型组大鼠血压变异性参数明显升高，证明模型建立成功。</text></sentence><sentence><infon key="sentnum">7</infon><offset>-1</offset><text>同时，血压变异性增加促进了模型组大鼠胸主动脉中血管平滑肌细胞的增殖与迁移，而mimecan蛋白的表达却显著降低。</text></sentence><sentence><infon key="sentnum">8</infon><offset>-1</offset><text>敲减小鼠血管平滑肌细胞中mimecan蛋白，能显著促进细胞的增殖和迁移。</text></sentence><sentence><infon key="sentnum">9</infon><offset>-1</offset><text>结论：Mimecan蛋白对血压变异性增加诱导的动脉粥样硬化的潜在发展有重要的保护作用，其作用机制可能是通过抑制血管平滑细胞的增殖和迁移而延缓动脉粥样硬化的进程。</text></sentence><sentence><infon key="sentnum">10</infon><offset>-1</offset><text>.</text></sentence></passage></document><document><id>doc61</id><passage><infon key="language">ZH</infon><infon key="section">abstract</infon><offset>-1</offset><sentence><infon key="sentnum">0</infon><offset>-1</offset><text>圆圈舞派生自民间舞蹈传统，现在风靡全球。</text></sentence><sentence><infon key="sentnum">1</infon><offset>-1</offset><text>本文探讨对于参与者而言它的意义所在。</text></sentence><sentence><infon key="sentnum">2</infon><offset>-1</offset><text>对来自英国圆圈舞群体的39名学员、教师和网络教师培训计划组织者进行了深入采访。</text></sentence><sentence><infon key="sentnum">3</infon><offset>-1</offset><text>应用建构基础理论法，建立了圆圈舞学员、教师和组织者这几个大类。</text></sentence><sentence><infon key="sentnum">4</infon><offset>-1</offset><text>本文集中讨论第一大类，这一类被称为“我不能想象生活中没有它”，涉及到22个舞者的经历。</text></sentence><sentence><infon key="sentnum">5</infon><offset>-1</offset><text>从休闲角度来看，研究揭示了参与者如何通过参加跳圆圈舞而产生一种意义感和满足感, 也揭示了这种休闲活动对人们福祉的潜在作用。</text></sentence><sentence><infon key="sentnum">6</infon><offset>-1</offset><text>.</text></sentence></passage></document><document><id>doc62</id><passage><infon key="language">ZH</infon><infon key="section">abstract</infon><offset>-1</offset><sentence><infon key="sentnum">0</infon><offset>-1</offset><text>筛查历来就是一把双刃剑。</text></sentence><sentence><infon key="sentnum">1</infon><offset>-1</offset><text>癌症筛查在给部分人带来收益的同时，也会给另一部分人带来过度诊断。</text></sentence><sentence><infon key="sentnum">2</infon><offset>-1</offset><text>过度诊断是对永远不会导致症状出现或威胁生命的癌症的诊断，由此可能造成被诊断者接受不必要的治疗及终身监测，进而造成不必要的经济负担以及身体和心理上的损害。</text></sentence><sentence><infon key="sentnum">3</infon><offset>-1</offset><text>如何正确评价过度诊断，以及如何根据过度诊断产生的原因，采取有针对性的措施来减少或避免过度诊断，将是乳腺癌筛查中需要深度思考的问题。</text></sentence><sentence><infon key="sentnum">4</infon><offset>-1</offset><text>本文在系统总结既往相关研究的基础上，详细阐述乳腺X线筛查乳腺癌引起过度诊断产生的原因、评价方法，以及避免过度诊断可采取的措施。</text></sentence><sentence><infon key="sentnum">5</infon><offset>-1</offset><text>.</text></sentence></passage></document><document><id>doc65</id><passage><infon key="language">ZH</infon><infon key="section">abstract</infon><offset>-1</offset><sentence><infon key="sentnum">0</infon><offset>-1</offset><text>龋病是严重危害人类口腔健康的主要疾病，具有发病率高，治疗率低，再治疗率高等特点。</text></sentence><sentence><infon key="sentnum">1</infon><offset>-1</offset><text>目前，充填修复术仍然是龋病临床治疗的主要方法。</text></sentence><sentence><infon key="sentnum">2</infon><offset>-1</offset><text>随着微创美学牙科理念的提出，如何合理应用各种治疗技术，最大限度地保存牙体组织，实现龋病治疗效果的最大化已成为口腔临床迫切需要解决的问题。</text></sentence><sentence><infon key="sentnum">3</infon><offset>-1</offset><text>此外，临床上还存在大量的陈旧修复体，这些修复体的再处理也亟待规范。</text></sentence><sentence><infon key="sentnum">4</infon><offset>-1</offset><text>本文就全身因素、口腔因素、个体龋病易患性、治疗技术和材料、陈旧修复体处理，以及技术敏感性等影响龋病临床治疗的难度因素进行分析，并提出针对性的处理策略。</text></sentence><sentence><infon key="sentnum">5</infon><offset>-1</offset><text>.</text></sentence></passage></document><document><id>doc68</id><passage><infon key="language">ZH</infon><infon key="section">abstract</infon><offset>-1</offset><sentence><infon key="sentnum">0</infon><offset>-1</offset><text>1959年开始的第1次全国性子宫脱垂普查普治，是加强劳动妇女保护的重要举措。</text></sentence><sentence><infon key="sentnum">1</infon><offset>-1</offset><text>在卫生部的指导下，各地政府广泛开展了包括调整劳动时间和强度在内的各种救助工作，并组织中西医进行了全面普查和集中治疗，取得一定的成效。</text></sentence><sentence><infon key="sentnum">2</infon><offset>-1</offset><text>各地充分挖掘中医疗法和方药，中医业者积极参与救助；限于当时医疗条件，手术治疗尚不普及，但医务人员不断探索适用于农村的术式，为此后的救治积累了宝贵的资料和经验。</text></sentence><sentence><infon key="sentnum">3</infon><offset>-1</offset><text>.</text></sentence></passage></document><document><id>doc69</id><passage><infon key="language">ZH</infon><infon key="section">abstract</infon><offset>-1</offset><sentence><infon key="sentnum">0</infon><offset>-1</offset><text>随着脂肪代谢性疾病的增多,有关脂肪细胞的体外研究成为近年来研究热点。</text></sentence><sentence><infon key="sentnum">1</infon><offset>-1</offset><text>3T3-L1前脂肪细胞系是建立成熟脂肪细胞模型最为常用的细胞系之一,但经典的脂肪细胞诱导方案存在转化率低、转化不均匀等问题。</text></sentence><sentence><infon key="sentnum">2</infon><offset>-1</offset><text>近年来,诸多学者通过改变诱导剂作用时间、增加新的诱导药物等方法,即改良诱导法,进行脂肪细胞模型的建立。</text></sentence><sentence><infon key="sentnum">3</infon><offset>-1</offset><text>本文主要从传统诱导法和改良诱导法两方面,总结了3T3-L1脂肪细胞诱导分化的研究进展。</text></sentence><sentence><infon key="sentnum">4</infon><offset>-1</offset><text>.</text></sentence></passage></document><document><id>doc70</id><passage><infon key="language">ZH</infon><infon key="section">abstract</infon><offset>-1</offset><sentence><infon key="sentnum">0</infon><offset>-1</offset><text>肝硬化是慢性肝病进展的严重时期，尤其失代偿期肝硬化及相关并发症，如腹水、食管胃静脉曲张出血、肝性脑病、急性肾损伤及肝细胞癌等，严重影响患者的生活质量、甚至危及生命。</text></sentence><sentence><infon key="sentnum">1</infon><offset>-1</offset><text>针对其发生发展的病因、致病机制早期防治可减缓或逆转肝硬化及其严重并发症的发生，一旦疾病进展至发生门静脉高压及相关并发症，针对不同并发症急性发作的预防措施的选择、急性期救治方法与时机的选择，是挽救患者生命与改善预后的重要策略。</text></sentence><sentence><infon key="sentnum">2</infon><offset>-1</offset><text>.</text></sentence></passage></document><document><id>doc71</id><passage><infon key="language">ZH</infon><infon key="section">abstract</infon><offset>-1</offset><sentence><infon key="sentnum">0</infon><offset>-1</offset><text>泛素-蛋白酶体系统（UPS）是体内广泛存在的一种蛋白酶体系统，由泛素（Ub）、泛素激活酶（E1）、泛素结合酶（E2）、泛素连接酶（E3）、26S蛋白酶体和去泛素化酶（DUBs）组成，能够调控体内蛋白降解。</text></sentence><sentence><infon key="sentnum">1</infon><offset>-1</offset><text>研究发现UPS除了蛋白降解功能以外，还参与细胞周期调控、免疫应答、信号传导以及DNA损伤修复等过程。</text></sentence><sentence><infon key="sentnum">2</infon><offset>-1</offset><text>精子发生要经历染色体联会、同源重组等过程，精子DNA在这些过程中易受干扰而出现损伤。</text></sentence><sentence><infon key="sentnum">3</infon><offset>-1</offset><text>近年来研究发现，UPS与精子发生当中的DNA损伤修复有关。</text></sentence><sentence><infon key="sentnum">4</infon><offset>-1</offset><text>UPS参与DNA损伤的修复机制包括：泛素化调节DNA损伤修复相关酶类、协助识别DNA损伤位点、募集损伤修复相关蛋白、启动DNA损伤修复途径、维持染色体稳定，从而保证精子发生正常进行。</text></sentence><sentence><infon key="sentnum">5</infon><offset>-1</offset><text>.</text></sentence></passage></document><document><id>doc73</id><passage><infon key="language">ZH</infon><infon key="section">abstract</infon><offset>-1</offset><sentence><infon key="sentnum">0</infon><offset>-1</offset><text>由于起源部位、细胞类型、基因突变形式的不同，肿瘤可表现出不同的形态。</text></sentence><sentence><infon key="sentnum">1</infon><offset>-1</offset><text>这些因素同时影响肿瘤的治疗效果。</text></sentence><sentence><infon key="sentnum">2</infon><offset>-1</offset><text>虽然已经证实许多基因的改变直接导致了表型的改变，然而，许多肿瘤谱系中复杂分子机制依然未完全阐明。</text></sentence><sentence><infon key="sentnum">3</infon><offset>-1</offset><text>因此，肿瘤基因组图谱（The Cancer Genome Atlas, TCGA）研究网络分析了大量人类肿瘤，以期发现DNA、RNA、蛋白质和表观遗传学水平的分子改变。</text></sentence><sentence><infon key="sentnum">4</infon><offset>-1</offset><text>含丰富数据的结果给我们提供了一个机会，对整个肿瘤谱系的共性、个性及新观点形成一个整体描绘。</text></sentence><sentence><infon key="sentnum">5</infon><offset>-1</offset><text>基因组图谱泛癌计划最先比较了12种肿瘤类型。</text></sentence><sentence><infon key="sentnum">6</infon><offset>-1</offset><text>对不同肿瘤分子改变及其功能的分析，未来会告诉我们如何将有效的治疗方法应用于类似基因表型的肿瘤。</text></sentence><sentence><infon key="sentnum">7</infon><offset>-1</offset><text>.</text></sentence></passage></document><document><id>doc74</id><passage><infon key="language">ZH</infon><infon key="section">abstract</infon><offset>-1</offset><sentence><infon key="sentnum">0</infon><offset>-1</offset><text>睡眠不足在成年人及青少年已成為普遍的現象，這伴隨著某些行為可能導致肥 胖。</text></sentence><sentence><infon key="sentnum">1</infon><offset>-1</offset><text>此研究目的為研究體重過重/肥胖及正常體位者的睡眠時間差異，以及睡 眠不足與肥胖、飲食攝取及體能活動的相關性。</text></sentence><sentence><infon key="sentnum">2</infon><offset>-1</offset><text>本橫斷性研究的研究對象來自 於居住在德黑蘭的226 名伊朗在職成人(109 名男性及117 名女性)，年齡介於 20 至55 歲。</text></sentence><sentence><infon key="sentnum">3</infon><offset>-1</offset><text>測量受訪者的體重、身高、腰臀圍，並計算其BMI。</text></sentence><sentence><infon key="sentnum">4</infon><offset>-1</offset><text>在面訪時使 用包含睡眠習慣心臟問卷(SHHQ)、國際體能活動問卷(IPAQ)及24 小時飲食回 憶問卷。</text></sentence><sentence><infon key="sentnum">5</infon><offset>-1</offset><text>研究對象依據WHO 標準(2000)被分類為正常體重(36.3%)或是體重過 重/肥胖(63.7%)。</text></sentence><sentence><infon key="sentnum">6</infon><offset>-1</offset><text>體重過重/肥胖者(凌晨00:32±00:62 就寢)比起正常體重者(夜 晚23:30±00:47 就寢及6.54±1.06 小時睡眠)顯著較晚睡覺，且有較短的睡眠時 間(5.37±1.1 小時)。</text></sentence><sentence><infon key="sentnum">7</infon><offset>-1</offset><text>睡眠時間則與熱量(r=0.174)、碳水化合物(r=0.154)及脂肪 (r=0.141)攝取量有顯著的直接相關性。</text></sentence><sentence><infon key="sentnum">8</infon><offset>-1</offset><text>這個研究亦發現，就寢時間每延後一小 時，體重過重或肥胖的機率則增加2.59 倍(95% CI=1.61-4.16)。</text></sentence><sentence><infon key="sentnum">9</infon><offset>-1</offset><text>此研究結果證 實，睡眠時間較短者較可能為體重過重或是肥胖；因此，肥胖的管理策略應同 時考量睡眠模式。</text></sentence></passage></document><document><id>doc78</id><passage><infon key="language">ZH</infon><infon key="section">abstract</infon><offset>-1</offset><sentence><infon key="sentnum">0</infon><offset>-1</offset><text>目的：利用转录介导的扩增技术(transcription mediated amplification，TMA) 扩增HIV RNA，探讨TMA 技术扩增HIV RNA的敏感性及其与实时荧光定量反转录聚合酶链反应的比较。</text></sentence><sentence><infon key="sentnum">1</infon><offset>-1</offset><text>方法：利用TaqMan探针、特异性引物、鼠白血病反转录酶、T7-RNA聚合酶及PCR底物等建立TMA 扩增体系。</text></sentence><sentence><infon key="sentnum">2</infon><offset>-1</offset><text>通过扩增一组10倍梯度稀释的HIV RNA转录标准品，评价TMA 体系的灵敏性。</text></sentence><sentence><infon key="sentnum">3</infon><offset>-1</offset><text>收集60例HIV感染患者的血浆，同时采用TMA试剂与Cobas Amplicor HIV-1 Monitor 1.5版试剂进行检测，比较两种方法的阳性检出率，并利用线性回归和Bland-Altman法分析两种技术的相关性和一致性。</text></sentence><sentence><infon key="sentnum">4</infon><offset>-1</offset><text>结果：成功建立了TMA 扩增体系，这种技术可以检测低至10 copies/mL 的HIV转录标准品。</text></sentence><sentence><infon key="sentnum">5</infon><offset>-1</offset><text>60份HIV感染者血浆样本中，TMA及Cobas均检测到阳性46 份，均阴性12份，TMA检测阴性而Cobas 检测阳性样本2份，检测一致率为96.7%。</text></sentence><sentence><infon key="sentnum">6</infon><offset>-1</offset><text>两种技术阳性检出率差异无统计学意义(P</text></sentence></passage></document><document><id>doc79</id><passage><infon key="language">ZH</infon><infon key="section">abstract</infon><offset>-1</offset><sentence><infon key="sentnum">0</infon><offset>-1</offset><text>目的：评估肾移植术后移植肾输尿管发生尿瘘及狭窄的发生率，寻找危险因素，以及使用膀胱肌瓣输尿管成型术治疗移植肾输尿管并发症的效果。</text></sentence><sentence><infon key="sentnum">1</infon><offset>-1</offset><text>方法：回顾性分析中南大学湘雅医院器官移植中心2010年1月至2015年1月完成的270例肾移植受者的临床数据和危险因素。</text></sentence><sentence><infon key="sentnum">2</infon><offset>-1</offset><text>治疗方式包括膀胱肌瓣输尿管成型术、输尿管膀胱再植术及内镜下放置DJ管等，并对手术方式及有效性进行分析。</text></sentence><sentence><infon key="sentnum">3</infon><offset>-1</offset><text>结果：肾移植术后移植肾输尿管尿瘘发生率为3.3%，危险因素为供者高龄(P</text></sentence></passage></document><document><id>doc81</id><passage><infon key="language">ZH</infon><infon key="section">abstract</infon><offset>-1</offset><sentence><infon key="sentnum">0</infon><offset>-1</offset><text>在突发自然灾害状况下，处于特殊生理状况的妇女，如妊娠、哺乳以及准备怀 孕的妇女已经被确认为营养缺乏的易感人群。</text></sentence><sentence><infon key="sentnum">1</infon><offset>-1</offset><text>本次调查的目的是评价汶川地震 一年后（2009年4月）灾区育龄妇女的贫血率和微量营养素的状况。</text></sentence><sentence><infon key="sentnum">2</infon><offset>-1</offset><text>该调查招 募了年龄在19-45岁的孕妇58例、乳母66例和育龄妇女242例，测定了全血中血 红蛋白、血清中铁蛋白和微量营养素的浓度。</text></sentence><sentence><infon key="sentnum">3</infon><offset>-1</offset><text>在孕妇、乳母和育龄妇女这三个 人群中，贫血率分别为29.1%、25.5%和28.8%；铁缺乏率分别为45.4%、49.0% 和52.9%；锌缺乏率分别为45.4%、23.0%和33.5%；各组维生素D缺乏和不足 的总和均超过了90%；维生素B12缺乏和边缘缺乏的合计分别为47.3%、17.7% 和35.7%。</text></sentence><sentence><infon key="sentnum">4</infon><offset>-1</offset><text>维生素A缺乏和边缘缺乏率，孕妇为1.8%和9.1%，乳母为6.1%和 15.2%，育龄妇女为8.6%和21.3%。</text></sentence><sentence><infon key="sentnum">5</infon><offset>-1</offset><text>本研究结果提示，灾区育龄妇女的微量营 养素营养状况较差，因此改善这些地区育龄妇女的微量营养素的状况应该是优 先考虑的问题。</text></sentence></passage></document><document><id>doc82</id><passage><infon key="language">ZH</infon><infon key="section">abstract</infon><offset>-1</offset><sentence><infon key="sentnum">0</infon><offset>-1</offset><text>急性激越和敌对是双相障碍和精神分裂症患者的常见症状。</text></sentence><sentence><infon key="sentnum">1</infon><offset>-1</offset><text>本综述中，我们讨论在双相障碍或精神分裂症患者中上述症状的发生率、临床评估策略、治疗方案以及目前国内外针对这些症状的治疗指南。</text></sentence><sentence><infon key="sentnum">2</infon><offset>-1</offset><text>在现有的方法中，有使用肌肉注射的抗精神病药物和最近获得批准的口服非典型抗精神病药物治疗双相障碍或精神分裂症住院患者的急性激越和敌对，我们详细讨论了支持这些方法的最新证据，并强调各个抗精神病药物之间的一些差异。</text></sentence><sentence><infon key="sentnum">3</infon><offset>-1</offset><text>.</text></sentence></passage></document><document><id>doc87</id><passage><infon key="language">ZH</infon><infon key="section">abstract</infon><offset>-1</offset><sentence><infon key="sentnum">0</infon><offset>-1</offset><text>本文提供了一个机会分享我在亚太地区工作，主要在世界卫生组织过去25 年 工作中营养学的变化。</text></sentence><sentence><infon key="sentnum">1</infon><offset>-1</offset><text>1988-89 通过意大利合作我帮助在中国四川成都启动儿 童营养中心。</text></sentence><sentence><infon key="sentnum">2</infon><offset>-1</offset><text>25 年前在中国城乡的营养问题，与该地区许多国家发现的问题 相似。</text></sentence><sentence><infon key="sentnum">3</infon><offset>-1</offset><text>与中国一样，在过去的二十年这些国家经历了经济的快速发展和健康 模式的变化。</text></sentence><sentence><infon key="sentnum">4</infon><offset>-1</offset><text>儿童营养的主要问题必须要做的事是婴幼儿喂养方法，该地区 很多妇女转向不母乳喂养婴儿：贫血、蛋白质能量营养不良和佝偻病频发。</text></sentence><sentence><infon key="sentnum">5</infon><offset>-1</offset><text>中国和其他国家是如何应对这些和其他营养问题？</text></sentence><sentence><infon key="sentnum">6</infon><offset>-1</offset><text>在20 世纪90 年代全球营 养界开始研究分析和解决营养问题的框架。</text></sentence><sentence><infon key="sentnum">7</infon><offset>-1</offset><text>1992 年，在第一届FAO/ WHO 国 际营养大会上，159 个国家展示了国家营养相关文件，并同意制定国家营养计 划。</text></sentence><sentence><infon key="sentnum">8</infon><offset>-1</offset><text>在2014 年，22 年之后，FAO 和WHO 再次邀请各国复审本国的营养状况 和计划。</text></sentence><sentence><infon key="sentnum">9</infon><offset>-1</offset><text>今天的流行病的情况大相径庭。</text></sentence><sentence><infon key="sentnum">10</infon><offset>-1</offset><text>许多亚太国家在经济发展取得了显 著成就进展，包括营养不良减少。</text></sentence><sentence><infon key="sentnum">11</infon><offset>-1</offset><text>要实现所制定的千年发展目标，现在有必 要缓解剩余营养不足的问题，减少社会阶层之间的不平等，而且还可以防止 和控制超重/肥胖和慢性非传染性疾病的日益严重的威胁。</text></sentence><sentence><infon key="sentnum">12</infon><offset>-1</offset><text>评估、监测和评估 计划以促进实现营养千年发展目标进度，现在要求不仅注重生物学的结果， 同时也应关注粮食安全、项目的过程和政策环境。</text></sentence></passage></document><document><id>doc88</id><passage><infon key="language">ZH</infon><infon key="section">abstract</infon><offset>-1</offset><sentence><infon key="sentnum">0</infon><offset>-1</offset><text>秋茄Kandelia obovata Sheue, Liu</text></sentence></passage></document><document><id>doc89</id><passage><infon key="language">ZH</infon><infon key="section">abstract</infon><offset>-1</offset><sentence><infon key="sentnum">0</infon><offset>-1</offset><text>我国大型人群队列研究方兴未艾，双生子作为一种特殊人群，由于其同时出生、共享母体的宫内环境和早期家庭环境的天然对照优势，可以进行匹配的队列研究，从而很好地控制年龄、性别（同性别双生子）、遗传（同卵双生子）或早期环境（共同抚养的双生子）所带来的混杂，为慢性复杂性疾病病因研究提供不可多得的良好资源。</text></sentence><sentence><infon key="sentnum">1</infon><offset>-1</offset><text>本文将就中国双生子队列的目标、现状、挑战与机遇进行简要介绍，着重呈现双生子不同于一般人群队列的特征。</text></sentence><sentence><infon key="sentnum">2</infon><offset>-1</offset><text>.</text></sentence></passage></document><document><id>doc92</id><passage><infon key="language">ZH</infon><infon key="section">abstract</infon><offset>-1</offset><sentence><infon key="sentnum">0</infon><offset>-1</offset><text>目的 在中国汉族人群中研究与2/3级紫杉醇介导的外周感觉神经病变(PSN)相关的单核苷酸基因多态性(SNP)位点及临床特点。</text></sentence><sentence><infon key="sentnum">1</infon><offset>-1</offset><text>方法 以2014年5月至2016年12月在北京协和医院接受紫杉醇方案化疗的216例患者为研究对象,提取外周血DNA,选取8个候选SNP位点,采用Sequenom-MassARRARYiPLEX平台测定基因型。</text></sentence><sentence><infon key="sentnum">2</infon><offset>-1</offset><text>依据美国国家癌症研究院-不良反应常见术语评定标准,由受训的临床医生完成患者随访及PSN分级。</text></sentence><sentence><infon key="sentnum">3</infon><offset>-1</offset><text>结果 共有209例患者最终纳入分析。</text></sentence><sentence><infon key="sentnum">4</infon><offset>-1</offset><text>在候选SNP位点中,仅rs4141404:A</text></sentence></passage></document><document><id>doc99</id><passage><infon key="language">ZH</infon><infon key="section">abstract</infon><offset>-1</offset><sentence><infon key="sentnum">0</infon><offset>-1</offset><text>目的：观察不同腹膜转运类型的持续性非卧床腹膜透析(continuous ambulatory peritoneal dialysis，CAPD)患者的临床特征，探讨影响腹膜转运功能的相关因素。</text></sentence><sentence><infon key="sentnum">1</infon><offset>-1</offset><text>方法：回顾性总结158例CAPD患者的临床资料，根据腹膜平衡试验评价患者的腹膜转运功能并将其分为高平均转运+高转运组(A组，n=84)和低平均转运+低转运组(B组，n=74)，并对两组患者的人口学资料、临床生物化学指标以及心血管并发症情况进行比较；应用logistic回归分析寻找影响患者腹膜转运功能的相关因素。</text></sentence><sentence><infon key="sentnum">2</infon><offset>-1</offset><text>结果：B组患者血清白蛋白(albumin，ALB)水平显著高于A组(P</text></sentence></passage></document></collection>