<?xml version="1.0" encoding="UTF-8"?><!DOCTYPE collection SYSTEM "BioC.dtd"><collection><source></source><date></date><key></key><document><id>doc1</id><passage><infon key="language">ES</infon><infon key="section">abstract</infon><offset>-1</offset><sentence><infon key="sentnum">0</infon><offset>-1</offset><text>ResumenEl género Mesoamericano del zigóptero 
   Amphipteryx incluye cuatro especies:</text></sentence></passage></document><document><id>doc3</id><passage><infon key="language">ES</infon><infon key="section">abstract</infon><offset>-1</offset><sentence><infon key="sentnum">0</infon><offset>-1</offset><text>La vitamina D se obtiene fundamentalmente a partir de la irradiación ultravioleta en la piel del 7-dehidrocolesterol para formar colecalciferol (vitamina D3) y mínimamente por la dieta, salvo que se tomen alimentos fortificados en vitamina D, fundamentalmente leche; en algunos países se emplea ergocalciferol (vitamina D2).</text></sentence><sentence><infon key="sentnum">1</infon><offset>-1</offset><text>En el hígado la vitamina D3 se hidroxila para formar 25-hidroxivitamina D3 (marcador del estatus nutricional corporal en vitamina D).</text></sentence><sentence><infon key="sentnum">2</infon><offset>-1</offset><text>La 25OHD3, se hidroxila para formar 1,25-dihidroxivitamina D3 (1,25OH)2D3 en el riñón, para controlar la homeostasis del calcio y la salud del hueso y en otras células o tejidos, mediante el estímulo del VDR, incluyendo piel, músculo, los sistemas cardiovascular e inmune, homeostasis de la glucosa, y proliferación celular en general; de tal manera, que alrededor del 3% del genoma humano está regulado por la hormona 1,25(OH)2 vitamina D3.</text></sentence><sentence><infon key="sentnum">3</infon><offset>-1</offset><text>Estudios de asociación describen acciones beneficiosas a nivel cardiovascular, hipertensión arterial, cáncer colorectal, de mama, esclerosis múltiple, función inmune e inflamación etc.</text></sentence><sentence><infon key="sentnum">4</infon><offset>-1</offset><text>Un objetivo mínimo irrenunciable, para la salud pública, debe ser conseguir niveles séricos de 25OHD superiores a 20 ng/ml, para asegurar un estatus óptimo para la salud ósea y preferiblemente mayor de 30 ng/ml, si nos proponemos alcanzar otros objetivos.</text></sentence><sentence><infon key="sentnum">5</infon><offset>-1</offset><text>“Paradójicamente” en España se da una elevada prevalencia de insuficiencia o incluso franca deficiencia de vitamina D en niños y jóvenes, persiste en adultos, en mujeres postmenopáusicas (osteoporóticas o no), o ancianos que viven en sus casas, y que es mayor si viven en residencias, con una variación estacional que apenas llega a normalizar los niveles séricos de 25OHD después del verano-otoño.</text></sentence><sentence><infon key="sentnum">6</infon><offset>-1</offset><text>También se ha demostrado una elevada prevalencia de niveles inadecuados de vitamina D en mujeres posmenopáusicas en tratamiento por osteoporosis con niveles de 25-hidroxivitamina D menores de 30 ng/ml y 20 ng/ml en el 63 y 30% respectivamente, lo que constituye un importante factor contribuyente a falta respuesta ósea al tratamiento.</text></sentence><sentence><infon key="sentnum">7</infon><offset>-1</offset><text>Una adecuación de niveles séricos de vitamina D, permitiría que la dieta proporcionara el calcio necesario para conseguir una buena salud ósea.</text></sentence><sentence><infon key="sentnum">8</infon><offset>-1</offset><text>Dada la dificultad para conseguir niveles adecuados de vitamina D por irradiación UV y por dieta, la suplementación adecuada de leche y derivados con vitamina D supone una atractiva posibilidad y un reto, para la Salud Pública de España y la Unión Europea, que ha dado excelentes resultados en EEUU, Canadá, Países de Norte de Europa, etc.</text></sentence></passage></document><document><id>doc5</id><passage><infon key="language">ES</infon><infon key="section">abstract</infon><offset>-1</offset><sentence><infon key="sentnum">0</infon><offset>-1</offset><text>La vertebroplastia representa una técnica mínimamente invasiva para el tratamiento de las fracturas osteoporóticas.</text></sentence><sentence><infon key="sentnum">1</infon><offset>-1</offset><text>Dentro de sus complicaciones se encuentra el embolismo pulmonar, el cuál puede cursar asintomático o con dificultad respiratoria, pudiendo ser constatado mediante radiografía o tomografía computada.</text></sentence><sentence><infon key="sentnum">2</infon><offset>-1</offset><text>En la actualidad no existen guías que indiquen la realización rutinaria de técnicas de imágenes posteriores a la vertebroplastia y en todas se acuerda en la necesidad de comenzar tratamiento anticoagulante por lo menos 3 meses aproximadamente con cumarínicos, en embolias sintomáticas o asintomáticas centrales .</text></sentence></passage></document><document><id>doc9</id><passage><infon key="language">ES</infon><infon key="section">abstract</infon><offset>-1</offset><sentence><infon key="sentnum">0</infon><offset>-1</offset><text>La administración oral de fármacos a la población pediátrica implica la preparación de fórmulas líquidas extemporáneas.</text></sentence><sentence><infon key="sentnum">1</infon><offset>-1</offset><text>Estas fórmulas tienen estudios de estabilidad fisicoquímica pero en muchas ocasiones carecen de estudios microbiológicos.</text></sentence><sentence><infon key="sentnum">2</infon><offset>-1</offset><text>El objetivo del estudio es comprobar la calidad microbiológica de cinco fórmulas orales líquidas, preparadas con diferentes excipientes, que representan mayoritariamente cinco combinaciones, en dos condiciones: conservadas sin abrir hasta el día del análisis y abriendo diariamente el envase multidosis.</text></sentence><sentence><infon key="sentnum">3</infon><offset>-1</offset><text>Se prepararon las fórmulas según los procedimientos normalizados de trabajo.</text></sentence><sentence><infon key="sentnum">4</infon><offset>-1</offset><text>La mitad del lote de cada fórmula se envasó en viales que estuvieron cerrados hasta el día del análisis y la otra mitad en un solo frasco que se abría diariamente.</text></sentence><sentence><infon key="sentnum">5</infon><offset>-1</offset><text>Tanto los viales como los frascos para el envasado estaban esterilizados previamente.</text></sentence><sentence><infon key="sentnum">6</infon><offset>-1</offset><text>El análisis microbiológico se realizó cada semana durante el primer mes de estudio y después cada dos semanas hasta llegar al periodo de caducidad.</text></sentence><sentence><infon key="sentnum">7</infon><offset>-1</offset><text>La calidad microbiológica de las fórmulas orales líquidas viene marcada por la Real Farmacopea Española.</text></sentence><sentence><infon key="sentnum">8</infon><offset>-1</offset><text>Se concluye que ninguna de las fórmulas elaboradas envasadas en contenedores esterilizados se contaminó ni en los viales cerrados ni en los frascos multidosis cuando se abrieron diariamente.</text></sentence></passage></document><document><id>doc11</id><passage><infon key="language">ES</infon><infon key="section">abstract</infon><offset>-1</offset><sentence><infon key="sentnum">0</infon><offset>-1</offset><text>La obesidad infantil constituye un grave problema de salud pública en México.</text></sentence><sentence><infon key="sentnum">1</infon><offset>-1</offset><text>De no revertir la problemática, rápidamente generará, además de graves problemas de salud, consecuencias económicas insostenibles para las instituciones de salud en nuestro país.</text></sentence><sentence><infon key="sentnum">2</infon><offset>-1</offset><text>En este artículo presentamos una revisión de algunos de los factores psicológicos, sociales y culturales que intervienen en la obesidad infantil y juvenil, como los aspectos culturales alrededor del proceso salud-enfermedad y, en particular, de la alimentación; el rol familiar y las prácticas que se generan en ese ámbito; los cambios en la actividad física, y los medios de comunicación.</text></sentence><sentence><infon key="sentnum">3</infon><offset>-1</offset><text>Se concluye que es de vital importancia tomar en consideración los aspectos psicológicos y culturales, así como a la familia en su conjunto, a fin de generar intervenciones y políticas públicas en el combate contra la obesidad.</text></sentence><sentence><infon key="sentnum">4</infon><offset>-1</offset><text>Otro aspecto que es de una importancia capital es la generación y la vigilancia efectiva de normativas en materia de publicidad alimentaria, en particular la dirigida a los niños, y en el etiquetado accesible a todo público de los productos comestibles.</text></sentence><sentence><infon key="sentnum">5</infon><offset>-1</offset><text>Es indispensable un trabajo interdisciplinario a fin de que se generen sinergias que nos ayuden a controlar la obesidad, para después poder revertir la obesidad infantil sin que olvidemos el papel de la prevención.</text></sentence></passage></document><document><id>doc12</id><passage><infon key="language">ES</infon><infon key="section">abstract</infon><offset>-1</offset><sentence><infon key="sentnum">0</infon><offset>-1</offset><text>El poroma ecrino o hidroacantoma simple, es una tumoración anexial benigna de células epiteliales, de rara presentación, con una incidencia de 0.001 a 0.008%1.</text></sentence><sentence><infon key="sentnum">1</infon><offset>-1</offset><text>En dos tercios partes de los pacientes se presenta en la planta y bordes laterales de los pies.</text></sentence><sentence><infon key="sentnum">2</infon><offset>-1</offset><text>Reportamos el caso de una paciente con Poroma ecrino pigmentado en piel abdominal, entidad de rara presentación con un sólo reporte en la literatura en esa ubicación.</text></sentence></passage></document><document><id>doc18</id><passage><infon key="language">ES</infon><infon key="section">abstract</infon><offset>-1</offset><sentence><infon key="sentnum">0</infon><offset>-1</offset><text>Una paciente de cuatro años concurrió a la Guardia por edemas e hipertensión arterial.</text></sentence><sentence><infon key="sentnum">1</infon><offset>-1</offset><text>Al momento del examen físico, se detectó disminución del pulso en el brazo izquierdo y ausente en los miembros inferiores, con diferencia de tensión arterial mayor de 10 mmHg entre los miembros superiores.</text></sentence><sentence><infon key="sentnum">2</infon><offset>-1</offset><text>Se realizó un ecocardiograma, en el que se observó coartación grave de la aorta a nivel abdominal y disfunción ventricular.</text></sentence><sentence><infon key="sentnum">3</infon><offset>-1</offset><text>Con la sospecha de arteritis de Takayasu, se completaron estudios con angiotomografía cardíaca, que confirmó una desconexión de la arteria subclavia izquierda y estrechez grave en la aorta abdominal.</text></sentence><sentence><infon key="sentnum">4</infon><offset>-1</offset><text>El diagnóstico definitivo fue de arteritis de Takayasu.</text></sentence><sentence><infon key="sentnum">5</infon><offset>-1</offset><text>Se realizó una angioplastía con estent por Hemodinamia en la aorta abdominal, con buenos resultados posteriores.</text></sentence><sentence><infon key="sentnum">6</infon><offset>-1</offset><text>Mejoraron los pulsos de los miembros inferiores, y se obtuvieron valores normales de la tensión arterial.</text></sentence><sentence><infon key="sentnum">7</infon><offset>-1</offset><text>En el ecocardiograma, mejoró la función ventricular, y el gradiente en la zona de coartación se redujo significativamente.</text></sentence></passage></document><document><id>doc20</id><passage><infon key="language">ES</infon><infon key="section">abstract</infon><offset>-1</offset><sentence><infon key="sentnum">0</infon><offset>-1</offset><text>La braquimetatarsia (acortamiento metatarsal) afecta directamente el arco transverso del pie condicionando graves deformidades como hallux valgus, divergencia digital, dedo supraaducto, metatarsalgia, todas estas alteran la biomecánica del pie y la marcha.</text></sentence><sentence><infon key="sentnum">1</infon><offset>-1</offset><text>El tratamiento se realiza mediante dos técnicas principales, elongación en un solo tiempo quirúrgico con interposición de injerto óseo o elongación por callotaxis con minifijador externo.</text></sentence><sentence><infon key="sentnum">2</infon><offset>-1</offset><text>Existen variantes de ambas técnicas con la finalidad de disminuir las desventajas de cada una de ellas.</text></sentence><sentence><infon key="sentnum">3</infon><offset>-1</offset><text>El objetivo del tratamiento debe ser devolver la armonía estructural del antepié, con lo que mejora la biomecánica, traduciéndose en una evolución satisfactoria para los pacientes.</text></sentence><sentence><infon key="sentnum">4</infon><offset>-1</offset><text>En este artículo se presenta una técnica quirúrgica para pies con fisis cerradas que busca la reestructuración de la fórmula metatarsal y el restablecimiento de la estética y función.</text></sentence><sentence><infon key="sentnum">5</infon><offset>-1</offset><text>En el caso reportado se efectuó alargamiento en un solo tiempo del metatarsiano afectado con interposición de injerto óseo, acortamiento a los metatarsianos adyacentes, corrección del hallux valgus realizando las osteotomías necesarias y el tratamiento de las deformidades de los dedos menores con los métodos requeridos para cada caso.</text></sentence><sentence><infon key="sentnum">6</infon><offset>-1</offset><text>Esta técnica quirúrgica tiene como ventaja la corrección de todo el antepié en un solo tiempo quirúrgico sin necesidad de fijador externo ni de sus cuidados postoperatorios.</text></sentence><sentence><infon key="sentnum">7</infon><offset>-1</offset><text>Sus principales desventajas son la dependencia del injerto óseo estructural y la necesidad de vendaje funcional postquirúrgico hasta la consolidación ósea.</text></sentence><sentence><infon key="sentnum">8</infon><offset>-1</offset><text>En la paciente tratada se obtuvieron resultados clínicos y radiográficos satisfactorios.</text></sentence></passage></document><document><id>doc22</id><passage><infon key="language">ES</infon><infon key="section">abstract</infon><offset>-1</offset><sentence><infon key="sentnum">0</infon><offset>-1</offset><text>Durante las últimas cinco décadas se han incrementado las prevalencias de sobrepeso/obesidad, inactividad física y/o baja capacidad cardiorrespiratoria en la población en edad escolar de diversas regiones del planeta, incluida la de Bogotá, Colombia.</text></sentence><sentence><infon key="sentnum">1</infon><offset>-1</offset><text>El objetivo general del estudio fue comparar la condición física y los niveles de actividad física de los estudiantes pertenecientes a dos programas curriculares de la red de colegios públicos de Bogotá, uno de los cuales incluye dos sesiones de actividad física a la semana de 90 minutos cada una.</text></sentence><sentence><infon key="sentnum">2</infon><offset>-1</offset><text>Se llevó a cabo un estudio de diferencia de grupos de corte transversal.</text></sentence><sentence><infon key="sentnum">3</infon><offset>-1</offset><text>Se evaluaron 178 niños del currículo regular y 170 pertenecientes al programa 40 x 40.</text></sentence><sentence><infon key="sentnum">4</infon><offset>-1</offset><text>La condición física se evaluó aplicando el protocolo de alta prioridad de la batería de test ALPHA -Fitness.</text></sentence><sentence><infon key="sentnum">5</infon><offset>-1</offset><text>Las medidas del peso, la talla, el perímetro de cintura, el salto de longitud, la fuerza prensil en ambas manos y la prueba de 20 metros ida y vuelta se realizaron en condiciones estandarizadas.</text></sentence><sentence><infon key="sentnum">6</infon><offset>-1</offset><text>Para evaluar los niveles de AF se utilizó la encuesta mundial de salud a escolares (GSHS).</text></sentence><sentence><infon key="sentnum">7</infon><offset>-1</offset><text>No se encontraron diferencias estadísticamente significativas entre el P-40x40 y el currículo regular en cuanto al peso, la talla, el índice de masa corporal, el perímetro de la cintura, la fuerza de prensión manual y la fuerza explosiva de los miembros inferiores.</text></sentence><sentence><infon key="sentnum">8</infon><offset>-1</offset><text>Sin embargo, la capacidad cardiorrespiratoria fue significativamente menor dentro del P-40x40.</text></sentence><sentence><infon key="sentnum">9</infon><offset>-1</offset><text>En conclusión, la participación en el programa curricular 40 x 40 no estuvo asociada a mejores niveles de condición física.</text></sentence></passage></document><document><id>doc24</id><passage><infon key="language">ES</infon><infon key="section">abstract</infon><offset>-1</offset><sentence><infon key="sentnum">0</infon><offset>-1</offset><text>La sarcoidosis es una enfermedad inflamatoria granulomatosa de etiología desconocida, evidenciada con mayor frecuencia en adultos jóvenes, que puede comprometer diversos órganos, principalmente, el pulmón, los ganglios linfáticos, los ojos y la piel.</text></sentence><sentence><infon key="sentnum">1</infon><offset>-1</offset><text>La presencia de dicha enfermedad enla población pediátrica es poco frecuente y su denominación en pediatría se realiza basada en la edad y las manifestaciones clínicas del paciente.</text></sentence><sentence><infon key="sentnum">2</infon><offset>-1</offset><text>El objetivo del siguiente reporte es presentar un caso de sarcoidosis sistémica en un paciente adolescente sin compromiso pulmonar, con manifestaciones extrapulmonares graves.</text></sentence><sentence><infon key="sentnum">3</infon><offset>-1</offset><text>Se trata de un paciente de 15 años, quien debutó con síntomas inespecíficos (emesis, pérdida de peso).</text></sentence><sentence><infon key="sentnum">4</infon><offset>-1</offset><text>Estudios radiológicos, sin compromiso pulmonar aparente; sin embargo, con presencia de hallazgos sugestivos de histiocitosis de células de Langerhans.</text></sentence><sentence><infon key="sentnum">5</infon><offset>-1</offset><text>Se realizó un estudio histopatológico de componente óseo y linfático, cuyo resultado evidenció la presencia de una enfermedad granulomatosa crónica no necrotizante tipo sarcoidosis.</text></sentence><sentence><infon key="sentnum">6</infon><offset>-1</offset><text>La sarcoidosis infantil es una entidad rara y difícil de diagnosticar, dada, principalmente, la ausencia de biomarcadores específicos para su diagnóstico.</text></sentence></passage></document><document><id>doc27</id><passage><infon key="language">ES</infon><infon key="section">abstract</infon><offset>-1</offset><sentence><infon key="sentnum">0</infon><offset>-1</offset><text>ResumenEn México se han encontrado seis especies del género 
   Stethantyx Townes.</text></sentence><sentence><infon key="sentnum">1</infon><offset>-1</offset><text>Se describe la especie</text></sentence></passage></document><document><id>doc28</id><passage><infon key="language">ES</infon><infon key="section">abstract</infon><offset>-1</offset><sentence><infon key="sentnum">0</infon><offset>-1</offset><text>Con estas líneas, queremos reflejar las limitaciones que tiene el uso de la estadística con pequeños volúmenes de muestra, algo habitual en nuestras series y los errores más habituales que se cometen por interpretación errónea de la p. Planteamos como conclusión una serie de recomendaciones en base a un estudio simulado.</text></sentence></passage></document><document><id>doc29</id><passage><infon key="language">ES</infon><infon key="section">abstract</infon><offset>-1</offset><sentence><infon key="sentnum">0</infon><offset>-1</offset><text>En determinadas situaciones podemos encontrar dificultades a la hora de calcular prevalencias en algunas poblaciones.</text></sentence><sentence><infon key="sentnum">1</infon><offset>-1</offset><text>Es el caso de personas que tienen comportamientos que son difíciles de identificar debido a que pueden estar sancionados socialmente o ser ilegales.</text></sentence><sentence><infon key="sentnum">2</infon><offset>-1</offset><text>Es lo que llamamos poblaciones ocultas.</text></sentence><sentence><infon key="sentnum">3</infon><offset>-1</offset><text>Este artículo proporciona una revisión crítica de los métodos más utilizados para calcular el tamaño de una población de difícil acceso.</text></sentence><sentence><infon key="sentnum">4</infon><offset>-1</offset><text>Se trata de métodos indirectos, que estiman la prevalencia de una población oculta basándose en fuentes de datos incompletas.</text></sentence><sentence><infon key="sentnum">5</infon><offset>-1</offset><text>Se exponen diferentes métodos, cada uno de ellos tiene diferentes indicaciones para ser utilizado, dependiendo de los datos de los que dispongamos.</text></sentence><sentence><infon key="sentnum">6</infon><offset>-1</offset><text>Además, precisan de una serie de requisitos para poder ser aplicados y cada uno está expuesto a diferentes tipos de sesgos.</text></sentence><sentence><infon key="sentnum">7</infon><offset>-1</offset><text>Por estos motivos, hay que valorar correctamente los datos disponibles para aplicar el método más preciso, y si fuese posible, utilizar simultáneamente varios métodos para poder comparar los resultados obtenidos, además de valorar críticamente los resultados y comprobar si se ajustan a la realidad.</text></sentence></passage></document><document><id>doc33</id><passage><infon key="language">ES</infon><infon key="section">abstract</infon><offset>-1</offset><sentence><infon key="sentnum">0</infon><offset>-1</offset><text>Editorial del Vol 29-3.</text></sentence></passage></document><document><id>doc35</id><passage><infon key="language">ES</infon><infon key="section">abstract</infon><offset>-1</offset><sentence><infon key="sentnum">0</infon><offset>-1</offset><text>El diagnóstico tradicional de la alergia mediante pruebas por punción, RAST, o ambas, ofrece información muy limitada respecto a la auténtica naturaleza de los problemas alérgicos y de sus implicaciones clínicas, terapéuticas y de pronóstico.</text></sentence><sentence><infon key="sentnum">1</infon><offset>-1</offset><text>El diagnóstico por componentes alergénicos (naturales o recombinantes) supone un gran salto cualitativo que está permitiendo gran mejoría en el diagnóstico y tratamiento de los pacientes alérgicos, porque su uso concomitante con la historia clínica y otros métodos diagnósticos in vivo e in vitro mejora de manera relevante la precisión diagnóstica.</text></sentence></passage></document><document><id>doc37</id><passage><infon key="language">ES</infon><infon key="section">abstract</infon><offset>-1</offset><sentence><infon key="sentnum">0</infon><offset>-1</offset><text>La intoxicación aguda por plomo no es una patología que con frecuencia vemos en el consultorio de pediatría.</text></sentence><sentence><infon key="sentnum">1</infon><offset>-1</offset><text>Los síntomas por intoxicación por plomo pueden ser digestivos o neurológicos, y, muchas veces, se puede confundir con otras patologías.</text></sentence><sentence><infon key="sentnum">2</infon><offset>-1</offset><text>De ahí, la importancia de tener presente y pensar en esta patología y, ante la alta sospecha, pedir estudios complementarios que confirmen la intoxicación por plomo.</text></sentence><sentence><infon key="sentnum">3</infon><offset>-1</offset><text>Este es el caso de un niño de 9 años, que consulta por dolor abdominal agudo acompañado de vómitos.</text></sentence><sentence><infon key="sentnum">4</infon><offset>-1</offset><text>Luego de realizar un minucioso examen físico y una detallada anamnesis, se tiene una alta sospecha diagnóstica de intoxicación “aguda” por plomo, motivo por el cual se interna.</text></sentence><sentence><infon key="sentnum">5</infon><offset>-1</offset><text>Después de tomar una muestra venosa para confirmar el nivel de plomo, se realiza un tratamiento con quelante, bajo la supervisión de un especialista en toxicología.</text></sentence></passage></document><document><id>doc38</id><passage><infon key="language">ES</infon><infon key="section">abstract</infon><offset>-1</offset><sentence><infon key="sentnum">0</infon><offset>-1</offset><text>La hemofilia es una enfermedad genética en la que las manifestaciones clínicas consisten básicamente en la presencia de hemorragias.</text></sentence><sentence><infon key="sentnum">1</infon><offset>-1</offset><text>Se conocen dos tipos de hemofilia: A y B, las cuales se originan por la deficiencia de los factores VIII y IX de la coagulación, respectivamente.</text></sentence><sentence><infon key="sentnum">2</infon><offset>-1</offset><text>La intensidad de la hemorragia en la hemofilia depende de los niveles plasmáticos del factor VIII o IX y tradicionalmente se ha clasificado como leve (</text></sentence></passage></document><document><id>doc42</id><passage><infon key="language">ES</infon><infon key="section">abstract</infon><offset>-1</offset><sentence><infon key="sentnum">0</infon><offset>-1</offset><text>La otitis media aguda es una de las enfermedades infecciosas más comunes diagnosticadas en niños.</text></sentence><sentence><infon key="sentnum">1</infon><offset>-1</offset><text>Con respecto a su tratamiento, el uso de antibióticos sigue siendo controvertido.</text></sentence><sentence><infon key="sentnum">2</infon><offset>-1</offset><text>Utilizando la base de datos Epistemonikos, la cual es mantenida mediante búsquedas en 30 bases de datos, identificamos seis revisiones sistemáticas que en conjunto incluyen 18 estudios clínicos aleatorizados.</text></sentence><sentence><infon key="sentnum">3</infon><offset>-1</offset><text>Realizamos un metanálisis y tablas de resumen de los resultados utilizando el método GRADE.</text></sentence><sentence><infon key="sentnum">4</infon><offset>-1</offset><text>Concluimos que los antibióticos disminuyen el dolor a las 48-72 horas y reducen el riesgo de perforación timpánica en niños con otitis media aguda, sin embargo no disminuyen el riesgo de recurrencia tardía y aumentan el riesgo de efectos adversos (rash, vómitos y diarrea).</text></sentence></passage></document><document><id>doc43</id><passage><infon key="language">ES</infon><infon key="section">abstract</infon><offset>-1</offset><sentence><infon key="sentnum">0</infon><offset>-1</offset><text>La necesidad de utilizar las guías de práctica clínica (GPC) surge de las condiciones y problemáticas de salud a las que se enfrentan las instituciones públicas de salud del país.</text></sentence><sentence><infon key="sentnum">1</infon><offset>-1</offset><text>Las GPC constituyen documentos informativos que contribuyen a mejorar la calidad de los procesos de atención y la seguridad del paciente; teniendo entre sus objetivos, reducir la variabilidad de la práctica médica.</text></sentence><sentence><infon key="sentnum">2</infon><offset>-1</offset><text>El Instituto Mexicano del Seguro Social diseñó un plan estratégico para la difusión, implementación, monitorización y control de GPC, a fin de instituir un modelo aplicable en las unidades médicas en los tres niveles de atención del Instituto.</text></sentence><sentence><infon key="sentnum">3</infon><offset>-1</offset><text>En este documento se resumen algunas de las estrategias del plan que fueron elaboradas con el conocimiento y experiencia de clínicos y gestores, con las que, se pretende impulsar la adopción de las recomendaciones clave de las guías y promover el sentido de pertenencia del personal de la salud, así como favorecer cambios en la cultura organizacional.</text></sentence></passage></document><document><id>doc44</id><passage><infon key="language">ES</infon><infon key="section">abstract</infon><offset>-1</offset><sentence><infon key="sentnum">0</infon><offset>-1</offset><text>El objetivo de este estudio fue describir las características antropométricas y el nivel de condición física de preescolares chilenos de bajo nivel socioeconómico y examinar si el estado ponderal influye en el rendimiento de los niños en las pruebas de condición física.</text></sentence><sentence><infon key="sentnum">1</infon><offset>-1</offset><text>Un total de 434 preescolares (246 niños; 5,48 ± 0,31 años) participaron en nuestro estudio.</text></sentence><sentence><infon key="sentnum">2</infon><offset>-1</offset><text>Antropometría (peso, talla, índice de masa corporal –IMC– y perímetro de cintura) y tests de condición física (test de fuerza de prensión manual, test de salto de longitud y 20 m sprint) fueron evaluados por nutricionistas entrenados y profesores de educación física, respectivamente.</text></sentence><sentence><infon key="sentnum">3</infon><offset>-1</offset><text>Se encontraron diferencias significativas en antropometría y tests de condición física entre niños y niñas.</text></sentence><sentence><infon key="sentnum">4</infon><offset>-1</offset><text>La prevalencia de sobrepeso fue mayor en las niñas; en contraste con la de la obesidad.</text></sentence><sentence><infon key="sentnum">5</infon><offset>-1</offset><text>En comparación con los preescolares con normopeso, los niños y niñas con sobrepeso/obesidad pesaron más y tuvieron mayor perímetro de cintura (P</text></sentence></passage></document><document><id>doc45</id><passage><infon key="language">ES</infon><infon key="section">abstract</infon><offset>-1</offset><sentence><infon key="sentnum">0</infon><offset>-1</offset><text>ResumenSe reporta el descubrimiento de tres especies nuevas de serpientes 
   Synophis de las estribaciones orientales de los Andes tropicales en Ecuador y Perú.</text></sentence><sentence><infon key="sentnum">1</infon><offset>-1</offset><text>Todos los registros previos de</text></sentence></passage></document><document><id>doc54</id><passage><infon key="language">ES</infon><infon key="section">abstract</infon><offset>-1</offset><sentence><infon key="sentnum">0</infon><offset>-1</offset><text>El tiempo de clampeo del cordón umbilical ocasionó múltiples controversias, al menos, desde hace más de 200 años.</text></sentence><sentence><infon key="sentnum">1</infon><offset>-1</offset><text>En las últimas décadas, predominó marcadamente la práctica del clampeo temprano (primeros 15 segundos).</text></sentence><sentence><infon key="sentnum">2</infon><offset>-1</offset><text>Recién en este siglo, investigaciones aleatorizadas controladas mostraron los beneficios del clampeo demorado del cordón (de 2 a 3 minutos).</text></sentence><sentence><infon key="sentnum">3</infon><offset>-1</offset><text>Esta práctica fue instalada en la asistencia obstétrica por las recomendaciones de sociedades científicas y de las revisiones sistemáticas, que señalaron las sólidas evidencias que apoyaban esta conducta en neonatos de término.</text></sentence><sentence><infon key="sentnum">4</infon><offset>-1</offset><text>En esta revisión, se describen los factores más relevantes que sustentan la aplicación del clampeo demorado del cordón en recién nacidos de término.</text></sentence><sentence><infon key="sentnum">5</infon><offset>-1</offset><text>Se destaca el esencial rol que juegan los mecanismos fisiológicos, que, sin duda, nos llevan a comprender los beneficios de esta práctica y nos enseñan a respetar lo que la naturaleza ha determinado.</text></sentence><sentence><infon key="sentnum">6</infon><offset>-1</offset><text>Asimismo, se abordan otros importantes aspectos que también apoyan el empleo del clampeo demorado.</text></sentence></passage></document><document><id>doc56</id><passage><infon key="language">ES</infon><infon key="section">abstract</infon><offset>-1</offset><sentence><infon key="sentnum">0</infon><offset>-1</offset><text>El cáncer es una de las pandemias más relevantes.</text></sentence><sentence><infon key="sentnum">1</infon><offset>-1</offset><text>Existe una clara predominancia de esta patología con características epidemiológicas entre países en vías de desarrollo y países desarrollados.</text></sentence><sentence><infon key="sentnum">2</infon><offset>-1</offset><text>Es necesario diseñar estrategias de tratamiento y profilaxis efectivas, de bajo costo y mínimos efectos secundarios.</text></sentence><sentence><infon key="sentnum">3</infon><offset>-1</offset><text>El presente trabajo se enfoca en una breve revisión de las investigaciones que han dado luz del gran potencial que albergan las plantas, destacando aquellas realizadas en y con plantas de Latinoamérica considerando que es un universo de estudio aún incipiente.</text></sentence><sentence><infon key="sentnum">4</infon><offset>-1</offset><text>La gran batería de compuestos orgánicos y otras sustancias como proteínas indican que siguen siendo una alternativa confiable en la búsqueda de nuevos actores en la batalla contra el cáncer.</text></sentence></passage></document><document><id>doc58</id><passage><infon key="language">ES</infon><infon key="section">abstract</infon><offset>-1</offset><sentence><infon key="sentnum">0</infon><offset>-1</offset><text>En las últimas tres décadas, la prevalencia de obesidad en los países desarrollados ha alcanzado dimensiones epidémicas y continua en aumento 1.</text></sentence><sentence><infon key="sentnum">1</infon><offset>-1</offset><text>Existen múltiples factores que influyen en la incidencia de obesidad, y junto con el descenso de actividad física ,el exceso de ingesta, juega un papel preponderante en la aparición de este problema de salud pública 2.</text></sentence><sentence><infon key="sentnum">2</infon><offset>-1</offset><text>Aunque existe una clara relación entre la ingesta de grasas y la ganancia de peso, el papel de los carbohidratos y más concretamente el de la sacarosa en el desarrollo de obesidad es más controvertido.</text></sentence><sentence><infon key="sentnum">3</infon><offset>-1</offset><text>Gran parte de esta controversia se debe a la creciente demanda de bebidas azucaradas y al posible incremento calórico en la dieta asociado a su consumo.</text></sentence><sentence><infon key="sentnum">4</infon><offset>-1</offset><text>A pesar de la publicación de múltiples estudios y comunicaciones a este respecto en los últimos años, siguen existiendo numerosas incógnitas acerca del papel que juegan las dietas ricas en azúcares en el incremento de incidencia y prevalencia de obesidad en los últimos años.</text></sentence></passage></document><document><id>doc59</id><passage><infon key="language">ES</infon><infon key="section">abstract</infon><offset>-1</offset><sentence><infon key="sentnum">0</infon><offset>-1</offset><text>La anticoagulación oral constituye el tratamiento estándar para la prevención de accidentes vasculares encefálicos en la mayoría de los pacientes con fibrilación auricular.</text></sentence><sentence><infon key="sentnum">1</infon><offset>-1</offset><text>Sin embargo, conlleva un riesgo importante de sangrado, por lo que han aparecido nuevas alternativas terapéuticas, como el cierre percutáneo de la orejuela de la aurícula izquierda.</text></sentence><sentence><infon key="sentnum">2</infon><offset>-1</offset><text>No existe claridad sobre si este procedimiento es comparable a la terapia convencional con tratamiento anticoagulante.</text></sentence><sentence><infon key="sentnum">3</infon><offset>-1</offset><text>Utilizando la base de datos Epistemonikos, la cual es mantenida mediante búsquedas en 30 bases de datos, identificamos tres revisiones sistemáticas que incluyen sólo un estudio aleatorizado pertinente.</text></sentence><sentence><infon key="sentnum">4</infon><offset>-1</offset><text>Realizamos un resumen de los resultados utilizando el método GRADE.</text></sentence><sentence><infon key="sentnum">5</infon><offset>-1</offset><text>Se concluye que el cierre percutáneo de la orejuela de la aurícula izquierda podría disminuir el número total de accidentes vasculares y la mortalidad, pero la certeza de la evidencia es baja.</text></sentence><sentence><infon key="sentnum">6</infon><offset>-1</offset><text>Existe incertidumbre sobre su efecto sobre otros desenlaces porque la certeza de la evidencia es muy baja.</text></sentence></passage></document><document><id>doc63</id><passage><infon key="language">ES</infon><infon key="section">abstract</infon><offset>-1</offset><sentence><infon key="sentnum">0</infon><offset>-1</offset><text>Se argumenta la necesidad de incluir en la Terminología Anatómica Internacional el término "
   línea umbilico-espinosa" por su importancia como referente morfológico en la anatomía bioscópica y de superficie.</text></sentence><sentence><infon key="sentnum">1</infon><offset>-1</offset><text>Además, con el propósito de evitar la utilización de epónimos, se sugiere que el tradicional término "</text></sentence></passage></document><document><id>doc64</id><passage><infon key="language">ES</infon><infon key="section">abstract</infon><offset>-1</offset><sentence><infon key="sentnum">0</infon><offset>-1</offset><text>Shewanella putrefaciens es un bacilo Gram negativo, patógeno marino que rara vez ocasiona enfermedad en humanos.</text></sentence><sentence><infon key="sentnum">1</infon><offset>-1</offset><text>Se presenta un caso de osteomielitis por este microorganismo en un paciente varón de 48 años, procedente de Chimbote.</text></sentence><sentence><infon key="sentnum">2</infon><offset>-1</offset><text>Presentó dolor y eritema en el pie derecho, inicialmente diagnosticado como celulitis, pero que no revirtió pese al tratamiento.</text></sentence><sentence><infon key="sentnum">3</infon><offset>-1</offset><text>Fue transferido a Lima donde se diagnosticó osteomielitis e inició tratamiento empírico con escasa mejoría.</text></sentence><sentence><infon key="sentnum">4</infon><offset>-1</offset><text>Por ello, se realizó una biopsia y cultivo de la zona comprometida, el metatarso, en el cual se aisló Shewanella putrefaciens.</text></sentence><sentence><infon key="sentnum">5</infon><offset>-1</offset><text>Se trató de acuerdo al perfil de sensibilidad.</text></sentence><sentence><infon key="sentnum">6</infon><offset>-1</offset><text>La infección por Shewanella putrefaciens representa una rara infección oportunista, que se localiza en áreas desvitalizadas o expuestas del cuerpo.</text></sentence><sentence><infon key="sentnum">7</infon><offset>-1</offset><text>Se asocia a vivir en zonas costeras, afectando comúnmente piel y tejidos blandos.</text></sentence><sentence><infon key="sentnum">8</infon><offset>-1</offset><text>Se han reportado casos excepcionales de osteomielitis.</text></sentence><sentence><infon key="sentnum">9</infon><offset>-1</offset><text>Este es el primero que involucra metatarso.</text></sentence></passage></document><document><id>doc66</id><passage><infon key="language">ES</infon><infon key="section">abstract</infon><offset>-1</offset><sentence><infon key="sentnum">0</infon><offset>-1</offset><text>Resumen
   Hemibryconsanjuanensis, ﻿nueva especie, se describe de la cuenca alta del Rio San Juan, vertiente Pacifico, Colombia.</text></sentence><sentence><infon key="sentnum">1</infon><offset>-1</offset><text>Este se distingue de</text></sentence></passage></document><document><id>doc67</id><passage><infon key="language">ES</infon><infon key="section">abstract</infon><offset>-1</offset><sentence><infon key="sentnum">0</infon><offset>-1</offset><text>El consumo crónico de benzodiacepinas es un hecho cada vez más frecuente en nuestro país a pesar de que la eficacia a largo plazo es escasa y los efectos adversos notables.</text></sentence><sentence><infon key="sentnum">1</infon><offset>-1</offset><text>Haciendo incapié en los efectos sobre la cognición, tema todavía en debate, presentamos un caso de deterioro cognitivo asociado a consumo crónico de hipno-sedantes benzodiacepínicos y la mejoría clínica y de las pruebas neuropsicológicas tras su retirada.</text></sentence><sentence><infon key="sentnum">2</infon><offset>-1</offset><text>Creemos así mismo necesaria la concienciación del personal sanitario para el empleo adecuado de dichos fármacos y así disminuir las consecuencias a largo plazo de los mismos y con ello mejorar la calidad de vida y funcionalidad de nuestros pacientes.</text></sentence></passage></document><document><id>doc70</id><passage><infon key="language">ES</infon><infon key="section">abstract</infon><offset>-1</offset><sentence><infon key="sentnum">0</infon><offset>-1</offset><text>La salud mental y las enfermedades psiquiátricas siempre han tenido la atención de la población y las autoridades sanitarias, debido al desconocimiento en torno a ellas, la visión mágica y temor religioso que suscitan.</text></sentence><sentence><infon key="sentnum">1</infon><offset>-1</offset><text>Ambas han desempeñado un papel relevante en la historia de la humanidad, de la salud pública y de los médicos.</text></sentence><sentence><infon key="sentnum">2</infon><offset>-1</offset><text>Los lugares para la atención de los pacientes con padecimientos psiquiátricos siempre han tenido un lugar relevante y de interés histórico, porque mediante el conocimiento histórico se pueden identificar los enfoques de la ciencia y las políticas sanitarias prevalentes en cada época.</text></sentence><sentence><infon key="sentnum">3</infon><offset>-1</offset><text>A principios del siglo XX se desarrolló un nuevo modelo de atención hospitalaria en México para la atención de pacientes psiquiátricos; un ejemplo de ese modelo es la Casa de Salud San Juan de Dios para Pacientes Alienados, que desde el nombre evoca un enfoque social y cultural.</text></sentence><sentence><infon key="sentnum">4</infon><offset>-1</offset><text>El presente artículo expone una descripción cronológica de una de las principales instituciones dedicadas a la atención de la salud mental en México.</text></sentence><sentence><infon key="sentnum">5</infon><offset>-1</offset><text>De igual manera, presenta una reseña de los acontecimientos que afectaron a la orden religiosa San Juan de Dios en el periodo que comprende los años 1901 al 2012, lapso en que se reinstaló la orden hospitalaria en México y se instituyó La Casa de Salud San Juan de Dios para Enfermos Alienados en la villa de Zapopan, Jalisco, institución que subsiste hasta nuestros días y continúa siendo partícipe de la atención de la salud mental en el estado de Jalisco, con la denominación actual de San Juan de Dios Servicios de Salud.</text></sentence></passage></document><document><id>doc73</id><passage><infon key="language">ES</infon><infon key="section">abstract</infon><offset>-1</offset><sentence><infon key="sentnum">0</infon><offset>-1</offset><text>Implementar un protocolo de soporte nutricional en cuidados críticos es un proceso complejo y dinámico que envuelve el uso de evidencia, uso de programas y monitoreo constante.</text></sentence><sentence><infon key="sentnum">1</infon><offset>-1</offset><text>Para facilitar esta tarea desarrollamos una herramienta nemotécnica llamada el FAST HUG (“Abrazo Rápido” en español) Nutricional (F: feeding, A: analgesia, S: stools, T: trace elements, H: head of bed, U: ulcers, G: glucose control) con un proceso también desarrollado internamente (ambos modificados de la nemotecnia propuesta por Jean Louis Vincent) llamada MIAR (M: measure, I: interpret, A: act, R: reanalysis) mostrando una forma fácil de realizar las visitas médicas en la unidad de cuidados intensivos usando un proceso sistemático.</text></sentence></passage></document><document><id>doc74</id><passage><infon key="language">ES</infon><infon key="section">abstract</infon><offset>-1</offset><sentence><infon key="sentnum">0</infon><offset>-1</offset><text>El propósito de este estudio es presentar la casuística del carcinoma mucoepidermoide de glándulas salivales de pacientes diagnosticados en el Instituto Nacional de Enfermedades Neoplásicas “Dr. Eduardo Cáceres Graziani” Lima, Perú, desde el 2002 hasta el 2012.</text></sentence><sentence><infon key="sentnum">1</infon><offset>-1</offset><text>Realizamos un estudio retrospectivo en el cual fueron incluidos sujetos con diagnóstico primario de carcinoma mucoepidermoide en glándulas salivales.</text></sentence><sentence><infon key="sentnum">2</infon><offset>-1</offset><text>Entre enero de 2002 y diciembre de 2012, se registraron 51 casos.</text></sentence><sentence><infon key="sentnum">3</infon><offset>-1</offset><text>El número de pacientes de sexo femenino fue mayor, con 28 casos (54,9%) y con respecto a la distribución por edades, el 33,3% de los pacientes eran menores de 30 años de edad.</text></sentence><sentence><infon key="sentnum">4</infon><offset>-1</offset><text>El dolor fue uno de los síntomas principales.</text></sentence><sentence><infon key="sentnum">5</infon><offset>-1</offset><text>El 74,5% de los carcinomas mucoepidermoides se localizaron en la glándula parótida.</text></sentence><sentence><infon key="sentnum">6</infon><offset>-1</offset><text>De los hallazgos obtenidos se concluye principalmente que en lo que respecta a la distribución epidemiológica de edad y género de los 51 casos analizados estas variaron en el mismo rango de otros estudios.</text></sentence><sentence><infon key="sentnum">7</infon><offset>-1</offset><text>También se distingue que el mayor número de casos estuvieron localizados en glándulas salivales mayores, dato en concordancia con otras poblaciones reporta das.</text></sentence><sentence><infon key="sentnum">8</infon><offset>-1</offset><text>Las demás características presentaron una distribución homogénea.</text></sentence></passage></document><document><id>doc75</id><passage><infon key="language">ES</infon><infon key="section">abstract</infon><offset>-1</offset><sentence><infon key="sentnum">0</infon><offset>-1</offset><text>La reacción paradójica al tratamiento antituberculoso es una entidad poco frecuente en pediatría.</text></sentence><sentence><infon key="sentnum">1</infon><offset>-1</offset><text>Se presenta el caso de una niña de 9 años con fiebre, tos y expectoración de tres semanas de evolución.</text></sentence><sentence><infon key="sentnum">2</infon><offset>-1</offset><text>La prueba de tuberculina y Quantiferon fueron positivos; la velocidad de sedimentación era de 64 mm/h; el cultivo y la reacción en cadena de la polimerasa para M. tuberculosis fueron negativos.</text></sentence><sentence><infon key="sentnum">3</infon><offset>-1</offset><text>La radiografía de tórax mostró ensanchamiento mediastínico derecho.</text></sentence><sentence><infon key="sentnum">4</infon><offset>-1</offset><text>Ante el diagnóstico de tuberculosis, se inició un tratamiento con rifampicina, isoniacida, pirazinamida y etambutol en dosis estándar.</text></sentence><sentence><infon key="sentnum">5</infon><offset>-1</offset><text>A los 21 días, reapareció la fiebre elevada sin otra sintomatología, empeoramiento radiológico junto con normalidad de serologías, analítica sanguínea y resonancia cerebral.</text></sentence><sentence><infon key="sentnum">6</infon><offset>-1</offset><text>Se diagnosticó una reacción paradójica; se inició 1 mg/kg/día de prednisona oral, y quedó afebril a las 24 horas.</text></sentence><sentence><infon key="sentnum">7</infon><offset>-1</offset><text>Es importante considerar esta entidad cuando otras causas de empeoramiento clínico y/o radiológico se han descartado para evitar pruebas complementarias y modificaciones de tratamiento innecesarias.</text></sentence></passage></document><document><id>doc76</id><passage><infon key="language">ES</infon><infon key="section">abstract</infon><offset>-1</offset><sentence><infon key="sentnum">0</infon><offset>-1</offset><text>Se resume la experiencia “en carne propia” de una de las grandes autoridades médicas de los Estados Unidos al sufrir un gravísimo accidente casero.</text></sentence><sentence><infon key="sentnum">1</infon><offset>-1</offset><text>Se comentan las excelencias de los cuidados intensivos en hospitales de tercer nivel, en contraste con la despersonalización y el desinterés que recibió el paciente en otras instituciones médicas.</text></sentence><sentence><infon key="sentnum">2</infon><offset>-1</offset><text>Se realza la importancia de la labor de las enfermeras en la atención al paciente hospitalizado.</text></sentence></passage></document><document><id>doc77</id><passage><infon key="language">ES</infon><infon key="section">abstract</infon><offset>-1</offset><sentence><infon key="sentnum">0</infon><offset>-1</offset><text>La obesidad puede afectar, a través de mecanismos inflamatorios y alteraciones ventilatorias, la función pulmonar y la capacidad al ejercicio.</text></sentence><sentence><infon key="sentnum">1</infon><offset>-1</offset><text>Los sujetos obesos desarrollan, de esta forma, un tipo de respiración más rápida y superficial que la de personas sin obesidad.</text></sentence><sentence><infon key="sentnum">2</infon><offset>-1</offset><text>También a nivel de la vía aérea se han detectado cambios, observando mayores resistencias en los obesos.</text></sentence><sentence><infon key="sentnum">3</infon><offset>-1</offset><text>Sin embargo, todas estas alteraciones no siempre se han acompañado de un menor rendimiento en las pruebas de esfuerzo cardiorespiratorias.</text></sentence><sentence><infon key="sentnum">4</infon><offset>-1</offset><text>Probablemente la forma en que se expresa su capacidad al ejercicio pueda explicar parte de estos resultados contradictorios.</text></sentence></passage></document><document><id>doc78</id><passage><infon key="language">ES</infon><infon key="section">abstract</infon><offset>-1</offset><sentence><infon key="sentnum">0</infon><offset>-1</offset><text>La estimación del consumo de alimentos y la ingesta de nutrientes es un tema de creciente interés.</text></sentence><sentence><infon key="sentnum">1</infon><offset>-1</offset><text>Actualmente, tanto en Europa como en España, existen fuentes de información sobre el consumo de alimentos, que nos ofrecen esta información a distintos niveles: nacional, familiar o individual, todas ellas son de gran utilidad, pero incluyen algunas limitaciones, principalmente derivadas de la falta de datos precisos sobre los alimentos comprados pero no consumidos.</text></sentence><sentence><infon key="sentnum">2</infon><offset>-1</offset><text>Los datos obtenidos permiten, entre otras, conocer los hábitos alimentarios, explorar la calidad de la alimentación, estudiar la ingesta de energía y nutrientes y/o evaluar la exposición a riesgos alimentarios.</text></sentence><sentence><infon key="sentnum">3</infon><offset>-1</offset><text>Entre las fuentes existentes en España se pueden resaltar dos encuestas de especial utilidad: la encuesta de presupuestos familiares del Instituto Nacional de Estadística (INE) y el panel de consumo de alimentos del Ministerio de Agricultura, Alimentación y Medio Ambiente (MAGRAMA).</text></sentence><sentence><infon key="sentnum">4</infon><offset>-1</offset><text>Ambas proporcionan desde hace bastantes años la información relativa al consumo de alimentos pero, últimamente, sólo en hogares.</text></sentence><sentence><infon key="sentnum">5</infon><offset>-1</offset><text>Tanto a nivel europeo como español sería necesario, para mejorar la utilidad de los datos, estandarizar el tipo de encuestas utilizadas, para ser comparables entre ellas.</text></sentence></passage></document><document><id>doc80</id><passage><infon key="language">ES</infon><infon key="section">abstract</infon><offset>-1</offset><sentence><infon key="sentnum">0</infon><offset>-1</offset><text>El trabajo analiza diferentes aspectos relativos al consumo de alcohol entre personas en situación de pobreza y/o exclusión social.</text></sentence><sentence><infon key="sentnum">1</infon><offset>-1</offset><text>La información se recogió a partir de una muestra representativa de las personas sin hogar en Madrid (n = 188) y una muestra de personas en riesgo de exclusión social (n = 164) equiparada en sexo, edad y procedencia (españoles vs. extranjeros).</text></sentence><sentence><infon key="sentnum">2</infon><offset>-1</offset><text>Los resultados obtenidos indican que las personas sin hogar presentan un mayor consumo de alcohol y han padecido más problemas derivados de dicho consumo que las personas en riesgo de exclusión.</text></sentence><sentence><infon key="sentnum">3</infon><offset>-1</offset><text>La mayoría de personas sin hogar que tuvieron problemas con el alcohol padecieron estos de forma previa a encontrarse en la situación sin hogar, manifestaron tener peor salud y haberse encontrado en un mayor número de ocasiones en la situación sin hogar.</text></sentence><sentence><infon key="sentnum">4</infon><offset>-1</offset><text>Pese al importante problema que supone el consumo de alcohol entre los entrevistados, tan sólo un pequeño porcentaje había accedido a programas de tratamiento para problemas derivados del consumo de esta sustancia.</text></sentence></passage></document><document><id>doc81</id><passage><infon key="language">ES</infon><infon key="section">abstract</infon><offset>-1</offset><sentence><infon key="sentnum">0</infon><offset>-1</offset><text>Los regímenes de quimioterapia y los avances en el soporte clínico han mejorado la supervivencia de los niños con leucemia linfoblástica aguda.</text></sentence><sentence><infon key="sentnum">1</infon><offset>-1</offset><text>Son temas de preocupación las secuelas del tratamiento, entre ellas, el daño inmunológico inducido por la terapia inmunosupresora, que se refleja en la pérdida de niveles protectores de anticuerpos provistos por inmunizaciones previas.</text></sentence><sentence><infon key="sentnum">2</infon><offset>-1</offset><text>Nuestro objetivo fue evaluar la presencia de títulos protectores de anticuerpos para sarampión, rubéola y tétanos en pacientes con leucemia linfoblástica aguda luego de haber finalizado el tratamiento quimioterápico.</text></sentence><sentence><infon key="sentnum">3</infon><offset>-1</offset><text>Se incluyeron 61 niños con leucemia linfoblástica aguda asistidos en el Hospital Garrahan, que habían finalizado el tratamiento, como mínimo, 6 meses antes y con vacunación completa previa al diagnóstico.</text></sentence><sentence><infon key="sentnum">4</infon><offset>-1</offset><text>Las tasas de anticuerpos protectores fueron sarampión: 46% (IC 32-59); tétanos: 53% (IC 40-67); rubéola: 60% (IC 47-63).</text></sentence><sentence><infon key="sentnum">5</infon><offset>-1</offset><text>Estos resultados refuerzan la necesidad de reconsiderar la revacunación en este grupo de pacientes.</text></sentence></passage></document><document><id>doc82</id><passage><infon key="language">ES</infon><infon key="section">abstract</infon><offset>-1</offset><sentence><infon key="sentnum">0</infon><offset>-1</offset><text>Objetivo: el objetivo de este estudio fue comparar el índice glicémico (IG), la carga glicémica (CG) y la insulina posprandial de dos fórmulas isoglucídicas con distintos edulcorantes y fibra en adultos sanos y diabéticos tipo 2 (DM2).</text></sentence><sentence><infon key="sentnum">1</infon><offset>-1</offset><text>Metodología: en este estudio aleatorizado, cruzado y doble ciego, once sujetos sanos y seis diabéticos consumieron dos fórmulas en cuatro ocasiones (Glucerna SR® Laboratorios Abbott C.A [FG] y Enterex Diabetic®, Victus, C.A [FE]</text></sentence></passage></document><document><id>doc83</id><passage><infon key="language">ES</infon><infon key="section">abstract</infon><offset>-1</offset><sentence><infon key="sentnum">0</infon><offset>-1</offset><text>A pesar del tratamiento anticoagulante, algunos pacientes que han presentado un episodio de enfermedad tromboembólica persisten con riesgo elevado de recurrencia.</text></sentence><sentence><infon key="sentnum">1</infon><offset>-1</offset><text>Se ha planteado que adicionar un filtro de vena cava inferior podría disminuir este riesgo, pero la real utilidad clínica no está clara.</text></sentence><sentence><infon key="sentnum">2</infon><offset>-1</offset><text>Para responder esta pregunta utilizamos la base de datos Epistemonikos, la cual es mantenida mediante búsquedas en múltiples fuentes de información.</text></sentence><sentence><infon key="sentnum">3</infon><offset>-1</offset><text>Identificamos tres revisiones sistemáticas que en conjunto incluyen cuatro ensayos aleatorizados que responden la pregunta.</text></sentence><sentence><infon key="sentnum">4</infon><offset>-1</offset><text>Extrajimos los datos, realizamos un metanálisis y preparamos tablas de resumen de los resultados utilizando el método GRADE.</text></sentence><sentence><infon key="sentnum">5</infon><offset>-1</offset><text>Concluimos que podría existir poca o nula diferencia en cuanto a la ocurrencia de trombosis venosa profunda al agregar un filtro de vena cava inferior en pacientes anticoagulados, y que no está claro si existen diferencias en cuanto a la ocurrencia de tromboembolismo pulmonar o mortalidad porque la certeza de la evidencia es muy baja.</text></sentence></passage></document><document><id>doc84</id><passage><infon key="language">ES</infon><infon key="section">abstract</infon><offset>-1</offset><sentence><infon key="sentnum">0</infon><offset>-1</offset><text>Pensamos que los modelos matemáticos, como la regresión lineal, son conceptos que solo atañen a quienes se dedican a investigar, noción que dista de la realidad.</text></sentence><sentence><infon key="sentnum">1</infon><offset>-1</offset><text>La primera descripción de un modelo matemático fue realizada por Legendré, en 1805, y la introducción formal del término fue hecha por Galton, en 1886.</text></sentence><sentence><infon key="sentnum">2</infon><offset>-1</offset><text>La regresión lineal es útil para predecir la relación entre dos o más variables, siempre y cuando la variable dependiente sea cuantitativa y cuente con una distribución normal.</text></sentence><sentence><infon key="sentnum">3</infon><offset>-1</offset><text>Su desarrollo tiene como primer objetivo determinar la pendiente o inclinación de la línea de regresión: Y = a + bx, donde "a" es la "constante de regresión" que equivale al valor de "Y" cuando "x" es igual a 0 y "b", también llamada pendiente de la recta, indica el incremento o decremento que se produce en "Y" cuando la variable "x" aumenta o disminuye una unidad.</text></sentence><sentence><infon key="sentnum">4</infon><offset>-1</offset><text>En la línea de regresión, "b" recibe también el nombre de coeficiente de regresión.</text></sentence><sentence><infon key="sentnum">5</infon><offset>-1</offset><text>El coeficiente de determinación (R
   2) define la magnitud de la capacidad para predecir el efecto de las variables independientes sobre el resultado.</text></sentence></passage></document><document><id>doc86</id><passage><infon key="language">ES</infon><infon key="section">abstract</infon><offset>-1</offset><sentence><infon key="sentnum">0</infon><offset>-1</offset><text>En pediatría, la enfermedad vascular pulmonar es multifactorial y heterogénea.</text></sentence><sentence><infon key="sentnum">1</infon><offset>-1</offset><text>Si bien comparte algunas características con la hipertensión pulmonar en los adultos, hay diferencias en las comorbilidades y condiciones asociadas, la coexistencia de enfermedades genéticas o del desarrollo.</text></sentence><sentence><infon key="sentnum">2</infon><offset>-1</offset><text>Las enfermedades pulmonares intersticiales pueden ser causantes de esta entidad.</text></sentence><sentence><infon key="sentnum">3</infon><offset>-1</offset><text>Una de ellas es la displasia alvéolo-capilar con mal alineamiento de las venas pulmonares, una patología infrecuente pero con 100% de mortalidad, caracterizada por la falla en la formación del tejido pulmonar que da por resultado final la alteración en la difusión de gases.</text></sentence><sentence><infon key="sentnum">4</infon><offset>-1</offset><text>Se describe un caso clínico de una paciente de 5 meses de edad estudiada a partir de sospechar una cardiopatía congénita con hipoxemia persistente, a cuyo diagnóstico se llega por la biopsia pulmonar.</text></sentence></passage></document><document><id>doc87</id><passage><infon key="language">ES</infon><infon key="section">abstract</infon><offset>-1</offset><sentence><infon key="sentnum">0</infon><offset>-1</offset><text>ResumenLas especies del Neuvo Mundo de género 
   Dineutus Macleay, 1825 son revisadas.</text></sentence><sentence><infon key="sentnum">1</infon><offset>-1</offset><text>En el Neuvo Mundo</text></sentence></passage></document><document><id>doc91</id><passage><infon key="language">ES</infon><infon key="section">abstract</infon><offset>-1</offset><sentence><infon key="sentnum">0</infon><offset>-1</offset><text>ResúmenSe proponen diez nuevas combinaciones de 
   Asagraea,</text></sentence></passage></document><document><id>doc92</id><passage><infon key="language">ES</infon><infon key="section">abstract</infon><offset>-1</offset><sentence><infon key="sentnum">0</infon><offset>-1</offset><text>Este resumen Epistemonikos (Living FRISBEE: Living FRIendly Summary of the Body of Evidence using Epistemonikos) es una actualización del resumen publicado en Junio de 2015, basado en la detección de una nueva revisión sistemática que no había sido identificada en la versión anterior.</text></sentence><sentence><infon key="sentnum">1</infon><offset>-1</offset><text>La profilaxis antibiótica endovenosa es de uso rutinario para la prevención de infección postoperatoria en cirugía de columna.</text></sentence><sentence><infon key="sentnum">2</infon><offset>-1</offset><text>Se ha planteado que la aplicación de vancomicina en polvo en el campo quirúrgico previo al cierre por planos podría tener un efecto adicional, sin embargo, su uso es controvertido.</text></sentence><sentence><infon key="sentnum">3</infon><offset>-1</offset><text>Utilizando la base de datos Epistemonikos, la cual es mantenida mediante búsquedas en 30 bases de datos, identificamos seis revisiones sistemáticas que en conjunto consideran 16 estudios pertinentes, incluyendo un estudio controlado aleatorizado.</text></sentence><sentence><infon key="sentnum">4</infon><offset>-1</offset><text>Realizamos un metanálisis y tablas de resumen de los resultados utilizando el método GRADE.</text></sentence><sentence><infon key="sentnum">5</infon><offset>-1</offset><text>Se concluye que el uso de vancomicina probablemente no disminuye el riesgo de infección en cirugías de bajo riesgo, pero existe incertidumbre sobre el efecto en poblaciones o cirugías con un riesgo mayor porque la certeza de la evidencia es muy baja.</text></sentence></passage></document><document><id>doc94</id><passage><infon key="language">ES</infon><infon key="section">abstract</infon><offset>-1</offset><sentence><infon key="sentnum">0</infon><offset>-1</offset><text>La magnitud que tiene el sueño en el bienestar integral de una persona es similar a los efectos de la dieta y el ejercicio.</text></sentence><sentence><infon key="sentnum">1</infon><offset>-1</offset><text>La privación del sueño tiene efectos deletéreos graves en la salud del individuo y por lo general estos son ignorados.</text></sentence><sentence><infon key="sentnum">2</infon><offset>-1</offset><text>Entre un 30 y un 40 % de la población ha presentado insomnio en algún momento de su vida y del 9 al 15 % ha desarrollado insomnio crónico grave.</text></sentence><sentence><infon key="sentnum">3</infon><offset>-1</offset><text>Diversos estudios vinculan la falta de sueño con obesidad, enfermedades metabólicas, problemas cardiacos, desórdenes psiquiátricos y demencia.</text></sentence><sentence><infon key="sentnum">4</infon><offset>-1</offset><text>Existen actualmente grupos que se enfocan en las alteraciones en la respuesta inmune que genera la falta de sueño.</text></sentence><sentence><infon key="sentnum">5</infon><offset>-1</offset><text>Para realizar un diagnóstico oportuno de insomnio, es indispensable que durante la consulta se obtenga una historia clínica detallada de los hábitos del sueño.</text></sentence><sentence><infon key="sentnum">6</infon><offset>-1</offset><text>En la exploración física se debe enfatizar la búsqueda de signos y síntomas que sugieran una causa orgánica específica que contribuya a la alteración del sueño.</text></sentence><sentence><infon key="sentnum">7</infon><offset>-1</offset><text>Uno de los pilares del tratamiento es establecer en todos los pacientes una buena higiene del sueño con base en la optimización del ambiente y de las conductas asociadas con el mismo.</text></sentence></passage></document><document><id>doc96</id><passage><infon key="language">ES</infon><infon key="section">abstract</infon><offset>-1</offset><sentence><infon key="sentnum">0</infon><offset>-1</offset><text>La pérdida de piezas dentarias conlleva la disminución volumétrica del hueso alveolar y la necesidad de recurrir a técnicas de regeneración ósea guiada (ROG) para restablecer las condiciones anatómicas y aplicar las terapéuticas adecuadas.</text></sentence><sentence><infon key="sentnum">1</infon><offset>-1</offset><text>La membrana de fascia lata (MFL) ha sido utilizada en intervenciones quirúrgicas del área neurológica, ortopédica, otorrinolaringológica, cardiológica, vascular, ginecológica y odontológica para regeneración tisular guiada.</text></sentence><sentence><infon key="sentnum">2</infon><offset>-1</offset><text>El objetivo de este trabajo preliminar fue evaluar la respuesta tisular de defectos óseos en calota de rata recubiertos con MFL.</text></sentence><sentence><infon key="sentnum">3</infon><offset>-1</offset><text>Se utilizaron 8 ratas Wistar de 230 gr de peso, a las que se les realizó en la calota 2 defectos óseos de 5 x 5 mm de lado por 1 mm de profundidad, con bisturí piezoeléctrico e irrigación, a ambos lados de la línea media, según técnica estandarizada.</text></sentence><sentence><infon key="sentnum">4</infon><offset>-1</offset><text>Se realizó el siguiente protocolo: Grupo I (G I): colocación de una sola capa de MFL (Biotar, Rosario, Prov.</text></sentence><sentence><infon key="sentnum">5</infon><offset>-1</offset><text>de Santa Fe, Argentina) para cubrir el defecto; Grupo II (G II): colocación de MFL en doble capa para cubrir el defecto; Grupo III (G III): sin membrana; Grupo IV (G IV): control.</text></sentence><sentence><infon key="sentnum">6</infon><offset>-1</offset><text>Se les provocó la eutanasia a los 60 días.</text></sentence><sentence><infon key="sentnum">7</infon><offset>-1</offset><text>Las calotas fueron resecadas, radiografiadas y procesadas, previa descalcificación, para su inclusión en parafina y coloración con Hematoxilina-Eosina y Tricrómico de Masson.</text></sentence><sentence><infon key="sentnum">8</infon><offset>-1</offset><text>En todos los defectos óseos recubiertos con MFL simple o doble se evidenció una adecuada osteogénesis y ausencia de respuesta inflamatoria y macrófagos.</text></sentence><sentence><infon key="sentnum">9</infon><offset>-1</offset><text>El G III y el G Sham evidenciaron escasa osteogénesis y no mostraron alteraciones en el tejido blando.</text></sentence><sentence><infon key="sentnum">10</infon><offset>-1</offset><text>La MFL en el modelo experimental utilizado evidenció una respuesta compatible con el tejido circundante en los períodos estudiados.</text></sentence><sentence><infon key="sentnum">11</infon><offset>-1</offset><text>El tejido óseo remanente a la osteotomía con bisturí piezoeléctrico presentó las lagunas osteocíticas ocupadas con osteocitos y sin alteraciones.</text></sentence><sentence><infon key="sentnum">12</infon><offset>-1</offset><text>En estudios futuros se evaluará la respuesta tisular con MFL y utilizando un sustituto óseo.</text></sentence></passage></document><document><id>doc97</id><passage><infon key="language">ES</infon><infon key="section">abstract</infon><offset>-1</offset><sentence><infon key="sentnum">0</infon><offset>-1</offset><text>La adicción al alcohol se asocia con una elevada comorbilidad psiquiátrica que complica el tratamiento, siendo necesaria una fenotipación clínica objetiva de estos pacientes para optimizar la atención y mejorar el pronóstico.</text></sentence><sentence><infon key="sentnum">1</infon><offset>-1</offset><text>El presente estudio aborda este problema mediante los siguientes objetivos: a) estimar la prevalencia y tipos de comorbilidad psiquiátrica de una muestra de pacientes que buscan tratamiento por uso de alcohol, b) describir las diferencias de género en su presentación y c) analizar los valores plasmáticos de 2-acilgliceroles (incluyendo el endocannabinoide 2-araquidonilglicerol), estudiando su posible valor como biomarcador de alcoholismo y/o comorbilidad psiquiátrica.</text></sentence><sentence><infon key="sentnum">2</infon><offset>-1</offset><text>Para ello se reclutaron 162 pacientes evaluados con la entrevista semiestructurada PRISM, para evaluar la presencia de comorbilidad y su carácter primario o inducido.</text></sentence><sentence><infon key="sentnum">3</infon><offset>-1</offset><text>Los resultados obtenidos indican que la presencia de psicopatología se asoció a un mayor número de criterios de abuso y dependencia de alcohol Se encontraron diferencias de género tanto en la comorbilidad psiquiátrica, especialmente en trastornos del estado de ánimo.</text></sentence><sentence><infon key="sentnum">4</infon><offset>-1</offset><text>La prevalencia de comorbilidad psiquiátrica encontrada a lo largo de la vida fue del 68,5%, destacando los trastornos del estado ánimo (37%), y seguidos por el trastorno por déficit de atención (24,7%, monitorizado específicamente por la entrevista WURS) y los trastornos de ansiedad (17,9%).</text></sentence><sentence><infon key="sentnum">5</infon><offset>-1</offset><text>Entre los trastornos del estado de ánimo y psicóticos fueron más frecuentes los inducidos, mientras que en los trastornos de ansiedad los primarios fueron más prevalentes.</text></sentence><sentence><infon key="sentnum">6</infon><offset>-1</offset><text>Además, se encontraron concentraciones disminuidas significativamente de 2-acilgliceroles en pacientes con trastornos de ansiedad comórbidos diagnosticados en el último año.</text></sentence></passage></document><document><id>doc99</id><passage><infon key="language">ES</infon><infon key="section">abstract</infon><offset>-1</offset><sentence><infon key="sentnum">0</infon><offset>-1</offset><text>La atención en emergencias y desastres implica mantener las unidades médicas en funcionamiento, pese al fenómeno perturbador al que se enfrente la comunidad; sin embargo, el conflicto ocurre cuando es la unidad médica la que necesita el apoyo y requiere ser evacuada, más aún cuando es indispensable la evacuación de los pacientes de las unidades de terapia intensiva.</text></sentence><sentence><infon key="sentnum">1</infon><offset>-1</offset><text>En la bibliografía mundial poco hay acerca de este tema, por lo general está enfocado a la reconversión de áreas e incremento de la capacidad para atención a saldo masivo de víctimas, pero no sobre cómo evacuar en caso necesario, y donde una decisión errónea puede traer consecuencias fatales.</text></sentence><sentence><infon key="sentnum">2</infon><offset>-1</offset><text>Por esto el Instituto Mexicano del Seguro Social encomendó a un grupo de trabajo, conformado por médicos especialistas del propio Instituto, evaluar y establecer un método para protocolizar la evacuación de estos pacientes con la salvaguarda correspondiente del personal y del paciente sin que los estándares de calidad en la atención se alteren.</text></sentence></passage></document><document><id>doc100</id><passage><infon key="language">ES</infon><infon key="section">abstract</infon><offset>-1</offset><sentence><infon key="sentnum">0</infon><offset>-1</offset><text>La Organización Mundial de la Salud (OMS) reportó en 2008 más de 6 millones de casos de cáncer en mujeres; el 57.2 % de esos casos ocurrió en países menos desarrollados.</text></sentence><sentence><infon key="sentnum">1</infon><offset>-1</offset><text>El cáncer cervicouterino (CaCU) ocupa el tercer lugar de las neoplasias malignas que afectan a la mujer, con un número estimado de 530 000 casos nuevos.</text></sentence><sentence><infon key="sentnum">2</infon><offset>-1</offset><text>El CaCU es multicausal y obedece a la asociación de diferentes factores de riesgo.</text></sentence><sentence><infon key="sentnum">3</infon><offset>-1</offset><text>El principal de ellos es la infección por virus de papiloma humano (VPH), que actúa como una causa necesaria pero no suficiente.</text></sentence><sentence><infon key="sentnum">4</infon><offset>-1</offset><text>Asimismo, la interacción con otros cofactores incide en el desarrollo y la severidad de esta neoplasia.</text></sentence><sentence><infon key="sentnum">5</infon><offset>-1</offset><text>La sobrevida se encuentra relacionada con la oportunidad de atención y por lo tanto con mayor accesibilidad a los servicios de salud.</text></sentence><sentence><infon key="sentnum">6</infon><offset>-1</offset><text>El CaCU es una neoplasia considerada como un cáncer prevenible, así que es factible salvar más de 150 mil vidas para 2030 si las medidas de control se aplican con oportunidad.</text></sentence><sentence><infon key="sentnum">7</infon><offset>-1</offset><text>El objetivo de este trabajo es revisar el comportamiento del CaCU en diferentes ámbitos geográficos, así como realizar un análisis de los factores de riesgo relacionados con esta neoplasia.</text></sentence></passage></document></collection>