<?xml version="1.0" encoding="UTF-8"?><!DOCTYPE collection SYSTEM "BioC.dtd"><collection><source></source><date></date><key></key><document><id>doc2</id><passage><infon key="language">EN</infon><infon key="section">abstract</infon><offset>-1</offset><sentence><infon key="sentnum">0</infon><offset>-1</offset><text>Treatment for community-acquired pneumonia in immunocompetent adults is mainly empirical.</text></sentence><sentence><infon key="sentnum">1</infon><offset>-1</offset><text>Beta-lactam antibiotics have been traditionally considered first-line therapy.</text></sentence><sentence><infon key="sentnum">2</infon><offset>-1</offset><text>New antibiotics could be more effective but the evidence is not clear until now, and its use could entail greater costs, an increase in bacterial resistance and other adverse effects.</text></sentence><sentence><infon key="sentnum">3</infon><offset>-1</offset><text>Searching in Epistemonikos database, which is maintained by screening 30 databases, we identified six systematic reviews including 36 randomized trials addressing this question.</text></sentence><sentence><infon key="sentnum">4</infon><offset>-1</offset><text>We combined the evidence using meta-analysis and generated a summary of findings table following the GRADE approach.</text></sentence><sentence><infon key="sentnum">5</infon><offset>-1</offset><text>We concluded new antibiotics are not better than beta-lactam antibiotics for the treatment of non-critical inpatients with community-acquired pneumonia in relation to clinical failure or adverse effects.</text></sentence></passage></document><document><id>doc4</id><passage><infon key="language">EN</infon><infon key="section">abstract</infon><offset>-1</offset><sentence><infon key="sentnum">0</infon><offset>-1</offset><text>Hyperprolactinemia is a frequent neuroendocrinological condition that should be approached in an orderly and integral fashion, starting with a complete clinical history.</text></sentence><sentence><infon key="sentnum">1</infon><offset>-1</offset><text>Once physiological causes such as pregnancy, systemic disorders such as primary hypothyroidism and the use of drugs with dopamine antagonistic actions such as metochlopramide have been ruled out, the most common cause of hyperprolactinemia is a PRL-secreting pituitary adenoma or prolactinoma.</text></sentence><sentence><infon key="sentnum">2</infon><offset>-1</offset><text>Prolactinomas are usually classified as microprolactinomas (less than 1 cm) or macroprolactinomas (larger than 1 cm), which can either be confined or invasive.</text></sentence><sentence><infon key="sentnum">3</infon><offset>-1</offset><text>The hormonal consequence of hypeprolactinemia is hypogonadism; in women, this is manifested as amenorrhea/oligomenorreha, anovulation and galactorrhea, whereas in men the main complaints are a diminished libido and erectile dysfunction.</text></sentence><sentence><infon key="sentnum">4</infon><offset>-1</offset><text>Macroprolactinomas can also present with symptoms and signs resulting form mass effect of the tumor, such as headaches and visual field defects.</text></sentence><sentence><infon key="sentnum">5</infon><offset>-1</offset><text>Other structural causes of hyperprolactinemia include non-functioning pituitary adenomas and infiltrative disorders, which can interrupt the inhibitory, descending dopaminergic tone.</text></sentence><sentence><infon key="sentnum">6</infon><offset>-1</offset><text>The primary treatment of prolactinomas is pharmacological with dopamine agonists such as cabergoline.</text></sentence></passage></document><document><id>doc6</id><passage><infon key="language">EN</infon><infon key="section">abstract</infon><offset>-1</offset><sentence><infon key="sentnum">0</infon><offset>-1</offset><text>The use of home parenteral nutrition (HPN) in patients who can not obtain their nutritional requirements by the enteral route is increasing in recent years, allowing normalization lifestyle of patients.</text></sentence><sentence><infon key="sentnum">1</infon><offset>-1</offset><text>Neoplasm and mesenteric ischaemia are some of the diseases that most frequently require HPN in Spain.</text></sentence><sentence><infon key="sentnum">2</infon><offset>-1</offset><text>However, HPN is one of the cornerstones of the treatment of much less frequent illnesses as in the case of encapsulating peritoneal sclerosis.</text></sentence><sentence><infon key="sentnum">3</infon><offset>-1</offset><text>We present the case of a patient with encapsulating peritoneal sclerosis and HPN support for more than 7 years with a peripherally inserted central catheter (PICC) for over 6 years without complications and the autonomy to perform his normal business activity.</text></sentence><sentence><infon key="sentnum">4</infon><offset>-1</offset><text>Given the exceptional nature of the case we refer it to its publication.</text></sentence></passage></document><document><id>doc7</id><passage><infon key="language">EN</infon><infon key="section">abstract</infon><offset>-1</offset><sentence><infon key="sentnum">0</infon><offset>-1</offset><text>A new species of 
    Bryophryne from the humid montane forest of the Department of Cusco, Peru, is described.</text></sentence><sentence><infon key="sentnum">1</infon><offset>-1</offset><text>Specimens were collected at 2795-2850 m a.s.l. in the Área de Conservación Privada Ukumari Llaqta, Quispillomayo valley, in the province of Paucartambo.</text></sentence><sentence><infon key="sentnum">2</infon><offset>-1</offset><text>The new species is readily distinguished from all other species of</text></sentence></passage></document><document><id>doc8</id><passage><infon key="language">EN</infon><infon key="section">abstract</infon><offset>-1</offset><sentence><infon key="sentnum">0</infon><offset>-1</offset><text>The prevalence of substance abuse in women who become pregnant is similar to that of the general population, resulting in a high fetal exposure rate during the most vulnerable period regarding neurodevelopment and organogenesis.</text></sentence><sentence><infon key="sentnum">1</infon><offset>-1</offset><text>The present study was intended to assess the level of prenatal exposure to tobacco, alcohol or illicit drugs in the city of Málaga (Spain).</text></sentence><sentence><infon key="sentnum">2</infon><offset>-1</offset><text>It was designed as a cross-sectional study, and based on the anonymous self-reports of participants.</text></sentence><sentence><infon key="sentnum">3</infon><offset>-1</offset><text>A total of 451 pregnant women were recruited in the first, second or third trimester.</text></sentence><sentence><infon key="sentnum">4</infon><offset>-1</offset><text>The prevalence in each of the quarters respectively was 21.2%, 18.5% and 13.3% for smoking, 40.7%, 23.1% and 17.1% for alcohol and 4.8%, 1.9% and 1.2% for cannabis.</text></sentence><sentence><infon key="sentnum">5</infon><offset>-1</offset><text>We also found that a higher educational level was associated with a lower consumption of tobacco (RR 0.659 [0.537-0.810] p</text></sentence></passage></document><document><id>doc10</id><passage><infon key="language">EN</infon><infon key="section">abstract</infon><offset>-1</offset><sentence><infon key="sentnum">0</infon><offset>-1</offset><text>The assessment of dietary intake in children and adolescents is of great interest for different purposes.</text></sentence><sentence><infon key="sentnum">1</infon><offset>-1</offset><text>The characteristics of each developmental stage and associated cognitive abilities are two factors that influence the ability of children to provide valid and reliable information on food consumption.</text></sentence><sentence><infon key="sentnum">2</infon><offset>-1</offset><text>The ability to remember, limitations of vocabulary or the ability to identify different foods are some of the relevant aspects.</text></sentence><sentence><infon key="sentnum">3</infon><offset>-1</offset><text>In addition, often parents or caregivers provide surrogate information and their degree of knowledge depends on the time they spend with the child and on whether they share meals.</text></sentence><sentence><infon key="sentnum">4</infon><offset>-1</offset><text>As children grow they become more independent and increasingly spend more time away from their parents.</text></sentence><sentence><infon key="sentnum">5</infon><offset>-1</offset><text>Children also have limitations to recognize food models and photographs and associate them with different amounts of food consumed.</text></sentence><sentence><infon key="sentnum">6</infon><offset>-1</offset><text>On the other hand, often children and adolescents perceive long interviews or self-administered questionnaires they as long and boring.</text></sentence><sentence><infon key="sentnum">7</infon><offset>-1</offset><text>The use of new technologies is contributing to the development of new tools adapting dietary assessment the methods to the cognitive abilities of children, introducing gaming environments and narrative structures that attract their interest and improve the quality of information they report.</text></sentence><sentence><infon key="sentnum">8</infon><offset>-1</offset><text>.</text></sentence></passage></document><document><id>doc13</id><passage><infon key="language">EN</infon><infon key="section">abstract</infon><offset>-1</offset><sentence><infon key="sentnum">0</infon><offset>-1</offset><text>The krokodil use disorder is an addictive pathology with quite severe organic effects, especially at the skin level, that causes severe and degenerative necrosis of blood and muscle tissue.</text></sentence><sentence><infon key="sentnum">1</infon><offset>-1</offset><text>Though this disorder has a low prevalence in Spain, compared to the large number of consumers in other countries such as Ukraine or Russia, its consumption is slowly but gradually expanding in countries of the European Union and America.</text></sentence><sentence><infon key="sentnum">2</infon><offset>-1</offset><text>The simplicity of the process of obtaining the substance from desomorphine, together with its high availability and low cost, contribute toward consumers' self-sufficiency.</text></sentence><sentence><infon key="sentnum">3</infon><offset>-1</offset><text>This article presents the case of a user of krokodil and reviews the clinical symptoms of oral ingestion.</text></sentence></passage></document><document><id>doc14</id><passage><infon key="language">EN</infon><infon key="section">abstract</infon><offset>-1</offset><sentence><infon key="sentnum">0</infon><offset>-1</offset><text>Several socio-environmental risk factors causea large number of children born prematurely, and without neurological disorders, to have low scores in their development, particularly in the cognitive and socio-emotional skills areas, thus evidencing a potential future risk.</text></sentence><sentence><infon key="sentnum">1</infon><offset>-1</offset><text>Strengthening bonds with the family and caregivers is critical for their adequate development.</text></sentence><sentence><infon key="sentnum">2</infon><offset>-1</offset><text>This article reports on the experience of an interdisciplinary team from Hospital Eva Perón de Tucumán, who designed a program called "Learning Through Play"for the promotion of child development and aimed at parents of preterm infants seen at the Follow-up Outpatient Clinic and the Department of Social Services, with the collaboration of the Department of Nutrition.</text></sentence></passage></document><document><id>doc15</id><passage><infon key="language">EN</infon><infon key="section">abstract</infon><offset>-1</offset><sentence><infon key="sentnum">0</infon><offset>-1</offset><text>Sarcopenia (or muscle insufficiency) is a geriatric syndrome characterized by a progressive and generalized loss of skeletal muscle mass and function which has adverse consequences, particularly physical disability, falls and death.</text></sentence><sentence><infon key="sentnum">1</infon><offset>-1</offset><text>It can develop slowly, as a chronic condition that emerges over many years, or acutely, generally due to immobilization associated with an acute disease.</text></sentence><sentence><infon key="sentnum">2</infon><offset>-1</offset><text>The physiopathology of sarcopenia is complex, and affects both the muscle and its neurological and hormonal regulation.</text></sentence><sentence><infon key="sentnum">3</infon><offset>-1</offset><text>The prevalence of sarcopenia increases with age and in certain healthcare settings (nursing homes, hospitals, rehabilitation centres).</text></sentence><sentence><infon key="sentnum">4</infon><offset>-1</offset><text>Its diagnosis is based on the documentation of a low muscle mass associated with low muscle strength and/or low physical performance.</text></sentence><sentence><infon key="sentnum">5</infon><offset>-1</offset><text>Once confirmed, a syndromic approach is needed, based on a comprehensive geriatric assessment in order to determine its causes and prepare a treatment plan which addresses the treatment of symptoms as well as the etiology.</text></sentence><sentence><infon key="sentnum">6</infon><offset>-1</offset><text>Prevention of sarcopenia starts in the adult age, through the promotion of adequate nutritional habits, an increase in physical activity and, ideally, resistance exercise.</text></sentence><sentence><infon key="sentnum">7</infon><offset>-1</offset><text>Sarcopenia treatment must necessarily include resistance exercises (that can be associated with other types of exercise) and an improvement in diet, increasing protein intake up to 1.2-1.5 g/kg/day and covering caloric requirements.</text></sentence><sentence><infon key="sentnum">8</infon><offset>-1</offset><text>In some cases, this will require the use of nutritional supplements, which can contain leucine, beta-hydroxy beta-methylbutyrate acid (HMB) and vitamin D, in order to optimize its effects on the muscle.</text></sentence><sentence><infon key="sentnum">9</infon><offset>-1</offset><text>There are still no medications available to treat sarcopenia.</text></sentence></passage></document><document><id>doc16</id><passage><infon key="language">EN</infon><infon key="section">abstract</infon><offset>-1</offset><sentence><infon key="sentnum">0</infon><offset>-1</offset><text>Proper nutrition during childhood is necessary to: allow adequate growth and development, achieve optimal physical and psychic performance, maintain and improve health and recover more easily in disease processes.The first months of life (the infant stage) are a stage in which many rapid changes take place (anthropometric, body composition, maturation of organs and systems...), which suppose a high demand from nutritional point of view, in the quantitative aspect and especially in the qualitative aspect.</text></sentence><sentence><infon key="sentnum">1</infon><offset>-1</offset><text>After infant stage, preschool children feeding is an opportunity to acquire healthy habits and introduce new foods, textures, flavors, colors, etc., which will favor the autonomy and development of the individual, as well as being essential to maintain growth and development.</text></sentence></passage></document><document><id>doc17</id><passage><infon key="language">EN</infon><infon key="section">abstract</infon><offset>-1</offset><sentence><infon key="sentnum">0</infon><offset>-1</offset><text>Spathelia L. as currently circumscribed is endemic to the western portion of the West Indies, and contains nine species, one endemic to the Bahamas, three endemic to Jamaica and five endemic to Cuba.</text></sentence><sentence><infon key="sentnum">1</infon><offset>-1</offset><text>The discovery of a new species in Belize brings the total number of species in 
    Spathelia to ten and expands its known distribution beyond the West Indies.</text></sentence></passage></document><document><id>doc19</id><passage><infon key="language">EN</infon><infon key="section">abstract</infon><offset>-1</offset><sentence><infon key="sentnum">0</infon><offset>-1</offset><text>Six new Cymatodera speciesfrom the Mexican states of Jalisco and Chiapas, and the Central American countries of El Salvador, Honduras, Costa Rica and Panamá are described: Cymatodera rosalinae sp.</text></sentence><sentence><infon key="sentnum">1</infon><offset>-1</offset><text>n., Cymatodera capax sp.</text></sentence><sentence><infon key="sentnum">2</infon><offset>-1</offset><text>n., Cymatodera sinuosa sp.</text></sentence><sentence><infon key="sentnum">3</infon><offset>-1</offset><text>n., Cymatodera vittata sp.</text></sentence><sentence><infon key="sentnum">4</infon><offset>-1</offset><text>n., Cymatodera rubida sp.</text></sentence><sentence><infon key="sentnum">5</infon><offset>-1</offset><text>n. and Cymatodera limatula sp.</text></sentence><sentence><infon key="sentnum">6</infon><offset>-1</offset><text>n. Justification for retaining Cymatodera obliquefasciata within Cymatodera instead of transferring it to Bogcia is provided.</text></sentence><sentence><infon key="sentnum">7</infon><offset>-1</offset><text>Male genitalia and other characters of taxonomic value are illustrated.</text></sentence></passage></document><document><id>doc21</id><passage><infon key="language">EN</infon><infon key="section">abstract</infon><offset>-1</offset><sentence><infon key="sentnum">0</infon><offset>-1</offset><text>The purpose of the present study was to investigate percentage body fat (%BF) differences in three Spanish dance disciplines and to compare skinfold and bioelectrical impedance predictions of body fat percentage in the same sample.</text></sentence><sentence><infon key="sentnum">1</infon><offset>-1</offset><text>Seventy-six female dancers, divided into three groups, Classical (n=23), Spanish (n=29) and Flamenco (n=24), were measured using skinfold measurements at four sites: triceps, subscapular, biceps and iliac crest, and whole body multi-frequency bioelectrical impedance (BIA).</text></sentence><sentence><infon key="sentnum">2</infon><offset>-1</offset><text>The skinfold measures were used to predict body fat percentage via Durnin and Womersley's and Segal, Sun and Yannakoulia equations by BIA.</text></sentence><sentence><infon key="sentnum">3</infon><offset>-1</offset><text>Differences in percent fat mass between groups (Classical, Spanish and Flamenco) were tested by using repeated measures analysis (ANOVA).</text></sentence><sentence><infon key="sentnum">4</infon><offset>-1</offset><text>Also, Pearson's product-moment correlations were performed on the body fat percentage values obtained using both methods.</text></sentence><sentence><infon key="sentnum">5</infon><offset>-1</offset><text>In addition, Bland-Altman plots were used to assess agreement, between anthropometric and BIA methods.</text></sentence><sentence><infon key="sentnum">6</infon><offset>-1</offset><text>Repeated measures analysis of variance did not found differences in %BF between modalities (p</text></sentence></passage></document><document><id>doc23</id><passage><infon key="language">EN</infon><infon key="section">abstract</infon><offset>-1</offset><sentence><infon key="sentnum">0</infon><offset>-1</offset><text>This article is the third of a series of four editorials that report on Medwaves policies, including section policies, formal requisites according to article type, and guidelines for reviewers and authors, with special emphasis on publication and research ethics.</text></sentence><sentence><infon key="sentnum">1</infon><offset>-1</offset><text>The journal believes that it is important to publish its policies in the format of editorials in order to facilitate and ensure dissemination to our broader readership.</text></sentence><sentence><infon key="sentnum">2</infon><offset>-1</offset><text>This editorial describes the types of articles that the journal publishes, such as primary studies, review articles, case reports, letters, and commentaries, among others.</text></sentence></passage></document><document><id>doc25</id><passage><infon key="language">EN</infon><infon key="section">abstract</infon><offset>-1</offset><sentence><infon key="sentnum">0</infon><offset>-1</offset><text>Sedentary behavior and physical exercise seem to influence the nutritional status of the population independently.</text></sentence><sentence><infon key="sentnum">1</infon><offset>-1</offset><text>In this sense, sedentary behavior is associated inversely with healthy eating patterns and directly with BMI, body fat, risk of chronic diseases and psychological problems.</text></sentence><sentence><infon key="sentnum">2</infon><offset>-1</offset><text>By contrast, regular exercise is associated with a healthier diet and health benefits as the prevention or reduction of excess weight and disease prevention.</text></sentence><sentence><infon key="sentnum">3</infon><offset>-1</offset><text>However, it seems difficult to completely compensate, sedentary behavior and risk factors for health, with physical activity.</text></sentence><sentence><infon key="sentnum">4</infon><offset>-1</offset><text>To improve the nutritional status and health of the population would be advisable to increase non-sedentary behaviors and decrease the time spent in front of the screen.</text></sentence><sentence><infon key="sentnum">5</infon><offset>-1</offset><text>Also, it is encouraged to exercise regularly.</text></sentence></passage></document><document><id>doc26</id><passage><infon key="language">EN</infon><infon key="section">abstract</infon><offset>-1</offset><sentence><infon key="sentnum">0</infon><offset>-1</offset><text>The present document is the report of a case of a very rare clinical entity, which presents with acute multiorganic failure after a thrombotic storm related to antiphospholipid antibodies, the so-called catastrophic antiphospholipid syndrome, which began as a recurrent picture of mesenteric thrombosis, with a previous history of venous insufficiency and distal ulcers probably associated with an unidentified antiphospholipid; deserving management in intensive care and the consultation by the world expert, Dr. Ricard Cervera who confirmed the diagnosis and recommend treating as such entity, the patient's evolution was satisfactory so far.</text></sentence><sentence><infon key="sentnum">1</infon><offset>-1</offset><text>Final recommendations for diagnosis and current treatment options such as rituximab or eculizumab are made.</text></sentence><sentence><infon key="sentnum">2</infon><offset>-1</offset><text>The present case was added to the international registry that currently houses around 500 cases worldwide (International CAPS Registry).</text></sentence></passage></document><document><id>doc30</id><passage><infon key="language">EN</infon><infon key="section">abstract</infon><offset>-1</offset><sentence><infon key="sentnum">0</infon><offset>-1</offset><text>We describe two new species in Miconia sect.</text></sentence><sentence><infon key="sentnum">1</infon><offset>-1</offset><text>Lima, Miconia bullotricha Bécquer</text></sentence></passage></document><document><id>doc31</id><passage><infon key="language">EN</infon><infon key="section">abstract</infon><offset>-1</offset><sentence><infon key="sentnum">0</infon><offset>-1</offset><text>Air pollution affects the origin and evolution of respiratory diseases.</text></sentence><sentence><infon key="sentnum">1</infon><offset>-1</offset><text>The increased frequency of asthma in recent years has been associated with growth air pollutants and small particles produced from the combustion of petroleum or cigarette smoke.</text></sentence><sentence><infon key="sentnum">2</infon><offset>-1</offset><text>Some mechanisms of how these contaminants can influence asthma and other allergic diseases are known: 1) acting as irritating on alveolar epithelial cells, 2) actin as adjuvant for allergens inflammation, 3) and epigenetic mechanisms.</text></sentence><sentence><infon key="sentnum">3</infon><offset>-1</offset><text>In this review, we discuss the pathophysiological mechanisms by which air pollutants become risk factors for the development of asthma and other allergic diseases.</text></sentence></passage></document><document><id>doc32</id><passage><infon key="language">EN</infon><infon key="section">abstract</infon><offset>-1</offset><sentence><infon key="sentnum">0</infon><offset>-1</offset><text>Descriptive statistics is the branch of statistics that gives recommendations on how to summarize clearly and simply research data in tables, figures, charts, or graphs.</text></sentence><sentence><infon key="sentnum">1</infon><offset>-1</offset><text>Before performing a descriptive analysis it is paramount to summarize its goal or goals, and to identify the measurement scales of the different variables recorded in the study.</text></sentence><sentence><infon key="sentnum">2</infon><offset>-1</offset><text>Tables or charts aim to provide timely information on the results of an investigation.</text></sentence><sentence><infon key="sentnum">3</infon><offset>-1</offset><text>The graphs show trends and can be histograms, pie charts, "box and whiskers" plots, line graphs, or scatter plots.</text></sentence><sentence><infon key="sentnum">4</infon><offset>-1</offset><text>Images serve as examples to reinforce concepts or facts.</text></sentence><sentence><infon key="sentnum">5</infon><offset>-1</offset><text>The choice of a chart, graph, or image must be based on the study objectives.</text></sentence><sentence><infon key="sentnum">6</infon><offset>-1</offset><text>Usually it is not recommended to use more than seven in an article, also depending on its length.</text></sentence></passage></document><document><id>doc34</id><passage><infon key="language">EN</infon><infon key="section">abstract</infon><offset>-1</offset><sentence><infon key="sentnum">0</infon><offset>-1</offset><text>Laryngeal granulomas are benign lesions located in the posterior third of the glottis, mainly at the level of the vocal apophysis of the arytenoid cartilage.</text></sentence><sentence><infon key="sentnum">1</infon><offset>-1</offset><text>They are typically associated with three etiological factors: endotracheal intubation, inappropriate voice use and/or gastroesophageal reflux.</text></sentence><sentence><infon key="sentnum">2</infon><offset>-1</offset><text>The formation of a post-intubation laryngeal granuloma is a late complication related to intubation injury.</text></sentence><sentence><infon key="sentnum">3</infon><offset>-1</offset><text>It is uncommon in the child, especially if the period of intubation is short.</text></sentence><sentence><infon key="sentnum">4</infon><offset>-1</offset><text>It is usually unilateral and produces dysphonia, pharyngeal foreign body sensation and cough.</text></sentence><sentence><infon key="sentnum">5</infon><offset>-1</offset><text>Treatment consists of surgical removal when the lesion is pediculated or causes respiratory compromise.</text></sentence><sentence><infon key="sentnum">6</infon><offset>-1</offset><text>We present a 14-year-old girl who developed a pediculated laryngeal granuloma after orotracheal intubation of less than 24 hours, which was evidenced 3 months after cardiac surgery.</text></sentence><sentence><infon key="sentnum">7</infon><offset>-1</offset><text>We describe the pathogenesis, clinical manifestations, diagnosis and treatment of this pathology.</text></sentence></passage></document><document><id>doc36</id><passage><infon key="language">EN</infon><infon key="section">abstract</infon><offset>-1</offset><sentence><infon key="sentnum">0</infon><offset>-1</offset><text>Scorpion stings and their associated mortality increased in the last years in Argentina, with a cumulative record of 73,617 cases and 30 deaths during the period 2001-2012, occurring almost all the deaths in pediatric patients.</text></sentence><sentence><infon key="sentnum">1</infon><offset>-1</offset><text>However, deaths due to severe envenoming by scorpion stings have not been recorded in Buenos Aires city and suburban regions, although the presence of scorpions in this city has been increasingly reported.</text></sentence><sentence><infon key="sentnum">2</infon><offset>-1</offset><text>We studied the temporal and geographical distribution of Tityus trivittatus findings in Buenos Aires city from the database of the Research and Development Area from the National Institute for Production of Biologics of the National Ministry of Health during the period 10/01/2001 to 31/12/2012 in order to correlate these findings with the distribution of health centers in the city.</text></sentence><sentence><infon key="sentnum">3</infon><offset>-1</offset><text>In this period 385 consults with identification of scorpions were recorded.</text></sentence><sentence><infon key="sentnum">4</infon><offset>-1</offset><text>Annual records showed a growing trend.</text></sentence><sentence><infon key="sentnum">5</infon><offset>-1</offset><text>Georeferenced data showed that findings appeared to increase in the surroundings of metro and train stations, mainly at the east of the city with expansion to the west.</text></sentence><sentence><infon key="sentnum">6</infon><offset>-1</offset><text>Although Toxicology services are geographically related to the zones with higher density of finding of scorpions, the accessibility to the centers with antivenom may hinder its application in the recommended time; some measures to avoid possible delays in the application of the treatment are suggested.</text></sentence></passage></document><document><id>doc39</id><passage><infon key="language">EN</infon><infon key="section">abstract</infon><offset>-1</offset><sentence><infon key="sentnum">0</infon><offset>-1</offset><text>Huntington's disease is a neurodegenerative disorder caused by the expansion of a CAG triplet in the huntingtin gene.</text></sentence><sentence><infon key="sentnum">1</infon><offset>-1</offset><text>It presents with physical, cognitive and psychiatric impairment at different ages in the adult, and has a fatal prognosis.</text></sentence><sentence><infon key="sentnum">2</infon><offset>-1</offset><text>Other than the number of triplet repetitions, there seem to be other factors that explain the onset of this disease at an earlier age.</text></sentence><sentence><infon key="sentnum">3</infon><offset>-1</offset><text>It is well known that neuroinflammation has a key role in neurodegenerative disorders; Huntington's disease is not an exception to that rule.</text></sentence><sentence><infon key="sentnum">4</infon><offset>-1</offset><text>Neuroinflammation exacerbates neuronal damage produced by mutation, by initiating aberrant activation of microglia cell, as well as astrocyte and dendritic cell dysfunction; also compromising the blood-brain barrier and activating the complement cascade.</text></sentence><sentence><infon key="sentnum">5</infon><offset>-1</offset><text>The latter as a direct and indirect effect of the mutation and other stimuli such as chronic infections.</text></sentence><sentence><infon key="sentnum">6</infon><offset>-1</offset><text>In this study, periodontitis is presented as a model of chronic oral infection and a systemic inflammation source.</text></sentence><sentence><infon key="sentnum">7</infon><offset>-1</offset><text>We hypothesize the potential role of periodontitis in Huntington's disease, and the mechanisms by which it contributes to the early onset and progress of the disease.</text></sentence><sentence><infon key="sentnum">8</infon><offset>-1</offset><text>We considered experimental studies, systematic reviews, meta-analyses, published in both Spanish and English, obtained from the PubMed and SciELO databases.</text></sentence><sentence><infon key="sentnum">9</infon><offset>-1</offset><text>There are various mechanisms that generate brain inflammation in these patients; mechanisms of innate immunity being especially prominent.</text></sentence><sentence><infon key="sentnum">10</infon><offset>-1</offset><text>Chronic oral-dental infections, such as periodontal disease, may be an exacerbating factor that adds to the neuroinflammation of Huntington's disease.</text></sentence></passage></document><document><id>doc40</id><passage><infon key="language">EN</infon><infon key="section">abstract</infon><offset>-1</offset><sentence><infon key="sentnum">0</infon><offset>-1</offset><text>Medicine is one of the fields of knowledge that would most benefit from a closer interaction with Computer studies and Mathematics by optimizing complex, imperfect processes such as differential diagnosis; this is the domain of Machine Learning, a branch of Artificial Intelligence that builds and studies systems capable of learning from a set of training data, in order to optimize classification and prediction processes.</text></sentence><sentence><infon key="sentnum">1</infon><offset>-1</offset><text>In Mexico during the last few years, progress has been made on the implementation of electronic clinical records, so that the National Institutes of Health already have accumulated a wealth of stored data.</text></sentence><sentence><infon key="sentnum">2</infon><offset>-1</offset><text>For those data to become knowledge, they need to be processed and analyzed through complex statistical methods, as it is already being done in other countries, employing: case-based reasoning, artificial neural networks, Bayesian classifiers, multivariate logistic regression, or support vector machines, among other methodologies; to assist the clinical diagnosis of acute appendicitis, breast cancer and chronic liver disease, among a wide array of maladies.</text></sentence><sentence><infon key="sentnum">3</infon><offset>-1</offset><text>In this review we shift through concepts, antecedents, current examples and methodologies of machine learning-assisted clinical diagnosis.</text></sentence></passage></document><document><id>doc41</id><passage><infon key="language">EN</infon><infon key="section">abstract</infon><offset>-1</offset><sentence><infon key="sentnum">0</infon><offset>-1</offset><text>The TECNO group of the Sociedad Española de Farmacia Hospitalaria (Spanish Society of Hospital Pharmacy) has addressed the definition of a catalogue of indicators for performance, quality and safety in the use of technologies applied to the logistic activity of Hospital Pharmacy Units.The project was developed with a methodology of qualitative techniques by consensus, with the members of the TECNO Group participating as experts.</text></sentence><sentence><infon key="sentnum">1</infon><offset>-1</offset><text>Once indicators had been defined, a validation phase was conducted, and standards were established based on the result of the sampling carried out in the hospitals of the group members.A total of 28 indicators were obtained, with their corresponding quality standards applied to the use of technologies in the processed for medication storage, dispensing and preparation.The definition of quality indicators and their standards for measuring technologies in the use of medication represents a step forward in the improvement of their safety.</text></sentence></passage></document><document><id>doc46</id><passage><infon key="language">EN</infon><infon key="section">abstract</infon><offset>-1</offset><sentence><infon key="sentnum">0</infon><offset>-1</offset><text>Duodenal atresia is the third cause of intrinsic intestinal obstruction in the neonatal period.</text></sentence><sentence><infon key="sentnum">1</infon><offset>-1</offset><text>Typical presentation includes early-onset vomiting of gastric or bilious content, abdominal distension and poor weight gain.</text></sentence><sentence><infon key="sentnum">2</infon><offset>-1</offset><text>If the obstruction is incomplete, as in a perforated duodenal diaphragm, presenting symptoms tend to appear later and be nonspecific, so diagnosis is usually delayed.</text></sentence><sentence><infon key="sentnum">3</infon><offset>-1</offset><text>We present the case of a 9-year-old girl with a history of biliary postprandial vomiting from the infancy period, without any impact on the nutritional status, managed symptomatically.</text></sentence><sentence><infon key="sentnum">4</infon><offset>-1</offset><text>At two years of age, an upper digestive endoscopy was performed, which was frustrated by an abundance of gastric contents.</text></sentence><sentence><infon key="sentnum">5</infon><offset>-1</offset><text>She is again studied at nine years of age with contrasting upper digestive tract and upper digestive endoscopy, which suggest the diagnosis of fenestrated duodenal membrane.</text></sentence><sentence><infon key="sentnum">6</infon><offset>-1</offset><text>Duodeno-jejunum anastomosis is performed in Roux-en-Y, with a good postoperative outcome.</text></sentence></passage></document><document><id>doc47</id><passage><infon key="language">EN</infon><infon key="section">abstract</infon><offset>-1</offset><sentence><infon key="sentnum">0</infon><offset>-1</offset><text>Vitamin B12 or cobalamin deficiency is a common nutritional disorder, in which the early recognition and treatment is critical since it is a reversible cause of bone marrow failure and demyelinating nervous system disease.</text></sentence><sentence><infon key="sentnum">1</infon><offset>-1</offset><text>Insufficient intake of vitamin along with anatomical or functional disorders of the stomach, pancreas and terminal ileum are the most frequent causes of the deficit.</text></sentence><sentence><infon key="sentnum">2</infon><offset>-1</offset><text>We present three cases of patients with cobalamin deficiency secondary to intestinal malabsorption after bariatric surgery, in relation to autoimmune process and inflammatory bowel disease mechanisms respectively, which conditioned a lack of response to treatment with high-dose oral cyanocobalamin.</text></sentence><sentence><infon key="sentnum">3</infon><offset>-1</offset><text>They also had contraindication to intramuscular administration of cyanocobalamin by the use of oral anticoagulants.</text></sentence><sentence><infon key="sentnum">4</infon><offset>-1</offset><text>In such patients, the use of an inhaled formulation cyanocobalamin provides an adequate absorption, normalizing serum cobalamin and without the existence of side effects.</text></sentence></passage></document><document><id>doc48</id><passage><infon key="language">EN</infon><infon key="section">abstract</infon><offset>-1</offset><sentence><infon key="sentnum">0</infon><offset>-1</offset><text>Introduction:Parenteral nutrition (PN) in childhood is a treatment whose characteristics are highly variable depending on the age and pathology of the patient.</text></sentence><sentence><infon key="sentnum">1</infon><offset>-1</offset><text>Material and methods: The Standardization and Protocols Group of the Spanish Society for Parenteral and Enteral Nutrition (SENPE) is an interdisciplinary group formed by members of the SENPE, the Spanish Society of Gastroenterology, Hepatology and Pediatric Nutrition (SEGHNP) and the Spanish Society of Hospital Pharmacy (SEFH) that intends to update this issue.</text></sentence><sentence><infon key="sentnum">2</infon><offset>-1</offset><text>For this, a detailed review of the literature has been carried out, looking for the evidences that allow us to elaborate a Clinical Practice Guide following the criteria of the Oxford Center for Evidence-Based Medicine.</text></sentence><sentence><infon key="sentnum">3</infon><offset>-1</offset><text>Results: This manuscript summarizes the recommendations regarding indications, access routes, requirements, modifi cations in special situations, components of the mixtures, prescription and standardization, preparation, administration, monitoring, complications and home NP.</text></sentence><sentence><infon key="sentnum">4</infon><offset>-1</offset><text>The complete document is published as a monographic number.</text></sentence><sentence><infon key="sentnum">5</infon><offset>-1</offset><text>Conclusions: This guide is intended to support the prescription of pediatric PN.</text></sentence><sentence><infon key="sentnum">6</infon><offset>-1</offset><text>It provides the basis for rational decisions in the context of the existing evidence.</text></sentence><sentence><infon key="sentnum">7</infon><offset>-1</offset><text>No guidelines can take into account all of the often compelling individual clinical circumstances.</text></sentence></passage></document><document><id>doc49</id><passage><infon key="language">EN</infon><infon key="section">abstract</infon><offset>-1</offset><sentence><infon key="sentnum">0</infon><offset>-1</offset><text>As the last century saw a decline in the burden of nutritional deficiency and infectious disease, the global burden of chronic disease, cardiovascular disease (CVD) in particular, is increasing.</text></sentence><sentence><infon key="sentnum">1</infon><offset>-1</offset><text>CVD is the leading cause of death in the developed countries.</text></sentence><sentence><infon key="sentnum">2</infon><offset>-1</offset><text>Significant research efforts on the prevention and treatment of this disease have identified elevated plasma cholesterol as a primary risk factor for CVD.</text></sentence><sentence><infon key="sentnum">3</infon><offset>-1</offset><text>Although CVD progresses with hypercholesterolemia, it seems possibility to delay and prevent its development through improvement of diet.</text></sentence><sentence><infon key="sentnum">4</infon><offset>-1</offset><text>Recent findings demonstrate that protein concentrates, protein hydrolysates, and peptides derived from vegetables may promote a significant decrease in blood cholesterol concentration.</text></sentence><sentence><infon key="sentnum">5</infon><offset>-1</offset><text>This reduction in cholesterol and lipid levels by protein, protein hydrolysates, and peptides can be the result of dietary changes, reduced cholesterol biosynthesis, changes in bile acid synthesis, and reduced absorption of lipid cholesterol and bile acid.</text></sentence><sentence><infon key="sentnum">6</infon><offset>-1</offset><text>Combination drug/diet therapies may reduce the number of drug prescriptions, the progressive rise in "optimal" drug dosage and costs associated with pharmaceutical management of disease.</text></sentence><sentence><infon key="sentnum">7</infon><offset>-1</offset><text>These bioactive vegetable proteins, hydrolysates and peptides may be used in formulation of functional foods, nutraceuticals, and natural drugs because of their health benefit effects suggesting their use as an alternative in treatment of various dyslipidemias, and a potential agent for reducing cardiovascular diseases risk factors.</text></sentence></passage></document><document><id>doc50</id><passage><infon key="language">EN</infon><infon key="section">abstract</infon><offset>-1</offset><sentence><infon key="sentnum">0</infon><offset>-1</offset><text>The Gran Chaco Americano is a major savanna woodland system in South America that harbours great plant and animal diversity.</text></sentence><sentence><infon key="sentnum">1</infon><offset>-1</offset><text>Two new herbaceous species of the Morelloid clade of 
    Solanum (largely corresponding to the traditional Solanum section Solanum) are described here from the Bolivian Chaco.</text></sentence><sentence><infon key="sentnum">2</infon><offset>-1</offset><text>Both species are morphologically similar to a group of related species with glandular pubescence and enlarged, foliaceous calyces that includes</text></sentence></passage></document><document><id>doc51</id><passage><infon key="language">EN</infon><infon key="section">abstract</infon><offset>-1</offset><sentence><infon key="sentnum">0</infon><offset>-1</offset><text>Adolescent idiopathic scoliosis is a 3D spinal deformity in frontal, sagittal and axial planes, with high relevance in the pediatric population especially in adolescents and females between 10 years of age and the end of growth spurt and skeletal maturity.</text></sentence><sentence><infon key="sentnum">1</infon><offset>-1</offset><text>The radiographic manifestation is a curve greater than 10° measured by Cobb method associated with vertebral rotation.</text></sentence><sentence><infon key="sentnum">2</infon><offset>-1</offset><text>"Idiopathic" diagnosis has to be done after neuroanatomical anomalies of the posterior cerebral fosa and spinal canal have been ruled out.</text></sentence><sentence><infon key="sentnum">3</infon><offset>-1</offset><text>The physical finding of a thoracic or lumbar hump is the clinical manifestation of vertebral rotation seen in a forward bending test (Adam's Test).</text></sentence><sentence><infon key="sentnum">4</infon><offset>-1</offset><text>It is recommended that all curves with a magnitude greater than 20° have to be controlled and treated by a spinal surgeon being observation, bracing and surgery the different treatment options based on the extent, progression of deformity and basically the clinical condition of the patient.</text></sentence></passage></document><document><id>doc52</id><passage><infon key="language">EN</infon><infon key="section">abstract</infon><offset>-1</offset><sentence><infon key="sentnum">0</infon><offset>-1</offset><text>Previous epidemiological studies have observed that adherence to Mediterranean Diet is associated with reduced cardiovascular risk, but also evident in literature are the changes in the dietary habits of the Mediterranean countries which show a departure from Mediterranean patterns.</text></sentence><sentence><infon key="sentnum">1</infon><offset>-1</offset><text>The objective of this work was to estimate the variations of the diet of Galician university students (Ourense Campus), between 2011 and 2013, in relation to the pattern of the cardioprotective Mediterranean diet.</text></sentence><sentence><infon key="sentnum">2</infon><offset>-1</offset><text>A total of 726 university students participated (344 at 2011 and 382 at 2013).</text></sentence><sentence><infon key="sentnum">3</infon><offset>-1</offset><text>A short questionnaire of adherence to a cardioprotective Mediterranean diet was used and the height and weight of each participant was recorded and BMI (Body Mass Index) was calculated.</text></sentence><sentence><infon key="sentnum">4</infon><offset>-1</offset><text>The majority of participants were normal weight.</text></sentence><sentence><infon key="sentnum">5</infon><offset>-1</offset><text>In 2013 there was an increase in low weight and obesity in women and a decrease in the prevalence of normal and overweight.</text></sentence><sentence><infon key="sentnum">6</infon><offset>-1</offset><text>In men an increase of a low weight and normal weight was observed and a decrease in the prevalence of overweight/obesity in men.</text></sentence><sentence><infon key="sentnum">7</infon><offset>-1</offset><text>In the two years studied, it was observed that there is low to intermediate adherence of students to the cardioprotective Mediterranean diet, with less adherence observed in 2013 to the Mediterranean diet, for both sexes.</text></sentence><sentence><infon key="sentnum">8</infon><offset>-1</offset><text>The dietary habits observed in 2013 have shown that the population is distancing its diet from the cardioprotective pattern of the Mediterranean diet, a decrease in the consumption of vegetables, fish, wholegrain cereals and olive oil and an increase consumption of meat.</text></sentence><sentence><infon key="sentnum">9</infon><offset>-1</offset><text>90% of these university students need to modify their eating habits to conform to a heart-healthy diet.</text></sentence></passage></document><document><id>doc53</id><passage><infon key="language">EN</infon><infon key="section">abstract</infon><offset>-1</offset><sentence><infon key="sentnum">0</infon><offset>-1</offset><text>Several chronic transmissible (e.g. AIDS) and non transmissible diseases like cadiovascular disease, are associated with oxidative stress (EOX) and dyslipidemia.</text></sentence><sentence><infon key="sentnum">1</infon><offset>-1</offset><text>Has been reported that Spirulina can reduce them, this has been demonstrated in vitro and in animal models but scarcely in humans.</text></sentence><sentence><infon key="sentnum">2</infon><offset>-1</offset><text>Through a systematic review on last 5 years (keywords: Spirulina AND cholesterol, Spirulina AND oxidative stress) 8 intervention studies with humans were reported, finding that oral (1-10 g/d) subchronic (0.5-6 month) administration of Spirulina appears to have and hypolipidemic and antioxidant effect.</text></sentence><sentence><infon key="sentnum">3</infon><offset>-1</offset><text>However, no study was properly randomized and/or controlled and no biological mechanism was proposed to support these findings.</text></sentence><sentence><infon key="sentnum">4</infon><offset>-1</offset><text>The level of evidence and the absence of appropriate experimental designs do not allow validating Spirulina as a functional food for preventing dyslipidemic diseases and EOX, and hereby decrease the CVD.</text></sentence><sentence><infon key="sentnum">5</infon><offset>-1</offset><text>We do not found papers relating harmful effect.</text></sentence></passage></document><document><id>doc55</id><passage><infon key="language">EN</infon><infon key="section">abstract</infon><offset>-1</offset><sentence><infon key="sentnum">0</infon><offset>-1</offset><text>Spondylolisthesis is the sliding of a vertebral body with respect to the adjacent one.</text></sentence><sentence><infon key="sentnum">1</infon><offset>-1</offset><text>According to the degree of slippage it is classified into 4 Meyerding grades.</text></sentence><sentence><infon key="sentnum">2</infon><offset>-1</offset><text>Patients with spondylolisthesis who underwent surgery with lumbar instrumentation were included.</text></sentence><sentence><infon key="sentnum">3</infon><offset>-1</offset><text>They were divided into two groups based on their body mass index: obese and non-obese.</text></sentence><sentence><infon key="sentnum">4</infon><offset>-1</offset><text>The functional capacity Oswestry score was calculated preoperatively and at one year, and it was correlated with the BMI.</text></sentence><sentence><infon key="sentnum">5</infon><offset>-1</offset><text>A total of 46 patients, 26 females and 20 males, were included, from 2010 to 2013, all of them with a diagnosis of degenerative spondylolisthesis with lumbar stenosis.</text></sentence><sentence><infon key="sentnum">6</infon><offset>-1</offset><text>Mean age was 58.9 years.</text></sentence><sentence><infon key="sentnum">7</infon><offset>-1</offset><text>The mean preoperative Oswestry disability index was 41% in non-obese patients and 47% in obese patients.</text></sentence><sentence><infon key="sentnum">8</infon><offset>-1</offset><text>At the one-year postoperative assessment the disability index was 12.30% in non-obese patients and 23.84% in obese patients.</text></sentence><sentence><infon key="sentnum">9</infon><offset>-1</offset><text>Non-obese patients had a more favorable clinical course compared to the group of obese patients.</text></sentence></passage></document><document><id>doc57</id><passage><infon key="language">EN</infon><infon key="section">abstract</infon><offset>-1</offset><sentence><infon key="sentnum">0</infon><offset>-1</offset><text>The purpose of this study was to identify the consumption of beverages among high school Mexican students and to determine obesity (OB) and abdominal obesity (AB).</text></sentence><sentence><infon key="sentnum">1</infon><offset>-1</offset><text>Differences in range and calorie beverage consumption between gender and BMI categories were calculated with the Mann-Whitney test.</text></sentence><sentence><infon key="sentnum">2</infon><offset>-1</offset><text>We assessed 1,677 students 15 to 17 yo.</text></sentence><sentence><infon key="sentnum">3</infon><offset>-1</offset><text>The prevalence of OB and AO was 15% and 53% in men and 12% and 47% in women.</text></sentence><sentence><infon key="sentnum">4</infon><offset>-1</offset><text>The consumption of energy, sugary drinks, and alcohol in milliliters and kilocalories per week, was higher in men (p = 0.001).</text></sentence><sentence><infon key="sentnum">5</infon><offset>-1</offset><text>More than 70% of students consumed per day more than 25 g/day of sugar from beverages, and more than 38% consumed more than 50 g/day of sugar.</text></sentence><sentence><infon key="sentnum">6</infon><offset>-1</offset><text>This high risk food consumption warrants immediate intervention.</text></sentence></passage></document><document><id>doc60</id><passage><infon key="language">EN</infon><infon key="section">abstract</infon><offset>-1</offset><sentence><infon key="sentnum">0</infon><offset>-1</offset><text>Ketamine is a N-Metil-D-Aspartate receptor antagonist that has been used as adjuvant in the acute postoperative pain management because of its analgesic properties.</text></sentence><sentence><infon key="sentnum">1</infon><offset>-1</offset><text>However, its role is not clearly determined.</text></sentence><sentence><infon key="sentnum">2</infon><offset>-1</offset><text>To answer this question, we searched in Epistemonikos database, which is maintained by screening multiple information sources.</text></sentence><sentence><infon key="sentnum">3</infon><offset>-1</offset><text>We identified 19 systematic reviews including 226 randomized trials overall.</text></sentence><sentence><infon key="sentnum">4</infon><offset>-1</offset><text>We extracted data and generated a summary of findings table using the GRADE approach.</text></sentence><sentence><infon key="sentnum">5</infon><offset>-1</offset><text>We concluded intravenous ketamine probably has little or no effect in reducing postoperative pain.</text></sentence></passage></document><document><id>doc61</id><passage><infon key="language">EN</infon><infon key="section">abstract</infon><offset>-1</offset><sentence><infon key="sentnum">0</infon><offset>-1</offset><text>Depot antipsychotics have been generally used in patients with chronic schizophrenia with adherence problems to oral therapy.</text></sentence><sentence><infon key="sentnum">1</infon><offset>-1</offset><text>However, it has been suggested they can be a good alternative in earlier stages too.</text></sentence><sentence><infon key="sentnum">2</infon><offset>-1</offset><text>Searching in Epistemonikos database, which is maintained by screening 30 databases, we identified three systematic reviews including two pertinent randomized trials.</text></sentence><sentence><infon key="sentnum">3</infon><offset>-1</offset><text>We combined the evidence using meta-analysis and generated a summary of findings table following the GRADE approach.</text></sentence><sentence><infon key="sentnum">4</infon><offset>-1</offset><text>We concluded it is not clear whether there are differences between depot and oral antipsychotics in first-episode psychosis because the certainty of the available evidence is very low.</text></sentence></passage></document><document><id>doc62</id><passage><infon key="language">EN</infon><infon key="section">abstract</infon><offset>-1</offset><sentence><infon key="sentnum">0</infon><offset>-1</offset><text>Letter to the editor.</text></sentence></passage></document><document><id>doc65</id><passage><infon key="language">EN</infon><infon key="section">abstract</infon><offset>-1</offset><sentence><infon key="sentnum">0</infon><offset>-1</offset><text>The independent neurovascular anatomy of the long head of the triceps brachii and its suitability as a free muscle transfer have been extensively studied.</text></sentence><sentence><infon key="sentnum">1</infon><offset>-1</offset><text>Instead muscle transposition of the long head of the triceps brachii to enhance elbow flexion has been rarely described.</text></sentence><sentence><infon key="sentnum">2</infon><offset>-1</offset><text>We describe in this paper two cases of injury of brachial plexus sequel in which transposition was performed only on the long head of the triceps.</text></sentence><sentence><infon key="sentnum">3</infon><offset>-1</offset><text>The elbow flexion was improved, the extension was preserved.</text></sentence></passage></document><document><id>doc68</id><passage><infon key="language">EN</infon><infon key="section">abstract</infon><offset>-1</offset><sentence><infon key="sentnum">0</infon><offset>-1</offset><text>Rhinosinusitis is a very common childhood condition.</text></sentence><sentence><infon key="sentnum">1</infon><offset>-1</offset><text>Osteomyelitis is an unusual complication, which mainly occurs in toddlers and young children.</text></sentence><sentence><infon key="sentnum">2</infon><offset>-1</offset><text>The most frequent etiologic agent is Staphylococcus aureus.</text></sentence><sentence><infon key="sentnum">3</infon><offset>-1</offset><text>Iniatially, it is characterized by fever, low eyelid edema, unilateral rhinorrhea and ipsilateral palatine edema.</text></sentence><sentence><infon key="sentnum">4</infon><offset>-1</offset><text>Subsequently, abscesses develop in the maxillar yuxtanasal and/or the dental alveolar area.</text></sentence><sentence><infon key="sentnum">5</infon><offset>-1</offset><text>Secondary, it can be complicated by sequestrations, spontaneous expulsion of dental pieces and/or fistula, as well as orbital and intracranial complications.</text></sentence><sentence><infon key="sentnum">6</infon><offset>-1</offset><text>The diagnosis is based on clinical findings and is confirmed by computed tomography findings.</text></sentence><sentence><infon key="sentnum">7</infon><offset>-1</offset><text>The treatment is clinical and surgical.</text></sentence><sentence><infon key="sentnum">8</infon><offset>-1</offset><text>Here we report a five year old child, with rhinosinusitis complicated by osteomyelitis of maxillary bone, mediated by a methicillin-resistant Staphylococcus aureus infection.</text></sentence></passage></document><document><id>doc69</id><passage><infon key="language">EN</infon><infon key="section">abstract</infon><offset>-1</offset><sentence><infon key="sentnum">0</infon><offset>-1</offset><text>Palpable irregularities along the nasal dorsum are a frequent complication of dorsal handling in rhinoplasty because resection techniques are used.</text></sentence><sentence><infon key="sentnum">1</infon><offset>-1</offset><text>This is often a result of improper management of the dorsum after resection.</text></sentence><sentence><infon key="sentnum">2</infon><offset>-1</offset><text>The surgical technique for handling of dorsal irregularities following dorsal resection is described.</text></sentence><sentence><infon key="sentnum">3</infon><offset>-1</offset><text>The key steps to avoid irregularities are diamond rasps, autospreader and morselized cartilage as camouflage.</text></sentence><sentence><infon key="sentnum">4</infon><offset>-1</offset><text>Following resection of the hump, the anatomy of the nasal dorsum should be adequately restructured; thereby we achieve an adequate aesthetic result and ideally preventing irregularities on palpation.</text></sentence></passage></document><document><id>doc71</id><passage><infon key="language">EN</infon><infon key="section">abstract</infon><offset>-1</offset><sentence><infon key="sentnum">0</infon><offset>-1</offset><text>This article is a general review of the diagnostic tools that the clinician can use for the early diagnosis of acute appendicitis with emphasis on the Alvarado Score, and it is aimed principally to the medical practitioners in different parts of the world where the diagnostic facilities and technological resources are limited.</text></sentence></passage></document><document><id>doc72</id><passage><infon key="language">EN</infon><infon key="section">abstract</infon><offset>-1</offset><sentence><infon key="sentnum">0</infon><offset>-1</offset><text>This article updates the December 2015 Living FRISBEE (Living FRISBEE: Living FRIendly Summary of the Body of Evidence using Epistemonikos), based on the detection of two systematic reviews not identified in the previous version.</text></sentence><sentence><infon key="sentnum">1</infon><offset>-1</offset><text>Gastroenteritis or acute watery diarrhea is usually a self-limited disease, but it is still associated to substantial healthcare costs and remains a frequent demand for medical care.</text></sentence><sentence><infon key="sentnum">2</infon><offset>-1</offset><text>Racecadotril, an intestinal enkephalinase inhibitor, has been used as treatment because it would decrease the duration of acute diarrhea and fluid loss.</text></sentence><sentence><infon key="sentnum">3</infon><offset>-1</offset><text>However there is still no evidence supporting its routine use.</text></sentence><sentence><infon key="sentnum">4</infon><offset>-1</offset><text>Searching in Epistemonikos database, which is maintained by screening 30 databases, we identified five systematic reviews including nine randomized trials relevant for our question.</text></sentence><sentence><infon key="sentnum">5</infon><offset>-1</offset><text>We combined the evidence using meta-analysis and generated a summary of findings table following the GRADE approach.</text></sentence><sentence><infon key="sentnum">6</infon><offset>-1</offset><text>We concluded racecadotril probably reduces the duration of acute diarrhea in pediatric patients, without increasing adverse effects.</text></sentence></passage></document><document><id>doc79</id><passage><infon key="language">EN</infon><infon key="section">abstract</infon><offset>-1</offset><sentence><infon key="sentnum">0</infon><offset>-1</offset><text>The Law that led to the foundation of the Seguro Social was enacted on December 31st 1942, and later it was amended in 1945 to give rise to the Instituto Mexicano del Seguro Social.</text></sentence><sentence><infon key="sentnum">1</infon><offset>-1</offset><text>The first 10 years were characterized by the integration and acceptance of healthcare services from the social security point of view.</text></sentence><sentence><infon key="sentnum">2</infon><offset>-1</offset><text>In the 50s, with the construction of the Hospital La Raza, and in the 60s, with the construction of the Centro Medico Nacional, an expansion took place with the creation of several specialty units.</text></sentence><sentence><infon key="sentnum">3</infon><offset>-1</offset><text>The Hospital de Pediatría from the Centro Médico Nacional was one of them.</text></sentence><sentence><infon key="sentnum">4</infon><offset>-1</offset><text>A brief historical description of its origins is presented, and most importantly, of the impact it had on Mexican medicine.</text></sentence></passage></document><document><id>doc85</id><passage><infon key="language">EN</infon><infon key="section">abstract</infon><offset>-1</offset><sentence><infon key="sentnum">0</infon><offset>-1</offset><text>Food composition databases (FCDBs) provide detailed information about the nutritional composition of foods.</text></sentence><sentence><infon key="sentnum">1</infon><offset>-1</offset><text>The conversion of food consumption into nutrient intake need a Food composition database (FCDB) which lists the mean nutritional values for a given food portion.</text></sentence><sentence><infon key="sentnum">2</infon><offset>-1</offset><text>The limitations of FCDBs are sometimes little known by the users.</text></sentence><sentence><infon key="sentnum">3</infon><offset>-1</offset><text>Multicentre studies have raised several methodology challenges which allow to standardize nutritional assessments in different populations and geographical areas for food composition and nutrient intake.</text></sentence><sentence><infon key="sentnum">4</infon><offset>-1</offset><text>Differences between FCDBs include those attributed to technical matters, such as description of foods, calculation of energy and definition of nutrients, analytical methods, and principles for recipe calculation.</text></sentence><sentence><infon key="sentnum">5</infon><offset>-1</offset><text>Such differences need to be identified and eliminated before comparing data from different studies, especially when dietary data is related to a health outcome.</text></sentence><sentence><infon key="sentnum">6</infon><offset>-1</offset><text>There are ongoing efforts since 1984 to standardize FCDBs over the world (INFOODS, EPIC, EuroFIR, etc.).</text></sentence><sentence><infon key="sentnum">7</infon><offset>-1</offset><text>Food composition data can be gathered from different sources like private company analysis, universities, government laboratories and food industry.</text></sentence><sentence><infon key="sentnum">8</infon><offset>-1</offset><text>They can also be borrowed from scientific literature or even from the food labelling.</text></sentence><sentence><infon key="sentnum">9</infon><offset>-1</offset><text>There are different proposals to evaluate the quality of food composition data.</text></sentence><sentence><infon key="sentnum">10</infon><offset>-1</offset><text>For the development of a FCDB it is fundamental document in the most detailed way, each of the data values of the different components and nutrients of a food.</text></sentence><sentence><infon key="sentnum">11</infon><offset>-1</offset><text>The objective of AECOSAN (Agencia Española de Consumo Seguridad Alimentaria y Nutrición) and BEDCA (Base de Datos Española de Composición de Alimentos) association was the development and support of a reference FCDB in Spain according to the standards to be defined in Europe.</text></sentence><sentence><infon key="sentnum">12</infon><offset>-1</offset><text>BEDCA is currently the only FCDB developed in Spain with compiled and documented data following EuroFIR standards.</text></sentence></passage></document><document><id>doc88</id><passage><infon key="language">EN</infon><infon key="section">abstract</infon><offset>-1</offset><sentence><infon key="sentnum">0</infon><offset>-1</offset><text>"Pharmaconutrient" is a term applicable to those compounds which.</text></sentence><sentence><infon key="sentnum">1</infon><offset>-1</offset><text>in addition to their nutritional function, play a role as aids in the treatment of patients with severe pathologies, including sepsis, trauma, burns and major surgery, In general, enrichment of enteral an parenteral formulas with pharmaconutrients contribute to positively modulate the inflammatory response, infection and controlling the internal milieu, which in turn can be evaluated through lower mortality, hospital and intensive care units stay, days of mechanical ventilation and other parameters allowing to asses their effects.</text></sentence><sentence><infon key="sentnum">2</infon><offset>-1</offset><text>Arginine, glutamine, nucleotides, omega-3 fatty acids and antioxidant micronutrients, make up the nucleus of pharmaconutrients used with that aim, usually as mixtures of them.</text></sentence><sentence><infon key="sentnum">3</infon><offset>-1</offset><text>In the present review current evidence about the effects, indications, limitations, doses, potential adverse risks and even counter-indications is analysed.</text></sentence></passage></document><document><id>doc89</id><passage><infon key="language">EN</infon><infon key="section">abstract</infon><offset>-1</offset><sentence><infon key="sentnum">0</infon><offset>-1</offset><text>The secondary hemophagocytic syndrome is rare in children and even rarer associated with tuberculosis.</text></sentence><sentence><infon key="sentnum">1</infon><offset>-1</offset><text>e report the case of a patient with acquired immunodeficiency syndrome, disseminated tuberculosis and hemophagocytic syndrome.</text></sentence><sentence><infon key="sentnum">2</infon><offset>-1</offset><text>An 8-year-old girl, diagnosed with acquired immunodeficiency syndrome, was admitted due to fever, vomiting and abdominal pain.</text></sentence><sentence><infon key="sentnum">3</infon><offset>-1</offset><text>She presented abdominal distension, dehydration, tachypnea, crackles and wheezing in both lungs, anemia, thrombocytopenia and coagulopathy.</text></sentence><sentence><infon key="sentnum">4</infon><offset>-1</offset><text>She received broad-spectrum antibiotics and exploratory laparotomy was performed with appendectomy and lymph node biopsy.</text></sentence><sentence><infon key="sentnum">5</infon><offset>-1</offset><text>After 72 hours the patient presented tonic clonic seizure, impaired sensory, fever, hypoxemia, hepatosplenomegaly, ascites and peripheral edema.</text></sentence><sentence><infon key="sentnum">6</infon><offset>-1</offset><text>She developed bicytopenia, hyperferritinemia and bone marrow microscopic examination with hemophagocytosis.</text></sentence><sentence><infon key="sentnum">7</infon><offset>-1</offset><text>She received intravenous gammaglobulin, steroids and blood transfusions.</text></sentence><sentence><infon key="sentnum">8</infon><offset>-1</offset><text>Mycobacterium tuberculosis was cultured in gastric aspirate, bone marrow and abdominal lymph node biopsy.</text></sentence><sentence><infon key="sentnum">9</infon><offset>-1</offset><text>She was treated with isoniazid, rifampicin, streptomycin and ethambutol, showing marked improvement.</text></sentence></passage></document><document><id>doc90</id><passage><infon key="language">EN</infon><infon key="section">abstract</infon><offset>-1</offset><sentence><infon key="sentnum">0</infon><offset>-1</offset><text>Critical congenital heart disease (CCHD) may cause changes in retinal vasculature.</text></sentence><sentence><infon key="sentnum">1</infon><offset>-1</offset><text>However, there is lack of data in this issue in newborns.</text></sentence><sentence><infon key="sentnum">2</infon><offset>-1</offset><text>We evaluated retinovascular changes in a series of 43 newborn with CCHD.</text></sentence><sentence><infon key="sentnum">3</infon><offset>-1</offset><text>They were divided into 2 groups according to the type of CCHD; group 1 (n= 18): left obstructive CCHD and group 2 (n= 25): right obstructive CCHD.</text></sentence><sentence><infon key="sentnum">4</infon><offset>-1</offset><text>Retinovascular pathologies were detected in 21 patients (48.8%); it was more frequent in group 1 (p= 0.04).</text></sentence><sentence><infon key="sentnum">5</infon><offset>-1</offset><text>The most common pathology was retinal vascular tortuosity in 6 patients (33.3%) of group 1, and 4 (16.0%) in group 2.</text></sentence><sentence><infon key="sentnum">6</infon><offset>-1</offset><text>None of 21 patients with retinovascular changes required any therapy at follow-up.</text></sentence><sentence><infon key="sentnum">7</infon><offset>-1</offset><text>In multivariate analysis, only having a left obstructive CCHD was associated with the development of any retinovascular pathology (P= 0.03, OR: 2.8, CI95%: 1.1-7.4).</text></sentence><sentence><infon key="sentnum">8</infon><offset>-1</offset><text>Retinovascular changes are frequent in newborn patients with CCHD.</text></sentence></passage></document><document><id>doc93</id><passage><infon key="language">EN</infon><infon key="section">abstract</infon><offset>-1</offset><sentence><infon key="sentnum">0</infon><offset>-1</offset><text>In diabetes mellitus type 2 (DMT2), malfunction and apoptosis of β-cell provoke a deficient insulin secretion.</text></sentence><sentence><infon key="sentnum">1</infon><offset>-1</offset><text>Generally, has been sustained that β-cell function is severely compromised in type 2 diabetes before the disease appears and then continues to decrease linearly with time.</text></sentence><sentence><infon key="sentnum">2</infon><offset>-1</offset><text>Diversionary bariatric procedures such as gastric bypass, biliopancreatic diversion, one anastomosis gastric by-pass (BAGUA) and others that bypasses the foregut, induce a rapid non-weight-loss-associated improvement in glycemic control, especially if treated early before irreparable β-cell damage has occurred.</text></sentence><sentence><infon key="sentnum">3</infon><offset>-1</offset><text>The antidiabetic effect of bariatric operations is likely due to the improvement in the hormonal dysregulation associated with the development of diabetes.</text></sentence><sentence><infon key="sentnum">4</infon><offset>-1</offset><text>Now we know that the bariatric surgery through the reorganization of the gastrointestinal tract can affect to β-cells mass homeostasis, stopped apoptosis and stimulate the replication and neogenesis.</text></sentence><sentence><infon key="sentnum">5</infon><offset>-1</offset><text>These effects are caused mainly by three stimuli: caloric restriction, rapid transit of food to the ileum and the exclusion of an intestinal portion including the stomach, duodenum and part of the jejunum.</text></sentence><sentence><infon key="sentnum">6</infon><offset>-1</offset><text>Several mechanisms have been proposed for this exciting effect that may provide key insights into the pathogenesis of type-2 diabetes.</text></sentence><sentence><infon key="sentnum">7</infon><offset>-1</offset><text>All of these mechanisms include from gut hormones such as ghrelin to second messengers such as AKT system or protein kinase B. Although not all the processes involved in the homeostasis of β-cells are clear, we can explain some of the effects of bariatric surgery exerted on this important set of endocrine cells, which are essential in diabetes control.</text></sentence></passage></document><document><id>doc95</id><passage><infon key="language">EN</infon><infon key="section">abstract</infon><offset>-1</offset><sentence><infon key="sentnum">0</infon><offset>-1</offset><text>Among the extensive collections currently being made in Guyane (French Guiana), adults of a large and colorful species of pseudomorphine were encountered.</text></sentence><sentence><infon key="sentnum">1</infon><offset>-1</offset><text>The adults present, for the first time in the Western Hemisphere, elytra with a marked color pattern, and in addition a size considerably beyond that of the rest of the members of all other known genera in the Western Hemisphere.</text></sentence><sentence><infon key="sentnum">2</infon><offset>-1</offset><text>Both of these attributes, however, are well known in the Australian pseudomorphine fauna.</text></sentence><sentence><infon key="sentnum">3</infon><offset>-1</offset><text>This new species is described and illustrated and a revised key to the Western Hemisphere genera is included.</text></sentence><sentence><infon key="sentnum">4</infon><offset>-1</offset><text>The type locality of Guyanemorpha spectabilis gen. n., sp.</text></sentence><sentence><infon key="sentnum">5</infon><offset>-1</offset><text>n. is Guyane,Risquetout, PK20, 4.916°N, 52.516°W, 12m altitude.</text></sentence></passage></document><document><id>doc98</id><passage><infon key="language">EN</infon><infon key="section">abstract</infon><offset>-1</offset><sentence><infon key="sentnum">0</infon><offset>-1</offset><text>This research intended to validate two brief scales of sensations seeking with Peruvian adolescents: the eight item scale (BSSS8; Hoyle, Stephenson, Palmgreen, Lorch, y Donohew, 2002) and the four item scale (BSSS4; Stephenson, Hoyle, Slater, y Palmgreen, 2003).</text></sentence><sentence><infon key="sentnum">1</infon><offset>-1</offset><text>Questionnaires were administered to 618 voluntary participants, with an average age of 13.6 years, from different levels of high school, state and private school in a district in the south of Lima.</text></sentence><sentence><infon key="sentnum">2</infon><offset>-1</offset><text>It analyzed the internal structure of both short versions using three models: a) unidimensional (M1), b) oblique or related dimensions (M2), and c) the bifactor model (M3).</text></sentence><sentence><infon key="sentnum">3</infon><offset>-1</offset><text>Results show that both instruments have a single dimension which best represents the variability of the items; a fact that can be explained both by the complexity of the concept and by the small number of items representing each factor, which is more noticeable in the BSSS4.</text></sentence><sentence><infon key="sentnum">4</infon><offset>-1</offset><text>Reliability is within levels found by previous studies: alpha: .745 = BSSS8 and BSSS4 =.</text></sentence><sentence><infon key="sentnum">5</infon><offset>-1</offset><text>643; omega coefficient: .747 in BSSS8 and .651 in BSSS4.</text></sentence><sentence><infon key="sentnum">6</infon><offset>-1</offset><text>These are considered suitable for the type of instruments studied.</text></sentence><sentence><infon key="sentnum">7</infon><offset>-1</offset><text>Based on the correlation between the two instruments, it was found that there are satisfactory levels of equivalence between the BSSS8 and BSSS4.</text></sentence><sentence><infon key="sentnum">8</infon><offset>-1</offset><text>However, it is recommended that the BSSS4 is mainly used for research and for the purpose of describing populations.</text></sentence></passage></document></collection>