<?xml version="1.0" encoding="UTF-8"?><!DOCTYPE collection SYSTEM "BioC.dtd"><collection><source></source><date></date><key></key><document><id>doc1</id><passage><infon key="language">DE</infon><infon key="section">abstract</infon><offset>-1</offset><sentence><infon key="sentnum">0</infon><offset>-1</offset><text>Dieser Fallbericht beschreibt drei Katzenwelpen mit Verdacht auf Doramectin-Intoxikation.</text></sentence><sentence><infon key="sentnum">1</infon><offset>-1</offset><text>Ein Wurf von insgesamt 7 Katzenwelpen wurde mit Doramectin behandelt, woraufhin drei Welpen neurologische Symptome entwickeltena Ein Welpe zeigte leichte Apathie und Zittern, ein weiterer zusätzlich Verhaltensänderungen und epileptiforme Anfälle, die mit Diazepam behandelt werden mussten.</text></sentence><sentence><infon key="sentnum">2</infon><offset>-1</offset><text>Beide Welpen erholten sich vollständig.</text></sentence><sentence><infon key="sentnum">3</infon><offset>-1</offset><text>Ein dritter Welpe wurde 3 Tage nach Doramectin-Gabe stuporös vorgestellt und zeigte im weiteren Verlauf Verhaltensänderungen wie Aggressivität, Hyperästhesie, Tremor und epileptiforme Anfälle.</text></sentence><sentence><infon key="sentnum">4</infon><offset>-1</offset><text>Er verstarb 36 Stunden nach Vorstellung.</text></sentence><sentence><infon key="sentnum">5</infon><offset>-1</offset><text>Bei der histopathologischen Untersuchung des Gehirns konnten ein zytotoxisches Ödem und Polioenzephalomalazie festgestellt werden.</text></sentence><sentence><infon key="sentnum">6</infon><offset>-1</offset><text>Die Doramectin-Dosis beim verstorbenen Welpen betrug 380 μg/kg.</text></sentence></passage></document><document><id>doc2</id><passage><infon key="language">DE</infon><infon key="section">abstract</infon><offset>-1</offset><sentence><infon key="sentnum">0</infon><offset>-1</offset><text>Wir berichteten über den Fall eines zuvor gesunden jungen Mannes, der sich aufgrund von Hämoptysen und Dyspnoe im Spital vorgestellt hat.</text></sentence><sentence><infon key="sentnum">1</infon><offset>-1</offset><text>In der täglichen Praxis sind Ärzte häufig mit Hämoptysen konfroniert, so dass sich Abklärungen leicht über einen längeren Zeitraum hinziehen können.</text></sentence><sentence><infon key="sentnum">2</infon><offset>-1</offset><text>Unser Fall illustriert die Wichtigkeit, grundlegende Ursachen rasch abzuklären, eine Behandlung ohne Verzögerung einzuleiten und auch seltene Erkrankungen in die Differenzialdiagnose miteinzubeziehen.</text></sentence></passage></document><document><id>doc4</id><passage><infon key="language">DE</infon><infon key="section">abstract</infon><offset>-1</offset><sentence><infon key="sentnum">0</infon><offset>-1</offset><text>Große epidemiologische Datenbanken werden oft eingesetzt, um Fragen der Nutzung von Medikamenten, der Versorgungsforschung und der Arzneimittelsicherheit zu untersuchen.</text></sentence><sentence><infon key="sentnum">1</infon><offset>-1</offset><text>Die Hauptstärke solcher Datenbanken ist ihr großer Umfang, der sehr präzise Aussagen gewährleistet.</text></sentence><sentence><infon key="sentnum">2</infon><offset>-1</offset><text>Die Datenbank IMS
   ® LRx ist in den letzten Jahren vermehrt als Datenquelle für epidemiologische Studien eingesetzt worden.</text></sentence><sentence><infon key="sentnum">3</infon><offset>-1</offset><text>Ziel dieser Arbeit ist es, eine Reihe neuerer Studien, die mit Hilfe dieser Datenbank durchgeführt wurden, zu rezensieren und Vergleiche mit den Ergebnissen ähnlicher Studien in der Literatur zu erstellen.</text></sentence><sentence><infon key="sentnum">4</infon><offset>-1</offset><text>Trotz der Beschränkung auf Originalarbeiten, für die vergleichbare unabhängige Studien in der Literatur zu finden waren, war es möglich, eine größere Auswahl von Analysebeispielen in diversen Märkten zu treffen: Ermittlung der Prävalenz/Inzidenz (Diabetes, Epilepsie), Persistenzanalysen (Diabetes, Osteoporose), Komedikation (Diabetes), Medikamentennutzung (G-CSF Markt) und Behandlungskosten (Diabetes, G-CSF Markt).</text></sentence><sentence><infon key="sentnum">5</infon><offset>-1</offset><text>Im allgemeinen stimmten die Ergebnisse der LRx-Studien mit denen der Vergleichsanalysen klar überein.</text></sentence><sentence><infon key="sentnum">6</infon><offset>-1</offset><text>In manchen Fällen gab es jedoch deutliche Abweichungen zwischen den LRx- und den Literaturergebnissen (z.B. Prävalenz der Epilepsie, Persistenz bei Osteoporosebehandlung).</text></sentence><sentence><infon key="sentnum">7</infon><offset>-1</offset><text>Diese wurden diskutiert und mögliche Gründe vorgebracht.</text></sentence><sentence><infon key="sentnum">8</infon><offset>-1</offset><text>Zusammenfassend wurde die IMS</text></sentence></passage></document><document><id>doc8</id><passage><infon key="language">DE</infon><infon key="section">abstract</infon><offset>-1</offset><sentence><infon key="sentnum">0</infon><offset>-1</offset><text>Zahlreiche Forschungszentren setzen die Magnetresonanztomographie (MRT) zu Studienzwecken an Minderjährigen ein.</text></sentence><sentence><infon key="sentnum">1</infon><offset>-1</offset><text>Angesichts dieser Forschungspraxis werden jedoch ethische Bedenken bezüglich der Belastung, der die Studienteilnehmer während der MRT-Untersuchung ausgesetzt sind, diskutiert.</text></sentence><sentence><infon key="sentnum">2</infon><offset>-1</offset><text>Ziel der Studie ist daher zu evaluieren, ob eine MRT-Untersuchung negative Emotionen bei Kindern und Jugendlichen induziert, die stärker sind als die gegenwärtig als «minimale Belastung» eingestufte Untersuchungsmethode der Elektroenzephalographie (EEG).</text></sentence><sentence><infon key="sentnum">3</infon><offset>-1</offset><text>Weiterhin wird die durch eine MRT-Untersuchung von Kindern und Jugendlichen induzierte emotionale Belastung mit der einer MRT-Untersuchung von Erwachsenen verglichen.</text></sentence><sentence><infon key="sentnum">4</infon><offset>-1</offset><text>Untersuchungsmethodenbezogene Emotionen werden in der vorliegenden Studie bei Kindern und Jugendlichen beiderlei Geschlechts im Alter von 8 bis 17;11 Jahren, bei denen ein MRT des Cerebrums mit medizinischer Indikation durchgeführt wird, erhoben.</text></sentence><sentence><infon key="sentnum">5</infon><offset>-1</offset><text>Eine Stichprobe von Kindern und Jugendlichen, die mittels EEG mit medizinischer Indikation untersucht wird, dient als Vergleichsgruppe sowie eine Stichprobe von erwachsenen Patienten im Alter von 18 bis 65 Jahren, bei denen eine medizinisch indizierte MRT-Untersuchung durchgeführt wird.</text></sentence><sentence><infon key="sentnum">6</infon><offset>-1</offset><text>Die Studie befindet sich zurzeit in der Phase der Datenerhebung.</text></sentence><sentence><infon key="sentnum">7</infon><offset>-1</offset><text>Die Intention des folgenden Beitrags besteht darin, das Studiendesign des MRT-Forschungsprojekts vorzustellen.</text></sentence></passage></document><document><id>doc10</id><passage><infon key="language">DE</infon><infon key="section">abstract</infon><offset>-1</offset><sentence><infon key="sentnum">0</infon><offset>-1</offset><text>Vorhofflimmern ist die häufigste Rhythmusstörung überhaupt und betrifft rund 2 % der Bevölkerung.</text></sentence><sentence><infon key="sentnum">1</infon><offset>-1</offset><text>Neben der oralen Antikoagulation von Patienten mit einem erhöhten Risiko für thromboembolische Ereignisse besteht die Therapie häufig aus dem Versuch der Rhythmuskontrolle, vor allem bei jüngeren und hochsymptomatischen Patienten.</text></sentence><sentence><infon key="sentnum">2</infon><offset>-1</offset><text>Als Alternative zur medikamentösen Therapie mit Antiarrhythmika hat sich bei Patienten mit symptomatischem paroxysmalem Vorhofflimmern die Ablationsbehandlung etabliert.</text></sentence><sentence><infon key="sentnum">3</infon><offset>-1</offset><text>Ziel ist eine Isolation der Pulmonalvenen, in denen sich arrhythmogene Foci befinden, die bei strukturell ansonsten weitestgehend normalen Vorhöfen Vorhofflimmern induzieren.</text></sentence><sentence><infon key="sentnum">4</infon><offset>-1</offset><text>Bei lange persistierendem Vorhofflimmern besteht keine Einigkeit über die Ablationstechniken und die Erfolgsaussichten sind deutlich geringer.</text></sentence><sentence><infon key="sentnum">5</infon><offset>-1</offset><text>Die vorliegende Arbeit gibt eine Übersicht über die pathophysiologischen Grundlagen, die Ablationstechniken, die Erfolgsaussichten und Risiken sowie alternative Behandlungsoptionen.</text></sentence></passage></document><document><id>doc12</id><passage><infon key="language">DE</infon><infon key="section">abstract</infon><offset>-1</offset><sentence><infon key="sentnum">0</infon><offset>-1</offset><text>Eigentlich wollen wir ja meist nicht wissen, wo ein Labormesswert unseres Patienten in Bezug auf den Normbereich liegt, welcher ja aufgrund des Polymorphismus der Bevölkerung eine recht große Streuung aufweist.</text></sentence><sentence><infon key="sentnum">1</infon><offset>-1</offset><text>Was uns interessiert, ist im Grunde genommen, ob sich der Messwert beim jetzt kranken Patienten vom Wert des früheren Gesunden unterscheidet.</text></sentence><sentence><infon key="sentnum">2</infon><offset>-1</offset><text>Wir kennen das aus der Pädiatrie mit den Wachstumskurven.</text></sentence><sentence><infon key="sentnum">3</infon><offset>-1</offset><text>Das Interessante ist nicht, ob das Kind groß oder klein ist, sondern ob sich ein Knick in der Kurve gebildet hat.</text></sentence><sentence><infon key="sentnum">4</infon><offset>-1</offset><text>Da wir aber in der Regel leider keinen Ausgangswert des Patienten haben, greifen wir als Ersatz auf den Normbereich zurück und verpassen dabei die „Knicks“, die bereits innerhalb des Normbereichs stattfinden.</text></sentence><sentence><infon key="sentnum">5</infon><offset>-1</offset><text>Idealerweise hätten wir eine „Lebenskurve“ der Laborwerte eines Patienten, was ja ein Teil des Nutzens des lebenslangen Gesundheits-/Krankheits-Dossiers wäre.</text></sentence><sentence><infon key="sentnum">6</infon><offset>-1</offset><text>Die Frage, mit welcher wir uns hier beschäftigen wollen, ist, welcher Messunterschied, beziehungsweise welcher „Knick“ bereits signifikant ist.</text></sentence><sentence><infon key="sentnum">7</infon><offset>-1</offset><text>Die Signifikanz einer Änderung hängt von zwei Faktoren ab: Die Messungenauigkeit und die biologische Variabilität.</text></sentence><sentence><infon key="sentnum">8</infon><offset>-1</offset><text>Erstere wird mit zunehmend verbesserter Messtechnologie immer kleiner, letztere ist konstant und oft erstaunlich hoch.</text></sentence><sentence><infon key="sentnum">9</infon><offset>-1</offset><text>Beide zusammen können im Reference Change Value (RCV) zusammengefasst werden.</text></sentence><sentence><infon key="sentnum">10</infon><offset>-1</offset><text>Anhand von mehreren klinisch chemischen Analysen wird der Stellenwert des RCV aufgezeigt.</text></sentence></passage></document><document><id>doc13</id><passage><infon key="language">DE</infon><infon key="section">abstract</infon><offset>-1</offset><sentence><infon key="sentnum">0</infon><offset>-1</offset><text>Die posteriore Schulterinstabilität ist eine seltene klinische Manifestation, die unterschiedliche Schweregrade einschließlich verschiedener möglicher pathologischer Veränderungen an Labrum oder Kapsel, knöcherne Läsionen und selbst die verhakte posteriore Schulterluxation umfasst.</text></sentence><sentence><infon key="sentnum">1</infon><offset>-1</offset><text>Konzentriert man sich auf die Beteiligung der Weichteile, kann die Diagnose der hinteren Instabilität schwierig zu stellen sein, da die Patienten häufig vage Symptome angeben, die nicht mit der klaren Anamnese einer traumatischen Schulterluxation einhergehen.</text></sentence><sentence><infon key="sentnum">2</infon><offset>-1</offset><text>Pathologische Veränderungen der Weichteile mit posteriorer Instabilität gehen zumeist mit einem hinteren Labrumriss und/oder einer Entspannung/einem Riss im Bereich der hinteren Kapsel einher.</text></sentence><sentence><infon key="sentnum">3</infon><offset>-1</offset><text>Die Diagnose kann durch die körperliche Untersuchung mit spezifischen klinischen Tests (d. h. Jerk-Test, Kim-Test und neu interpretierter O’Brien-Test) zusammen mit entsprechender Bildgebung (d. h. Magnetresonanzarthrographie) vereinfacht werden.</text></sentence><sentence><infon key="sentnum">4</infon><offset>-1</offset><text>Die Arthroskopie kann zur vollständigen Beurteilung des Gelenks beitragen und ermöglicht die Behandlung von Weichgewebsläsionen bei posteriorer Instabilität.</text></sentence><sentence><infon key="sentnum">5</infon><offset>-1</offset><text>Vorsicht ist im Fall eines begleitenden hinteren glenoidalen Knorpeldefekts als mögliche Ursache eines ungünstigen Ergebnisses nach Weichteilrekonstruktion bei posteriorer Instabilität angebracht.</text></sentence></passage></document><document><id>doc15</id><passage><infon key="language">DE</infon><infon key="section">abstract</infon><offset>-1</offset><sentence><infon key="sentnum">0</infon><offset>-1</offset><text>Es ist unbestritten, dass wir im Zeitalter der zertifizierten Zentren leben.</text></sentence><sentence><infon key="sentnum">1</infon><offset>-1</offset><text>Im Bereich der Senologie sind insbesondere die zertifizierten Brustkrebszentren nach den Kriterien der Deutschen Krebsgesellschaft e.V. und der Deutschen Gesellschaft für Senologie e.V. flächendeckend etabliert.</text></sentence><sentence><infon key="sentnum">2</infon><offset>-1</offset><text>Auch wenn die Zentrumsbildung mit nachfolgender Zertifizierung mit deutlichen Mehrkosten verbunden ist, zeigen erste Daten auf, dass sich diese positiv auf die Ergebnisqualität auswirken.</text></sentence><sentence><infon key="sentnum">3</infon><offset>-1</offset><text>In Bezug auf die Gesundheitsökonomie sind zertifizierte Zentren aus der Sicht des Gesundheitswesens kosteneffektiv – es wird eine Verbesserung der Prozess- und Ergebnisqualität erreicht, ohne dass die Kostenträger Mehrkosten haben.</text></sentence><sentence><infon key="sentnum">4</infon><offset>-1</offset><text>Demgegenüber besteht ein enormer Ressourcenaufwand für Organisation der Strukturen, interdisziplinäre Betreuung, psychoonkologische Versorgung, sozialmedizinische Beratung, Dokumentation und Qualitätssicherung.</text></sentence><sentence><infon key="sentnum">5</infon><offset>-1</offset><text>Des Weiteren erfolgt eine zunehmende Konzentration der stationären Leistungen.</text></sentence><sentence><infon key="sentnum">6</infon><offset>-1</offset><text>Dem gegenüber werden durch Kürzungen der Verweildauer der Patientinnen durch die Kostenträger Abzüge der Honorierung erzwungen.</text></sentence><sentence><infon key="sentnum">7</infon><offset>-1</offset><text>Die aktuell fehlende Kostendeckung der zertifizierten Brustkrebszentren muss durch spezifische Zuschläge ausgeglichen werden.</text></sentence><sentence><infon key="sentnum">8</infon><offset>-1</offset><text>Diese fehlen allerdings größtenteils.</text></sentence><sentence><infon key="sentnum">9</infon><offset>-1</offset><text>Auf lange Sicht wird die hohe Qualität jedoch nur aufrechterhalten werden können, wenn Zuschläge den Mehraufwand der Zentren abdecken.</text></sentence><sentence><infon key="sentnum">10</infon><offset>-1</offset><text>Für die Verhandlungen dieser Zuschläge besteht mittlerweile eine zunehmend gute Datenlage, z.B. in Hinblick auf die Ergebnisqualität und den Nationalen Krebsplan, als auch eine deutliche Unterstützung durch die Patientinnen.</text></sentence></passage></document><document><id>doc16</id><passage><infon key="language">DE</infon><infon key="section">abstract</infon><offset>-1</offset><sentence><infon key="sentnum">0</infon><offset>-1</offset><text>Die vorliegende Stellungnahme des Bundesverbandes der Ärztinnen und Ärzte des Öffentlichen Gesundheitsdienstes e. V. gibt unter Berücksichtigung der gesetzlichen Grundlagen und der aktuellen Empfehlungen des Robert Koch-Instituts sowie der Deutschen Gesellschaft für pädiatrische Infektiologie konkrete Empfehlungen, wie das Tuberkulose-Screening bei Geflüchteten und Asylbewerbern im Rahmen der Einreise zielführend, fachlich adäquat und ressourcenorientiert durchgeführt werden kann, differenziert nach verschiedenen Personengruppen (Erwachsene, Kinder, Schwangere, unbegleitete minderjährige Ausländer).</text></sentence><sentence><infon key="sentnum">1</infon><offset>-1</offset><text>Außerdem werden Empfehlungen zur Sicherung des Behandlungserfolgs bei Geflüchteten und Asylbewerbern mit Tuberkulose, zur Durchführung von Umgebungsuntersuchungen und zur präventiven Behandlung einer latenten tuberkulösen Infektion bei Geflüchteten und Asylbewerbern formuliert.</text></sentence></passage></document><document><id>doc18</id><passage><infon key="language">DE</infon><infon key="section">abstract</infon><offset>-1</offset><sentence><infon key="sentnum">0</infon><offset>-1</offset><text>Rückenschmerzen können als Symptom bei verschiedenen somatoformen Störungen vorkommen, besonders typisch aber bei der spezifischen somatoformen Schmerzstörung.</text></sentence><sentence><infon key="sentnum">1</infon><offset>-1</offset><text>Eine somatoforme Schmerzstörung lässt sich bei ca. 10 % bis 20 % der Patienten mit Rückenschmerzen diagnostizieren, zusätzlich finden sich mit einer Häufigkeit von bis 50 % noch andere psychiatrische Störungen wie Depression und Angststörungen.</text></sentence><sentence><infon key="sentnum">2</infon><offset>-1</offset><text>Differentialdiagnostisch müssen noch andere Syndrome mit Ganzkörperschmerzen abgegrenzt werden.</text></sentence><sentence><infon key="sentnum">3</infon><offset>-1</offset><text>Psychotherapie (psychologische Schmerztherapie) in Kombination mit Entspannungsverfahren sowie allenfalls eine Kombination mit Psychopharmakotherapie sind die Behandlungsmethode der Wahl.</text></sentence></passage></document><document><id>doc21</id><passage><infon key="language">DE</infon><infon key="section">abstract</infon><offset>-1</offset><sentence><infon key="sentnum">0</infon><offset>-1</offset><text>Der Nachweis einer Proteinurie ist ein häufiger Zufallsbefund im Urinteststreifen.</text></sentence><sentence><infon key="sentnum">1</infon><offset>-1</offset><text>Die klinische Bedeutung reicht von einer harmlosen Ursache bis zum Ausdruck einer schweren Nierenerkrankung.</text></sentence><sentence><infon key="sentnum">2</infon><offset>-1</offset><text>Deshalb ist bei Nachweis einer Proteinurie mittels Testreifenuntersuchung eine weiterführende Abklärung notwendig.</text></sentence><sentence><infon key="sentnum">3</infon><offset>-1</offset><text>Dabei empfiehlt sich ein systematisches Vorgehen mit Quantifizierung der Proteinurie mittels Albumin/Kreatinin-Quotienten im Spoturin.</text></sentence><sentence><infon key="sentnum">4</infon><offset>-1</offset><text>Zudem lassen sich mit einer systematischen Untersuchung verschiedene Formen der Proteinurie abgrenzen (glomerulär vs tubulär vs „Überlastung“).</text></sentence><sentence><infon key="sentnum">5</infon><offset>-1</offset><text>Im Kontext mit der Klinik sind eine Beurteilung des Urinsedimentes, die Bestimmung der Nierenfunktion und eine Sonographie der Nieren und ableitenden Harnwege sinnvoll.</text></sentence><sentence><infon key="sentnum">6</infon><offset>-1</offset><text>Patienten mit ungeklärter persistierender Proteinurie und Patienten mit einer ausgeprägten Proteinurie (≥ 1 g pro Tag) müssen einem Nephrologen zugewiesen werden.</text></sentence></passage></document><document><id>doc24</id><passage><infon key="language">DE</infon><infon key="section">abstract</infon><offset>-1</offset><sentence><infon key="sentnum">0</infon><offset>-1</offset><text>Eine Infektion nach totaler Kniegelenkendoprothesenimplantation ist eine schwerwiegende Komplikation.</text></sentence><sentence><infon key="sentnum">1</infon><offset>-1</offset><text>Pilze sind eine seltene Ursache periprothetischer Gelenkinfektionen und in den meisten Fällen sind Candida spp.</text></sentence><sentence><infon key="sentnum">2</infon><offset>-1</offset><text>die Ursache.</text></sentence><sentence><infon key="sentnum">3</infon><offset>-1</offset><text>Hier wird eine Kasuistik einer Infektion mit 
   Malassezia spp.</text></sentence><sentence><infon key="sentnum">4</infon><offset>-1</offset><text>nach totaler Endoprothesenimplantation des linken Knies beschrieben.</text></sentence><sentence><infon key="sentnum">5</infon><offset>-1</offset><text>Der Patient befindet sich noch im Follow-up unter antifungaler Therapie mit Voriconazol.</text></sentence><sentence><infon key="sentnum">6</infon><offset>-1</offset><text>Nach Kenntnis der Autoren ist das der erste Fallbericht einer derartigen</text></sentence></passage></document><document><id>doc25</id><passage><infon key="language">DE</infon><infon key="section">abstract</infon><offset>-1</offset><sentence><infon key="sentnum">0</infon><offset>-1</offset><text>Anerkannte Behandlungsmethoden der Spondylodiszitis sind Ruhigstellung und systemische Antibiose.</text></sentence><sentence><infon key="sentnum">1</infon><offset>-1</offset><text>Allerdings ist die Datenlage für spezifische und weiterführende Behandlungsempfehlungen sehr heterogen.</text></sentence><sentence><infon key="sentnum">2</infon><offset>-1</offset><text>Ziel dieser Übersichtsarbeit ist die Therapieoptimierung der Spondylodiszitis anhand einer behandlungspfadorientierten Schweregradeinteilung im Konsens mit aktuellen Empfehlungen.</text></sentence><sentence><infon key="sentnum">3</infon><offset>-1</offset><text>Vom 1.</text></sentence><sentence><infon key="sentnum">4</infon><offset>-1</offset><text>10.</text></sentence><sentence><infon key="sentnum">5</infon><offset>-1</offset><text>1998 bis zum 31.</text></sentence><sentence><infon key="sentnum">6</infon><offset>-1</offset><text>12.</text></sentence><sentence><infon key="sentnum">7</infon><offset>-1</offset><text>2013 erfolgte die Etablierung einer Schweregradeinteilung mit spezifischen Therapieoptionen.</text></sentence><sentence><infon key="sentnum">8</infon><offset>-1</offset><text>Im Verlauf erfolgte die Anpassung der Schweregradeinteilung und die Entwicklung eines elektronisch basierten Behandlungspfads.</text></sentence><sentence><infon key="sentnum">9</infon><offset>-1</offset><text>Die schweregradorientierte Therapie der Spondylodiszitis anhand von elektronisch basierten Behandlungspfaden wurde prospektiv vom 01.</text></sentence><sentence><infon key="sentnum">10</infon><offset>-1</offset><text>01.</text></sentence><sentence><infon key="sentnum">11</infon><offset>-1</offset><text>2012 bis 31.</text></sentence><sentence><infon key="sentnum">12</infon><offset>-1</offset><text>12.</text></sentence><sentence><infon key="sentnum">13</infon><offset>-1</offset><text>2013 evaluiert.</text></sentence><sentence><infon key="sentnum">14</infon><offset>-1</offset><text>Insgesamt wurden 296 Fälle eingeschlossen.</text></sentence><sentence><infon key="sentnum">15</infon><offset>-1</offset><text>Bei einer stetig steigenden Fallzahl, zeigt sich auch ein zunehmendes Alter der Patienten bei Diagnosestellung mit einem Durchschnitt von 67,3 Jahren.</text></sentence><sentence><infon key="sentnum">16</infon><offset>-1</offset><text>Bei 34,3% dieser Patienten entwickelte sich die Spondylodiszitis spontan, und 68,6% der Patienten haben bis zu unserer Diagnosestellung keine Vorbehandlung erhalten.</text></sentence><sentence><infon key="sentnum">17</infon><offset>-1</offset><text>Im Rahmen der spezifischen Behandlung sank die Schmerzintensität von 6,0 auf 3,1 NRS (Numeric Rating Scale).</text></sentence><sentence><infon key="sentnum">18</infon><offset>-1</offset><text>Die Entzündungswerte fielen ebenfalls (CRP von 119,2 auf 46,7 mg/dl).</text></sentence><sentence><infon key="sentnum">19</infon><offset>-1</offset><text>Im Betrachtungszeitraum betrug die Zeit vom Symptombeginn bis zur operativen Versorgung 65,6 Tage und hat sich nicht wesentlich reduziert.</text></sentence><sentence><infon key="sentnum">20</infon><offset>-1</offset><text>Dennoch konnte die Zeit von der Aufnahme bis zur operativen Versorgung auf unter 3 Tage reduziert werden.</text></sentence><sentence><infon key="sentnum">21</infon><offset>-1</offset><text>Die Einteilung der Patienten in die 3 Schweregrade des Spondylodiscitis Severity Code (SSC) richtet sich nach dem SponDT „Spondylodiscitis Diagnosis and Treatment“, der bildmorphologisch beschriebenen knöchernen Wirbeldestruktion und dem aktuellen neurologischen Status und kann in einem elektronischen Behandlungspfad abgebildet werden.</text></sentence><sentence><infon key="sentnum">22</infon><offset>-1</offset><text>Dadurch lässt sich die Behandlung unter ökonomischer Ressourcennutzung optimieren und ihre sichere Dokumentation ist gewährleistet.</text></sentence></passage></document><document><id>doc27</id><passage><infon key="language">DE</infon><infon key="section">abstract</infon><offset>-1</offset><sentence><infon key="sentnum">0</infon><offset>-1</offset><text>Die Behandlung mit monoklonalen Antikörpern (mAK) ist ein fester Bestandteil der onkologischen Therapie geworden.</text></sentence><sentence><infon key="sentnum">1</infon><offset>-1</offset><text>Die dafür zur Verfügung stehenden monoklonalen Antikörper werden überwiegend intravenös, individualisiert gewichtsadaptiert und über längere Behandlungszeiträume verabreicht.</text></sentence><sentence><infon key="sentnum">2</infon><offset>-1</offset><text>Bei anderen chronischen Erkrankungen wie beispielsweise Diabetes mellitus stellt die subkutane Applikation von Medikamenten, eine etablierte Therapieform dar.</text></sentence><sentence><infon key="sentnum">3</infon><offset>-1</offset><text>Für die subkutane Applikation größerer Volumina stellt die Physiologie der extrazellulären Matrix des subkutanen Gewebes ein Hindernis dar, wie sie für die Lösung mAK erforderlich ist.</text></sentence><sentence><infon key="sentnum">4</infon><offset>-1</offset><text>Die Koformulierung mit rekombinanter humaner Hyaluronidase ermöglicht die schmerzarme Gabe größerer Volumina und damit die subkutane Applikation von monoklonalen Antikörpern, wie die Entwicklung einer subkutanen Formulierung für Trastuzumab zeigt.</text></sentence><sentence><infon key="sentnum">5</infon><offset>-1</offset><text>Mit dieser steht Patientinnen mit HER2-positivem Mammakarzinom eine weniger invasive, zeitoptimierte und flexiblere Applikationsform zur Verfügung, die mit einer fixen Dosierungsmöglichkeit zur Therapiesicherheit beiträgt.</text></sentence><sentence><infon key="sentnum">6</infon><offset>-1</offset><text>Das Beispiel Trastuzumab zeigt, dass die subkutane Verabreichung monoklonaler Antikörper die onkologische Langzeittherapie sowohl für Patienten als auch für medizinisches Fachpersonal vereinfachen könnte.</text></sentence></passage></document><document><id>doc30</id><passage><infon key="language">DE</infon><infon key="section">abstract</infon><offset>-1</offset><sentence><infon key="sentnum">0</infon><offset>-1</offset><text>Die Uterusarterienembolisation (UAE) ist weltweit ein etabliertes Verfahren bei der Myombehandlung als Alternative zur Operation.</text></sentence><sentence><infon key="sentnum">1</infon><offset>-1</offset><text>Die Kombination beider Vorgehensweisen ist wenigen Fällen vorbehalten.</text></sentence><sentence><infon key="sentnum">2</infon><offset>-1</offset><text>Mit einer präoperativen UAE (PUAE) lassen sich Blutungskomplikationen vermindern und ein Uteruserhalt eher gewährleisten.</text></sentence><sentence><infon key="sentnum">3</infon><offset>-1</offset><text>Berichtet wird über 3 Patientinnen, bei denen wir einen solchen „interdisziplinären Hybrideingriff“ (Embolisation mit nachfolgender Operation) bei jeweils sehr großen Myomen (alle</text></sentence></passage></document><document><id>doc31</id><passage><infon key="language">DE</infon><infon key="section">abstract</infon><offset>-1</offset><sentence><infon key="sentnum">0</infon><offset>-1</offset><text>In der Schweiz ist die Zahl der HIV-Neuinfektionen ist in den letzten Jahren dank der guten Präventionsarbeit stabil geblieben.</text></sentence><sentence><infon key="sentnum">1</infon><offset>-1</offset><text>Das Ziel die HIV-Neuinfektionsrate zu senken wurde jedoch nicht erreicht.</text></sentence><sentence><infon key="sentnum">2</infon><offset>-1</offset><text>Entscheidende Präventionselemente sind die Sexualanamnese, die Diskussion über „Safer Sex“, das frühzeitige Erkennen und Testen gefährdeter Patienten und deren Sexualpartner sowie die Beratung und Behandlung infizierter Patienten.</text></sentence><sentence><infon key="sentnum">3</infon><offset>-1</offset><text>Darüber hinaus gibt es verschiedene Ansätze, die HIV-Übertragungsraten zu senken, z. B. Präexpositionsprophylaxe, Mikrobizide und Impfung.</text></sentence><sentence><infon key="sentnum">4</infon><offset>-1</offset><text>Keine dieser Maßnahmen erlaubt es jedoch zum jetzigen Zeitpunkt auf die „Safer Sex“ Regeln zu verzichten.</text></sentence><sentence><infon key="sentnum">5</infon><offset>-1</offset><text>Andere sexuell übertragbare Erkrankungen fallen durch eine rasch ansteigende Inzidenz auf.</text></sentence><sentence><infon key="sentnum">6</infon><offset>-1</offset><text>In Bezug auf Syphilis nimmt die Schweiz dabei einen unrühmlichen Spitzenplatz in Europa ein.</text></sentence><sentence><infon key="sentnum">7</infon><offset>-1</offset><text>Die Übertragung erfolgt häufiger oral oder rektal als vaginal, die Patienten sind oft asymptomatisch.</text></sentence><sentence><infon key="sentnum">8</infon><offset>-1</offset><text>Kondome schützen nur eingeschränkt vor einer Ansteckung.</text></sentence><sentence><infon key="sentnum">9</infon><offset>-1</offset><text>Hinzu kommen Probleme durch zunehmende Antibiotikaresistenzen, beispielsweise bei Gonokokken gegen orale Cephalosporine.</text></sentence><sentence><infon key="sentnum">10</infon><offset>-1</offset><text>Im Vordergrund steht daher die frühzeitige Testung und Behandlung infizierter Patienten und ihrer Sexualpartner.</text></sentence><sentence><infon key="sentnum">11</infon><offset>-1</offset><text>In dieser Arbeit gehen wir auf die verschiedenen Elemente der Präventionsarbeit durch die Ärzte ein, mit Schwerpunkt der Prävention von HIV.</text></sentence></passage></document><document><id>doc32</id><passage><infon key="language">DE</infon><infon key="section">abstract</infon><offset>-1</offset><sentence><infon key="sentnum">0</infon><offset>-1</offset><text>Dieser Kommentar soll Vergleiche über die Vermittlung klinischer Fertigkeiten in Deutschland und Großbritannien ermöglichen.</text></sentence><sentence><infon key="sentnum">1</infon><offset>-1</offset><text>Er skizziert das regulatorische Umfeld in Großbritannien und seine Auswirkung auf die Programmgestaltung an den medizinischen Fakultäten.</text></sentence><sentence><infon key="sentnum">2</infon><offset>-1</offset><text>Am Beispiel der University of Southampton zeigen wir, wie die Vermittlung klinischer Fertigkeiten sowohl vertikal als auch horizontal integriert ist.</text></sentence></passage></document><document><id>doc33</id><passage><infon key="language">DE</infon><infon key="section">abstract</infon><offset>-1</offset><sentence><infon key="sentnum">0</infon><offset>-1</offset><text>Mit verbesserter Prognose und Fortschritten in der Diagnostik und Therapie des Mammakarzinoms rücken Aspekte wie Lebensqualität und Nebenwirkungsmanagement bei der Mammakarzinombehandlung in den Fokus der Ärzte und Therapeuten.</text></sentence><sentence><infon key="sentnum">1</infon><offset>-1</offset><text>Therapie- oder erkrankungsbedingte Nebenwirkungen mindern häufig die Lebensqualität und können damit zu einer zusätzlichen Beeinträchtigung der Patientin führen.</text></sentence><sentence><infon key="sentnum">2</infon><offset>-1</offset><text>Nicht selten sind Non-Compliance oder sogar Therapieabbruch die Folge.</text></sentence><sentence><infon key="sentnum">3</infon><offset>-1</offset><text>Studiendaten zeigen, dass durch Methoden der Integrativen Medizin therapie- und krankheitsbedingte Nebenwirkungen reduziert werden können.</text></sentence><sentence><infon key="sentnum">4</infon><offset>-1</offset><text>Eine Steigerung des Wohlbefindens und der Lebensqualität, der Abbau von Stressbelastungen und eine Verbesserung der Stimmung, des Schlafes und der Krankheitsbewältigung sind nachgewiesen.</text></sentence><sentence><infon key="sentnum">5</infon><offset>-1</offset><text>Alle Nebenwirkungen der Integrativen Medizin zu beleuchten, würde den Umfang des hier vorliegenden Reviews übersteigen, sodass sich dieser Artikel auf kurzfristige Nebenwirkungen, die in der Regel zeitlich begrenzt während oder nach der lokalen bzw.</text></sentence><sentence><infon key="sentnum">6</infon><offset>-1</offset><text>systemischen Therapie auftreten, fokussiert.</text></sentence><sentence><infon key="sentnum">7</infon><offset>-1</offset><text>Der Fokus richtet sich speziell auf Mind-Body-Medizin, Akupunktur und die klassischen Naturheilverfahren nach Sebastian Kneipp als integrative Therapieoptionen.</text></sentence><sentence><infon key="sentnum">8</infon><offset>-1</offset><text>Letztere umfassen die Hydrotherapie, Phytotherapie, Ernährungstherapie, Bewegungstherapie und Ordnungstherapie.</text></sentence></passage></document><document><id>doc34</id><passage><infon key="language">DE</infon><infon key="section">abstract</infon><offset>-1</offset><sentence><infon key="sentnum">0</infon><offset>-1</offset><text>Die Heilungswahrscheinlichkeit des Mammakarzinoms wurde in den letzten Jahrzehnten durch Einführung und Optimierung multimodaler Therapien und interdisziplinäre Behandlung stark verbessert.</text></sentence><sentence><infon key="sentnum">1</infon><offset>-1</offset><text>Heutzutage erhalten die meisten Patientinnen neben der Operation eine Bestrahlung und systemische Therapie.</text></sentence><sentence><infon key="sentnum">2</infon><offset>-1</offset><text>Um eine Übertherapie zu vermeiden müssen diejenigen Patientinnen besser identifiziert werden, die eine so gute Prognose haben, dass auf manche begleitende Therapie verzichtet oder reduziert werden kann.</text></sentence><sentence><infon key="sentnum">3</infon><offset>-1</offset><text>Ein weiteres Problem ist die oft mangelnde Therapietreue (Compliance) v. a. im Bereich der jahrelangen endokrinen Therapien.</text></sentence><sentence><infon key="sentnum">4</infon><offset>-1</offset><text>Da nur eine Behandlung, die auch durchgeführt wird, das Überleben verbessern kann, müssen die Bemühungen zur Verbesserung der Compliance intensiviert werden.</text></sentence><sentence><infon key="sentnum">5</infon><offset>-1</offset><text>Studien zeigen, dass Änderungen des Lebensstils einerseits die Wirksamkeit von Medikamenten beeinflussen und andererseits auch alleine relevante Verbesserungen der Prognose bewirken können.</text></sentence><sentence><infon key="sentnum">6</infon><offset>-1</offset><text>Daher ist es an der Zeit, nicht nur den Tumor, sondern die ganze Patientin in den Mittelpunkt der therapeutischen Interventionen zu stellen.</text></sentence></passage></document><document><id>doc35</id><passage><infon key="language">DE</infon><infon key="section">abstract</infon><offset>-1</offset><sentence><infon key="sentnum">0</infon><offset>-1</offset><text>Die onkologische Therapie befindet sich im Umbruch.</text></sentence><sentence><infon key="sentnum">1</infon><offset>-1</offset><text>Hohe Erwartungen sind mit einer Reihe innovativer zielgerichteter Medikamente verknüpft, die sich derzeit in der klinischen Entwicklung befinden.</text></sentence><sentence><infon key="sentnum">2</infon><offset>-1</offset><text>Vor diesem Hintergrund erfahren Diskussionen um die Begriffe klinischer Nutzen oder klinische Relevanz neue Aktualität.</text></sentence><sentence><infon key="sentnum">3</infon><offset>-1</offset><text>Dies gilt auch für die Weiterentwicklungen der adjuvanten systemischen Therapie des frühen Mammakarzinoms.</text></sentence><sentence><infon key="sentnum">4</infon><offset>-1</offset><text>In Anbetracht der kurativen Zielsetzung erfolgt die Beurteilung des klinischen Nutzens einer adjuvanten Therapie maßgeblich anhand von Wirksamkeitsendpunkten.</text></sentence><sentence><infon key="sentnum">5</infon><offset>-1</offset><text>Der Fokus liegt hierbei auf Verbesserungen des krankheitsfreien Überlebens und des Rezidivrisikos.</text></sentence><sentence><infon key="sentnum">6</infon><offset>-1</offset><text>Eine Aussage zum Gesamtüberleben ist aufgrund der heute erreichten niedrigen Mortalitätsraten erst nach sehr langen Beobachtungszeiten möglich.</text></sentence><sentence><infon key="sentnum">7</infon><offset>-1</offset><text>Folgerichtig sollte neuen Medikamenten für die adjuvante Therapie ein klinischer Nutzen zugesprochen werden, wenn sie eine weitere Reduktion des Rezidivrisikos über den heutigen hohen Standard hinaus ermöglichen.</text></sentence><sentence><infon key="sentnum">8</infon><offset>-1</offset><text>Die Evidenz für etablierte adjuvante Therapiestandards beim frühen Mammakarzinom kann als objektiver Maßstab zum Vergleich herangezogen werden.</text></sentence><sentence><infon key="sentnum">9</infon><offset>-1</offset><text>Am Beispiel der adjuvanten endokrinen Therapie, der adjuvanten Polychemotherapie und der adjuvanten Anti-HER2-Therapie werden in diesem Übersichtsartikel die Anforderungen für den klinischen Nutzen neuer adjuvanter Therapien beim frühen Mammakarzinom abgeleitet.</text></sentence></passage></document><document><id>doc36</id><passage><infon key="language">DE</infon><infon key="section">abstract</infon><offset>-1</offset><sentence><infon key="sentnum">0</infon><offset>-1</offset><text>Die Einführung des § 137 h SGB V durch das GKV-VSG zielt auf die Nutzenbewertung von Untersuchungs- und Behandlungsmethoden mit Medizinprodukten der Klasse IIb und III.</text></sentence><sentence><infon key="sentnum">1</infon><offset>-1</offset><text>Zukünftig wird die Entscheidung über die Erstattungsfähigkeit durch hohe Anforderungen an die Dokumentation von Nutzen und Schaden gekennzeichnet sein.</text></sentence><sentence><infon key="sentnum">2</infon><offset>-1</offset><text>Zielsetzung der Nutzenbewertung ist die Operationalisierung des Patientennutzens.</text></sentence><sentence><infon key="sentnum">3</infon><offset>-1</offset><text>Auf Basis einer vergleichenden Feststellung des Nutzens kann eine rationale Entscheidung durch die Regulierungsbehörden ermöglicht werden.</text></sentence><sentence><infon key="sentnum">4</infon><offset>-1</offset><text>Das Verfahren der Nutzenbewertung sollte transparente Entscheidungsprozesse garantieren und die dem Verfahren zugrundeliegenden medizinischen und gesundheitsökonomischen Grundlagen sollten dokumentiert werden.</text></sentence><sentence><infon key="sentnum">5</infon><offset>-1</offset><text>Grundsätzlich kann die Nutzenbewertung in 3 Phasen unterteilt werden: Messen von kausalen Effekten einer Intervention, Bewertung der gemessenen Effekte und Entscheidung über die Erstattungsfähigkeit auf Basis der Aggregation eines Gesamtnutzens.</text></sentence><sentence><infon key="sentnum">6</infon><offset>-1</offset><text>Um den Besonderheiten von Medizinprodukten in diesem Prozess zu begegnen, stellen adaptive Studiendesigns, MCDA und die adaptive Nutzenbewertung im Zusammenspiel ein zukunftsfähiges Konzept für einen schnellen Zugang von Patienten zu innovativen Behandlungsmethoden bei hoher Qualität und Sicherheit dar.</text></sentence></passage></document><document><id>doc37</id><passage><infon key="language">DE</infon><infon key="section">abstract</infon><offset>-1</offset><sentence><infon key="sentnum">0</infon><offset>-1</offset><text>Der erste Urinschwangerschaftstest wurde 1976 vorgestellt und seitdem gehören diese Tests zu den am häufigsten durchgeführten Laboruntersuchungen in der Eigenanwendung.</text></sentence><sentence><infon key="sentnum">1</infon><offset>-1</offset><text>Schwangerschaftstests gehören nach der europäischen Richtlinie 98/79/EG zu den In-vitro-Diagnostika der Medizinprodukte.</text></sentence><sentence><infon key="sentnum">2</infon><offset>-1</offset><text>Sie sind keiner Risikoliste zugeordnet.</text></sentence><sentence><infon key="sentnum">3</infon><offset>-1</offset><text>Anders als in den USA führt weder das Bundesinstitut für Arzneimittel und Medizinprodukte (BMfArM) noch die Zentralstelle der Länder für Gesundheitsschutz bei Arzneimitteln und Medizinprodukten (ZLG) eine Liste geprüfter und zugelassener Schwangerschaftstests.</text></sentence><sentence><infon key="sentnum">4</infon><offset>-1</offset><text>Im vergangenen Jahr war zwischenzeitlich geplant, die hCG-Bestimmung aus dem Urin in der frauenärztlichen Praxis einer externen Qualitätskontrolle zu unterziehen, ohne dass kommerzielle Schwangerschaftstests ihre Genauigkeit und Sensitivität unter Beweis stellen mussten und es bis heute auch keine Standards für eine solche Überprüfung gibt.</text></sentence><sentence><infon key="sentnum">5</infon><offset>-1</offset><text>In Apotheken und Drogeriemärkten in Deutschland sind derzeit über 15 verschiedene Heim-Schwangerschaftstests erhältlich.</text></sentence><sentence><infon key="sentnum">6</infon><offset>-1</offset><text>Viele dieser Schwangerschaftstests behaupten, mit einer hohen Genauigkeit und Empfindlichkeit hCG im Urin festzustellen, oft angeblich bereits einige Tage vor der erwarteten Periodenblutung.</text></sentence><sentence><infon key="sentnum">7</infon><offset>-1</offset><text>Diese Arbeit gibt einen Überblick über die Entwicklung von Urin-Schwangerschaftstests sowie die vorhandenen Daten zur Genauigkeit und Sensitivität der hCG-Messung und informiert über neue Entwicklungen.</text></sentence><sentence><infon key="sentnum">8</infon><offset>-1</offset><text>Es werden erste Daten einer vergleichenden Überprüfung in Deutschland verkaufter Schwangerschaftstests vorgestellt, die zeigen, dass nicht viele den Versprechungen auf ihren Verpackungen genügen.</text></sentence><sentence><infon key="sentnum">9</infon><offset>-1</offset><text>Allen Benutzern von Heim-Schwangerschaftstests müssen die Grenzen dieser Methode und die Anfälligkeit einzelner Tests bekannt sein, um nicht falsche Schlussfolgerungen zu ziehen.</text></sentence><sentence><infon key="sentnum">10</infon><offset>-1</offset><text>In Anbetracht der großen Bedeutung des Ergebnisses eines Schwangerschaftstests für jede einzelne Frau ist auch in Deutschland dringend eine offizielle Prüfung und Zulassung einzelner Tests vor dem Verkauf und später eine Produktüberwachung notwendig.</text></sentence></passage></document><document><id>doc43</id><passage><infon key="language">DE</infon><infon key="section">abstract</infon><offset>-1</offset><sentence><infon key="sentnum">0</infon><offset>-1</offset><text>Die berufliche Exklusion von Menschen mit (schweren) psychischen Erkrankungen ist beträchtlich.</text></sentence><sentence><infon key="sentnum">1</infon><offset>-1</offset><text>Die Unterstützung beruflicher Teilhabe hier in Deutschland findet vor dem Hintergrund sozialrechtlicher Grundlagen in erster Linie im Bereich der Rehabilitation statt, sollte aber bestenfalls integraler Bestandteil im gesamten Behandlungs- und Rehabilitationsverlauf sein.</text></sentence><sentence><infon key="sentnum">2</infon><offset>-1</offset><text>Die vorliegende qualitative Studie geht der Frage nach, welchen Stellenwert das Thema Arbeit in den einzelnen Behandlungszusammenhängen psychisch kranker Menschen hat.</text></sentence><sentence><infon key="sentnum">3</infon><offset>-1</offset><text>Dazu wurden mit Behandlern (n=44) qualitative Interviews durchgeführt, welche transkribiert und inhaltsanalytisch ausgewertet wurden.</text></sentence><sentence><infon key="sentnum">4</infon><offset>-1</offset><text>Arbeit und berufliche Beschäftigung nehmen lt. Aussage der Befragten einen sehr wichtigen Stellenwert ein und werden bereits im Rahmen der Anamnese frühzeitig erfasst.</text></sentence><sentence><infon key="sentnum">5</infon><offset>-1</offset><text>Die Rollen der Behandler in den unterschiedlichen Versorgungssettings hinsichtlich der Unterstützung der Betroffenen sind vielfältig und individuell ausgerichtet.</text></sentence><sentence><infon key="sentnum">6</infon><offset>-1</offset><text>Spezifische Konzepte und kooperative Strukturen sind nur vereinzelt zu finden.</text></sentence></passage></document><document><id>doc44</id><passage><infon key="language">DE</infon><infon key="section">abstract</infon><offset>-1</offset><sentence><infon key="sentnum">0</infon><offset>-1</offset><text>Nebennieren-Inzidentalome (NNI) sind Zufallsbefunde in der Abdominalbildgebung, welche 1 cm Durchmesser oder mehr aufweisen.</text></sentence><sentence><infon key="sentnum">1</infon><offset>-1</offset><text>In der Literatur zeigen sie je nach Lebensalter des Patienten eine Prävalenz von 0.81 % bis 6 %.</text></sentence><sentence><infon key="sentnum">2</infon><offset>-1</offset><text>Unter Swiss DRG 1.0 entsprechen NNI gutartigen oder bösartigen Nebennierentumoren oder NN-Neubildungen unsicheren oder unbekannten Verhaltens; die Zufälligkeit des Befundes spielt bei der Kostenberechnung keine Rolle.</text></sentence><sentence><infon key="sentnum">3</infon><offset>-1</offset><text>Zur Berechnung des Erlöses unter der neuen Finanzierung mittels Fallpauschalen sind die Zuordnung mittels ICD-10-GM Code als Hauptdiagnose, die ergriffenen Maßnahmen aus dem CHOP-Katalog und damit die Zuordnung zu einer DRG, sowie die Verweildauer im Spital von Bedeutung.</text></sentence><sentence><infon key="sentnum">4</infon><offset>-1</offset><text>Wir zeigen anhand von Fallbeispielen des Universitätsspitals Basel die Codes und die Größenordnung der Erlöse auf.</text></sentence><sentence><infon key="sentnum">5</infon><offset>-1</offset><text>Die Zufälligkeit des Befundes benötigt eine vorzügliche Kommunikation mit dem betroffenen Patienten.</text></sentence><sentence><infon key="sentnum">6</infon><offset>-1</offset><text>Inzidentalome sind Gegenstand laufender ethischer Forschung, insbesondere der bildgebenden Hirnforschung.</text></sentence></passage></document><document><id>doc45</id><passage><infon key="language">DE</infon><infon key="section">abstract</infon><offset>-1</offset><sentence><infon key="sentnum">0</infon><offset>-1</offset><text>Kreuzschmerzen sind weiterhin ein sehr häufiges Gesundheitsproblem, das nicht nur persönliches Leiden, sondern auch enorme sozioökonomische Kosten verursacht.</text></sentence><sentence><infon key="sentnum">1</infon><offset>-1</offset><text>Prävalenzstudien zeigen, dass mehr als 85 % der Patienten mit Kreuzschmerzen unter unspezifischen Kreuzschmerzen leiden.</text></sentence><sentence><infon key="sentnum">2</infon><offset>-1</offset><text>Physiotherapie bei unspezifischen Kreuzschmerzen umfasst edukative, physikalische, manual- und bewegungstherapeutische Maßnahmen.</text></sentence><sentence><infon key="sentnum">3</infon><offset>-1</offset><text>In der Akutphase ist es sehr wichtig, eine Chronifizierung durch das Erkennen von Barrieren für eine vollständige Genesung und durch eine rasche Rückkehr zu den Alltagsaktivitäten zu vermeiden.</text></sentence><sentence><infon key="sentnum">4</infon><offset>-1</offset><text>Kommt es zu einer Chronifizierung der Beschwerden, so geht es vor allem darum, die allgemeine körperliche Aktivität trotz Schmerzen zu verbessern und dem Patienten das Wiedererreichen der Partizipation im Sozial- und Berufsleben zu ermöglichen.</text></sentence><sentence><infon key="sentnum">5</infon><offset>-1</offset><text>Diese Ziele stehen klar über der Schmerzfreiheit.</text></sentence><sentence><infon key="sentnum">6</infon><offset>-1</offset><text>In der Akutphase stehen somit vor allem edukative und aktivitätsfördernde Maßnahmen im Vordergrund.</text></sentence><sentence><infon key="sentnum">7</infon><offset>-1</offset><text>In der subakuten und chronischen Phase ist die aktive Bewegungstherapie mit dem Ziel der Funktionsverbesserung inklusive der Rückkehr zur Arbeit im Sinne einer multimodalen Rehabilitation zu forcieren.</text></sentence><sentence><infon key="sentnum">8</infon><offset>-1</offset><text>Die wissenschaftliche Evidenz ist mittlerweile gut, dass mittels einer Physiotherapie die Schmerzen und Behinderungen durch unspezifische Rückenschmerzen reduziert und die Rückkehr zur üblichen Aktivität erreicht werden kann.</text></sentence></passage></document><document><id>doc46</id><passage><infon key="language">DE</infon><infon key="section">abstract</infon><offset>-1</offset><sentence><infon key="sentnum">0</infon><offset>-1</offset><text>Während der nicht invasive pränatale Bluttest (NIPT) unaufhaltsam Einzug in die Praxis hält, hinkt die Implementierung eines darauf abgestimmten Beratungsprozesses in vielen Bereichen noch hinterher, sodass gesetzliche Regelungen und andere Testvoraussetzungen nicht immer eingehalten werden.</text></sentence><sentence><infon key="sentnum">1</infon><offset>-1</offset><text>Der hier beschriebene Fall eines Spätabbruchs nach missglücktem NIPT-Einsatz zeigt die Notwendigkeit von aktuellem Fortbildungsstand und Expertise bei den Anbietenden sowie die Risiken für die reproduktive Autonomie, wenn diese Bedingungen nicht erfüllt sind.</text></sentence></passage></document><document><id>doc47</id><passage><infon key="language">DE</infon><infon key="section">abstract</infon><offset>-1</offset><sentence><infon key="sentnum">0</infon><offset>-1</offset><text>Das midsagittale Profil stellt eine Schlüsselebene im Rahmen der sonografischen Ersttrimesterdiagnostik im Zeitraum 11 + 0 bis 13 + 6 SSW dar.</text></sentence><sentence><infon key="sentnum">1</infon><offset>-1</offset><text>Es handelt sich um die zurzeit am besten qualitätsgesicherte pränatale Bildeinstellung.</text></sentence><sentence><infon key="sentnum">2</infon><offset>-1</offset><text>Dem ursprünglichen Zweck der korrekten Messung der Nackentransparenz zur Risikoanalyse auf Aneuploidien konnten in den letzten Jahren zahlreiche zusätzliche Aspekte der fetalen Fehlbildungsdiagnostik hinzugefügt werden.</text></sentence><sentence><infon key="sentnum">3</infon><offset>-1</offset><text>So lassen sich aus dem fetalen Profil neben dem Risiko für Chromosomenstörungen Hinweise auf Neuralrohrdefekte, ZNS-Fehlbildungen insbesondere im Bereich der Fossa posterior und Gesichtsfehlbildungen wie eine Spaltbildung oder eine Retrogenie ableiten.</text></sentence><sentence><infon key="sentnum">4</infon><offset>-1</offset><text>Durch die zunehmende Neuorientierung des Ersttrimesterscreenings im Kontext der zellfreien fetalen DNA-Analyse erlangt die strukturelle Fehlbildungsdiagnostik ein besonderes Gewicht.</text></sentence><sentence><infon key="sentnum">5</infon><offset>-1</offset><text>Ziel der vorliegenden Übersichtsarbeit ist es, den aktuellen Stand zum diagnostischen Potenzial des midsagittalen Schnittbildes des fetalen Profils darzustellen.</text></sentence></passage></document><document><id>doc48</id><passage><infon key="language">DE</infon><infon key="section">abstract</infon><offset>-1</offset><sentence><infon key="sentnum">0</infon><offset>-1</offset><text>Ein junger Patient mit paranoider Schizophrenie, Abhängigkeitserkrankung und schwerer depressiver Episode entwickelt ein serotonerges Syndrom während einer Kombinationsbehandlung mit Sertralin und Ziprasidon.</text></sentence><sentence><infon key="sentnum">1</infon><offset>-1</offset><text>Die korrekte diagnostische Einordnung der klinischen Symptome ist, obwohl häufig schwierig, von größter Bedeutung.</text></sentence></passage></document><document><id>doc51</id><passage><infon key="language">DE</infon><infon key="section">abstract</infon><offset>-1</offset><sentence><infon key="sentnum">0</infon><offset>-1</offset><text>In der Behandlung der Patientin mit Uterus myomatosus gibt es Diskussionen über die Art der Operationstechnik und das damit verbundene Risiko der eventuellen falschen Behandlung, wenn sich in der histologischen Aufarbeitung keine Uterusmyome, sondern ein Uterussarkom herausstellt.</text></sentence><sentence><infon key="sentnum">1</infon><offset>-1</offset><text>Die publizierte Epidemiologie von Uterussarkomen wird hier ins Verhältnis zu Zufallsbefunden bei Operationen zur Behandlung von Uterusmyomen gesetzt.</text></sentence><sentence><infon key="sentnum">2</infon><offset>-1</offset><text>Die internationalen Stellungnahmen zu diesem Thema werden diskutiert, um eine Bewertung seitens der Deutschen Gesellschaft für Gynäkologie und Geburtshilfe (DGGG) abzugeben.</text></sentence><sentence><infon key="sentnum">3</infon><offset>-1</offset><text>Zur anatomischen und topografischen Codierung der Uterussarkome wurde der ICD-O-3 in der Ausgabe von 2003 und für die Operations- und Prozedurenschlüssel der exstirpierenden Verfahren der OPS 2014 benutzt.</text></sentence><sentence><infon key="sentnum">4</infon><offset>-1</offset><text>Um die übermittelten Daten des Robert Koch-Instituts (RKI), des Statistischen Bundesamts (DESTATIS; Abteilung Krankenhausstatistik und Todesursachenstatistik), des bevölkerungsbezogenen Krebsregisters Bayern auswerten zu können, wurden eindeutige Abfragekriterien definiert.</text></sentence><sentence><infon key="sentnum">5</infon><offset>-1</offset><text>Zusätzlich wurde eine systematische Literaturrecherche in MEDLINE von 1966 bis November 2014 und bei der Cochrane Collaboration durchgeführt.</text></sentence><sentence><infon key="sentnum">6</infon><offset>-1</offset><text>Die Inzidenz von Uterussarkomen und Uterusmyomen bei Operationen der Gebärmutter wurden in den verschiedenen Registern und in der Literatur verglichen.</text></sentence><sentence><infon key="sentnum">7</infon><offset>-1</offset><text>Die altersstandardisierte Inzidenz im Jahr 2010 für Uterussarkome war für Bayern 1,53, respektive 1,30 auf 100 000 Frauen gemittelt über die Jahre 2002–2011, in Deutschland bei 1,30 auf 100 000 Frauen.</text></sentence><sentence><infon key="sentnum">8</infon><offset>-1</offset><text>Die mittlere Inzidenz aus verschiedenen Erhebungen beträgt 2,02 auf 100 000 Frauen (0,35–7,02; Standardabweichung 2,01).</text></sentence><sentence><infon key="sentnum">9</infon><offset>-1</offset><text>Stationär durchgeführte Operationen wie Myomenukleation, Morcellation, Hysterektomie oder Zervixstumpfresektion sind bei der Indikation Uterusmyom in Deutschland gleichbleibend über alle Altersgruppen hinweg zurückgegangen (absoluter Rückgang von 17 % im Jahr 2012 zum Jahr 2007).</text></sentence><sentence><infon key="sentnum">10</infon><offset>-1</offset><text>Es zeigt sich eine Verschiebung des operativen Zugangswegs von abdominal/vaginal zu endoskopisch bzw.</text></sentence><sentence><infon key="sentnum">11</infon><offset>-1</offset><text>endoskopisch assistierten zur Behandlung von Uterusmyomen mit einer ansteigenden Benutzung der Morcellation von fast 11 000 codierten Prozeduren im Jahr 2012.</text></sentence><sentence><infon key="sentnum">12</infon><offset>-1</offset><text>Nach den Veröffentlichungen von internationalen Stellungnahmen (AAGL, ACOG, ESGE, FDA, SGO) zum Risiko Uterussarkom als Zufallsbefund im Rahmen einer Myomoperation und dem damit verbundenen Risiko einer Prognoseverschlechterung (im Falle einer Morcellation) wird in dieser Übersichtsarbeit die DGGG-Stellungnahme in Form von 4 Statements, 5 Empfehlungen und 4 Forderungen dargestellt.</text></sentence></passage></document><document><id>doc53</id><passage><infon key="language">DE</infon><infon key="section">abstract</infon><offset>-1</offset><sentence><infon key="sentnum">0</infon><offset>-1</offset><text>Seit einigen Jahren wird von den verschiedensten Autoren – aus den industriellen, akademischen oder behördlichen Bereichen der Klinischen Forschung – das Risiko-basierte Monitoring fast wie eine Wunderformel beschworen und bewertet.</text></sentence><sentence><infon key="sentnum">1</infon><offset>-1</offset><text>Um die damit erzielten Verbesserungsmöglichkeiten nachzuweisen, werden generelle Effizienzsteigerungen und Kosteneinsparungen bei den unterschiedlichen Monitoringaktivitäten beschrieben: weniger Monitoringbesuche am Zentrum, reduzierte Dauer der Monitoringbesuche oder mehr technisch unterstütztes Monitoring.Direkt oder indirekt enthalten die Publikationen oft auch Hinweise auf die notwendigen Voraussetzungen sowohl beim Zentrum als auch bei Monitor und Sponsor, um Risiko-basiertes Monitoring adequat einzusetzen; bei der Umsetzung werden diese Bedingungen gerne vergessen.Durch den ganzheitlichen Ansatz in dieser Publikation soll Risiko-basiertes Monitoring unter Einhaltung dieser Voraussetzungen beschrieben werden.</text></sentence><sentence><infon key="sentnum">2</infon><offset>-1</offset><text>Die Autoren, darunter sowohl Operational Manager als auch QA-Experten, haben auf der Grundlage der relevanten ICH-GCP-Kapitel die Notwendigkeiten und vor allem die Möglichkeiten eines Risiko-basierten Monitorings identifiziert und definiert.</text></sentence></passage></document><document><id>doc55</id><passage><infon key="language">DE</infon><infon key="section">abstract</infon><offset>-1</offset><sentence><infon key="sentnum">0</infon><offset>-1</offset><text>Der vorliegende Fallbericht beschreibt eine 6 Jahre alte subfertile Stute der Rasse Ponystute, die erst nach der elften künstlichen Besamung tragend wurde.</text></sentence><sentence><infon key="sentnum">1</infon><offset>-1</offset><text>Die klinische Untersuchung der Ovarien und des Uterus waren ohne besonderen Befund und die Stute zeigte einen regelmässigen Zyklus.</text></sentence><sentence><infon key="sentnum">2</infon><offset>-1</offset><text>Aufgrund von zytogenetischen und molekulargenetischen Untersuchungen wurde es möglich, eine plausible Ursache für die Subfertilität zu ermitteln.</text></sentence><sentence><infon key="sentnum">3</infon><offset>-1</offset><text>Der Karyotyp der Ponystute setzte sich aus zwei Zelllinien zusammen: In 20% der Zellen wurde eine Monosomie X nachgewiesen (63,X) und in 80% der Zellen war der Karyotyp normal (64,XX).</text></sentence><sentence><infon key="sentnum">4</infon><offset>-1</offset><text>Eine PCR-Analyse für den Nachweis von Sequenzen des equinen SRY Gen war negativ.</text></sentence><sentence><infon key="sentnum">5</infon><offset>-1</offset><text>Es handelte sich also um einen klassischen Fall einer mosaiken Form von Monosomie X, die eine offensichtliche Erklärung für die Subfertilität der Stute liefert.</text></sentence></passage></document><document><id>doc59</id><passage><infon key="language">DE</infon><infon key="section">abstract</infon><offset>-1</offset><sentence><infon key="sentnum">0</infon><offset>-1</offset><text>Der stationäre Klinikaufenthalt von Patienten mit Abhängigkeitserkrankungen ist häufig ein unverzichtbarer Teil in der Behandlungskette von Suchterkrankungen.</text></sentence><sentence><infon key="sentnum">1</infon><offset>-1</offset><text>Es werden die verschiedenen Phasen der Behandlung, deren Therapieelemente sowie Vor- und Nachteile eines stationären Aufenthalts diskutiert.</text></sentence><sentence><infon key="sentnum">2</infon><offset>-1</offset><text>Anhand der Klinik Südhang, welche Patienten und Patientinnen mit einer Alkohol- und/oder Medikamentenabhängigkeit stationär behandelt, zeigt sich die Bedeutung eines individualisierten Therapieangebots je nach Entzugs- und Entwöhnungsphase.</text></sentence><sentence><infon key="sentnum">3</infon><offset>-1</offset><text>Um Patienten mit einer Abhängigkeitserkrankung einen erfolgreichen Entzug, bzw.</text></sentence><sentence><infon key="sentnum">4</infon><offset>-1</offset><text>Entwöhnung zu gewährleisten, ist eine interdisziplinäre Betreuung und Nachsorge essentiell.</text></sentence></passage></document><document><id>doc61</id><passage><infon key="language">DE</infon><infon key="section">abstract</infon><offset>-1</offset><sentence><infon key="sentnum">0</infon><offset>-1</offset><text>Um charakteristische strukturelle Veränderungen des bone morphogenetic proteins (BMP)-2 und des Aggrecans im arthrotischen und gesunden Gelenkknorpel in Abhängigkeit der Lokalisation und des Schädigungsgrades zu identifizieren, wurde in 95 Proben histologisch klassifizierbarer Knorpelschäden (Mankin Score) und 17 Kontrollproben immunhistochemisch die Expression von BMP-2 und Aggrecan untersucht.</text></sentence><sentence><infon key="sentnum">1</infon><offset>-1</offset><text>Das BMP-2 Protein wurde intrazellulär in normalen und arthrotischen Knorpel exprimiert.</text></sentence><sentence><infon key="sentnum">2</infon><offset>-1</offset><text>Extrazelluläres BMP-2 wurde einzig in arthrotischen Knorpel detektiert und zeigte dabei ein charakteristisches Verteilungsmuster: Extrazellulär exprimiertes BMP-2 bildet BMP-2 negative Höfe um BMP-2 positive Knorpelzellen.</text></sentence><sentence><infon key="sentnum">3</infon><offset>-1</offset><text>Die Prevalenz extrazellulärer BMP-2 Expression nimmt mit steigenden makroskopischen und histologischen Schädigungsgrad (ICRS/Mankin) signifikant zu.</text></sentence><sentence><infon key="sentnum">4</infon><offset>-1</offset><text>Die Expression von Aggrecan in the extrazellulären Matrix nimmt mit steigendem ICRS Schädigungsgrad ab, während die intrazelluläre Expression von Aggrecan im arthrotischen Knorpel zunimmt.Die intrazelluläre Aggrecan und extrazelluläre BMP-2 Expression ist assoziiert – ein funktioneller Zusammenhang wahrscheinlich.</text></sentence><sentence><infon key="sentnum">5</infon><offset>-1</offset><text>Besonders das charakteristische Verteilungsmuster von BMP-2 in normalen und arthrotischen Knorpel weist auf die Bedeutung des BMP-2 für die Integrität und Homeostase des Knorpelgewebes hin und sollte weiter untersucht werden.</text></sentence></passage></document><document><id>doc66</id><passage><infon key="language">DE</infon><infon key="section">abstract</infon><offset>-1</offset><sentence><infon key="sentnum">0</infon><offset>-1</offset><text>Borderline-Tumoren des Ovars sind semimaligne ein- oder beidseitig auftretende Tumoren, die ihren Altersgipfel bei Frauen im reproduktiven Alter haben.</text></sentence><sentence><infon key="sentnum">1</infon><offset>-1</offset><text>Da die betroffenen Frauen häufig einen Kinderwunsch hegen, ergeben sich besondere Notwendigkeiten der Aufklärung vor der Planung einer individuellen Therapie.</text></sentence><sentence><infon key="sentnum">2</infon><offset>-1</offset><text>Möglichkeiten des Erhalts der Fertilität sind ein organschonendes operatives Vorgehen sowie die Kryokonservierung von Eizellen und/oder Eierstockgewebe.</text></sentence><sentence><infon key="sentnum">3</infon><offset>-1</offset><text>Wir berichten über eine 25-jährige Patientin mit beidseitigem seromuzinösem Borderline-Tumor, die alle Optionen des Fertilitätserhalts wünschte.</text></sentence><sentence><infon key="sentnum">4</infon><offset>-1</offset><text>Um die Operation zeitnah durchführen zu können, entschieden wir uns für eine Lutealphasenstimulation vor der Follikelpunktion.</text></sentence><sentence><infon key="sentnum">5</infon><offset>-1</offset><text>Abschließend diskutieren wir die aktuelle Literatur zum Stand der Fertilitätsprotektion beim ovariellen Borderline-Tumor.</text></sentence></passage></document><document><id>doc67</id><passage><infon key="language">DE</infon><infon key="section">abstract</infon><offset>-1</offset><sentence><infon key="sentnum">0</infon><offset>-1</offset><text>Die Behandlung von Schmerzen nach thoraxchirurgischen Eingriffen erfolgt zumeist nach klinikinternen Standards.</text></sentence><sentence><infon key="sentnum">1</infon><offset>-1</offset><text>Eine aktuell gültige S3-Leitlinie zur Behandlung akuter perioperativer und posttraumatischer Schmerzen gibt es derzeit nicht.</text></sentence><sentence><infon key="sentnum">2</infon><offset>-1</offset><text>Die unterschiedlichen Therapiemöglichkeiten akuter postoperativer Schmerzen in der Thoraxchirurgie, deren Effektivität in der Literatur sehr uneinheitlich beurteilt wird, werden in diesem Beitrag vorgestellt.</text></sentence></passage></document><document><id>doc68</id><passage><infon key="language">DE</infon><infon key="section">abstract</infon><offset>-1</offset><sentence><infon key="sentnum">0</infon><offset>-1</offset><text>Viele verschiedene Pilzarten, und zwar Sprosspilze wie auch Schimmelpilze, kommen in Darm eines gesunden Menschen vor und bilden das Mykobiom.</text></sentence><sentence><infon key="sentnum">1</infon><offset>-1</offset><text>Bei Störung der bakteriellen Flora kann sich gegenläufig auch die Pilzflora ändern.</text></sentence><sentence><infon key="sentnum">2</infon><offset>-1</offset><text>Mittels „Pilzdiät“ lässt sich die Zusammensetzung nicht ändern.</text></sentence><sentence><infon key="sentnum">3</infon><offset>-1</offset><text>Einige der Pilze sind vermutlich nur passager nach Nahrungsaufnahme im Darm.</text></sentence><sentence><infon key="sentnum">4</infon><offset>-1</offset><text>Andere dagegen, wie Candida, Saccharomyces, Rhodotorula, Trichosporon, Geotrichum u.v. a.m., gehören zur residenten, autochthonen Flora des Darms.</text></sentence><sentence><infon key="sentnum">5</infon><offset>-1</offset><text>Einerseits haben solche Pilze im Darm durchaus Nutzen, indem sie verwertbare Stoffe herstellen.</text></sentence><sentence><infon key="sentnum">6</infon><offset>-1</offset><text>Rhodotorula z. B. kann Fettstoffe und Carotinoide bilden.</text></sentence><sentence><infon key="sentnum">7</infon><offset>-1</offset><text>Andere können Toxine, z. B. Mykotoxine und prokarzinogene Stoffe, in der Nahrung degradieren.</text></sentence><sentence><infon key="sentnum">8</infon><offset>-1</offset><text>Toxine sowie pathogene Bakterien können von Mannanen der Oberfläche von Pilzen festgehalten und so abtransportiert werden.</text></sentence><sentence><infon key="sentnum">9</infon><offset>-1</offset><text>Auch probiotische Wirkung zur Regulierung der Bakterienflora wird einigen Pilzen zugetraut.</text></sentence><sentence><infon key="sentnum">10</infon><offset>-1</offset><text>Bestimmte Pilzbestandteile, wie etwa Glukane, können das Immunsystem stimulieren.</text></sentence><sentence><infon key="sentnum">11</infon><offset>-1</offset><text>Manche Pilze können den Darm nicht nur asymptomatisch kolonisieren sondern bei bestimmten Situationen, wenn z. B. die Bakterienflora gestört ist, auch nachteilig sein, indem sie entweder mithilfe ihrer Virulenzfaktoren eine Schädigung der Schleimhautepithelien bedingen oder sogar in die Mukosa eindringen und Entzündungen hervorrufen bzw.</text></sentence><sentence><infon key="sentnum">12</infon><offset>-1</offset><text>bei bereits chronisch entzündlichen Prozessen diese verstärken.</text></sentence><sentence><infon key="sentnum">13</infon><offset>-1</offset><text>Pilze können bei der Entstehung von Obesitas mitwirken.</text></sentence><sentence><infon key="sentnum">14</infon><offset>-1</offset><text>Außerdem besteht die Möglichkeit, dass Pilze im Darm ein Reservoir finden, von dem aus sie sich bei günstiger Gelegenheit in andere Körperregionen ausbreiten können.</text></sentence></passage></document><document><id>doc69</id><passage><infon key="language">DE</infon><infon key="section">abstract</infon><offset>-1</offset><sentence><infon key="sentnum">0</infon><offset>-1</offset><text>In Deutschland ist die Fissuren- und Grübchenversiegelung bei Kindern und Jugendlichen mit aushärtendem Kunststoffmaterial seit 1993 Bestandteil der Individualprophylaxe, die Leistung der Gesetzlichen Krankenversicherung ist.</text></sentence><sentence><infon key="sentnum">1</infon><offset>-1</offset><text>In dieser Arbeit werden Fragen zu der medizinischen Wirksamkeit und Kosteneffektivität von Fissuren- und Grübchenversiegelungen in der Kariesprophylaxe bei Kindern und Jugendlichen mit hohem Kariesrisiko sowie zu möglichen ethischen, sozialen und rechtlichen Implikationen untersucht.</text></sentence><sentence><infon key="sentnum">2</infon><offset>-1</offset><text>Es gibt Hinweise auf protektive Effekte der Fissuren- und Grübchenversiegelung, insbesondere bei Kindern und Jugendlichen mit hohem Kariesrisiko.</text></sentence><sentence><infon key="sentnum">3</infon><offset>-1</offset><text>Dabei gibt es Hinweise darauf, dass diese Effekte auf längere Sicht tendenziell mit Kosteneinsparungen verbunden sein könnten.</text></sentence><sentence><infon key="sentnum">4</infon><offset>-1</offset><text>Dennoch kann die Ausweitung dieser Intervention auf nationaler Ebene nicht pauschal empfohlen werden.</text></sentence><sentence><infon key="sentnum">5</infon><offset>-1</offset><text>Denn die Studien sind mit der Gefahr systematischer Verzerrungen behaftet, die zu einer Überschätzung des protektiven Effekts der Fissuren- und Grübchenversiegelung führen können.</text></sentence><sentence><infon key="sentnum">6</infon><offset>-1</offset><text>Zudem ist die Übertragbarkeit der Studienergebnisse auf den deutschen Versorgungskontext eingeschränkt.</text></sentence><sentence><infon key="sentnum">7</infon><offset>-1</offset><text>Aufgrund methodischer Schwächen liefern außerdem weder die ökonomischen Modelle noch die Primärstudien belastbare Ergebnisse zur Kosteneffektivität.</text></sentence></passage></document><document><id>doc71</id><passage><infon key="language">DE</infon><infon key="section">abstract</infon><offset>-1</offset><sentence><infon key="sentnum">0</infon><offset>-1</offset><text>Es wird ein 2 Monate altes, männliches Ouessant-Schaf mit Abszess im Bereich der thorakalen Wirbelsäule beschrieben.</text></sentence><sentence><infon key="sentnum">1</infon><offset>-1</offset><text>Die wichtigsten klinische Befunde waren Nachhandataxie, Überköten hinten beidseits, Schwanken der Nachhand und Umfallen.</text></sentence><sentence><infon key="sentnum">2</infon><offset>-1</offset><text>Bei der Adspektion und Palpation wurde neben den Dornfortsätzen der Brustwirbel 9 bis 12 eine Umfangsvermehrung festgestellt.</text></sentence><sentence><infon key="sentnum">3</infon><offset>-1</offset><text>Diese stellte sich bei der Ultraschalluntersuchung als kavitäre Läsion dar (Verdacht auf Abszessbildung), welche seitlich auf den Querfortsätzen der Brustwirbel lag.</text></sentence><sentence><infon key="sentnum">4</infon><offset>-1</offset><text>Das Schaf wurde euthanasiert.</text></sentence><sentence><infon key="sentnum">5</infon><offset>-1</offset><text>Bei der postmortem durchgeführten MRT-Untersuchung (Magnetresonanztomographie) konnten Ausmass und Lage des Abszesses genau charakterisiert werden.</text></sentence><sentence><infon key="sentnum">6</infon><offset>-1</offset><text>Auf Höhe von T9 war ein Kanal zu sehen, der vom Abszess ausging und sich in den Wirbelkanal erstreckte und das Rückenmark komprimierte.</text></sentence><sentence><infon key="sentnum">7</infon><offset>-1</offset><text>Die Sektion bestätigte die MRI-Befunde.</text></sentence><sentence><infon key="sentnum">8</infon><offset>-1</offset><text>Histologisch war an der Kompressionsstelle eine akute Degeneration des Rückenmarks zu sehen, welche für die klinischen Symptome verantwortlich war.</text></sentence></passage></document><document><id>doc78</id><passage><infon key="language">DE</infon><infon key="section">abstract</infon><offset>-1</offset><sentence><infon key="sentnum">0</infon><offset>-1</offset><text>Die erste Veröffentlichung der Women's Health Initiative (WHI)-Studie zur Wirksamkeit und Risiken einer Hormontherapie in der Menopause hat seit 2002 sowohl die Ärzteschaft als auch die Patientinnen verunsichert.</text></sentence><sentence><infon key="sentnum">1</infon><offset>-1</offset><text>Als Folge dessen wird heute vielen Frauen eine wirksame Hormontherapie enthalten, die zum Erhalt der Lebensqualität und den langfristigen Gesundheit beitragen kann.</text></sentence><sentence><infon key="sentnum">2</infon><offset>-1</offset><text>Die WHI-Studien sowie eine Vielzahl differenziertere Nachuntersuchungen haben dazu beigetragen den Stellenwert, die Wirksamkeit und die Risiken einer Hormontherapie bei der postmenopausalen Frau neu zu definieren und so bestehen heute wieder gute Ansätze für eine ausgewogene und fundierte Behandlung mit Östrogenen.</text></sentence><sentence><infon key="sentnum">3</infon><offset>-1</offset><text>So werden heute wesentlich niedrigere Dosierungen auch bei der Behandlung des klimakterischen Syndroms eingesetzt.</text></sentence><sentence><infon key="sentnum">4</infon><offset>-1</offset><text>Die präventive Wirkung einer konsequenten Östrogenbehandlung auf das osteoporotische Frakturrisiko ist wissenschaftlich unzweifelhaft.</text></sentence><sentence><infon key="sentnum">5</infon><offset>-1</offset><text>Eine Hormontherapie soll, wenn nötig, nicht viele Jahre nach dem Beginn der Menopause gestartet werden sondern früh, also innerhalb des „günstigen Fensters“.</text></sentence><sentence><infon key="sentnum">6</infon><offset>-1</offset><text>Nur so kommt der kardiovaskuläre Schutz der Hormonbehandlung zum Tragen.</text></sentence><sentence><infon key="sentnum">7</infon><offset>-1</offset><text>Darüber hinaus kann heute, anders als vor der WHI-Studie, das Brustkrebsrisiko unter Anwendung einer Hormontherapie genau quantifiziert werden.</text></sentence><sentence><infon key="sentnum">8</infon><offset>-1</offset><text>Deshalb können unter sorgfältiger Abwägung der Vorteile und der möglichen Risiken viele Frauen mit klimakterischen Beschwerden von einer Anwendung eines östrogenhaltigen Präparates profitieren.</text></sentence><sentence><infon key="sentnum">9</infon><offset>-1</offset><text>Hierbei ist der rechtzeitige Einstieg in der Hormonbehandlung entscheidend sowie die Teilnahme an ein Screeningprogramm für Brustkrebs, im Rahmen dessen mindestens alle zwei Jahre eine Mammographie durchgeführt wird.</text></sentence></passage></document><document><id>doc79</id><passage><infon key="language">DE</infon><infon key="section">abstract</infon><offset>-1</offset><sentence><infon key="sentnum">0</infon><offset>-1</offset><text>Das Training mit Spitzenschuhen ist ein fester Bestandteil des klassischen und neoklassischen Tanzes, im professionellen Ausbildungs- sowie im ambitionierten Hobbytanzbereich.</text></sentence><sentence><infon key="sentnum">1</infon><offset>-1</offset><text>Der vor über 100 Jahren entwickelte – und seither nicht grundlegend veränderte dafür notwendige Spitzenschuh – ist hochspezifisch und ein Kompromiss zwischen Ästhetik, Funktion, Sicherheit und Gesundheit.</text></sentence><sentence><infon key="sentnum">2</infon><offset>-1</offset><text>Vor jedem Trainingsbeginn sollte daher eine Überprüfung der Eignung stehen.</text></sentence><sentence><infon key="sentnum">3</infon><offset>-1</offset><text>Mit dieser Fragestellung werden regelmäßig auf dem Gebiet der Medizin tätige Fachkräfte konfrontiert.</text></sentence><sentence><infon key="sentnum">4</infon><offset>-1</offset><text>Für eine Spitzentanz-Eignung (SST) müssen besondere anatomische, sich an der Tanztechnik orientierende allgemeine konditionelle und koordinative sowie spezifische tanztechnische Voraussetzungen erfüllt sein, um sowohl das akute Verletzungsrisiko als auch die Entstehung langfristiger Schäden möglichst gering zu halten.</text></sentence><sentence><infon key="sentnum">5</infon><offset>-1</offset><text>Dafür stehen neben einer (Trainings-)Anamnese mittlerweile verschiedene Testverfahren zur Verfügung, die im Verlauf einer Beratung eine zuverlässige Entscheidung für oder gegen den Spitzentanz ermöglichen.</text></sentence><sentence><infon key="sentnum">6</infon><offset>-1</offset><text>Unter Berücksichtigung der Zielgruppen professioneller Bühnentanz und Hobbytanz liefert dieser Beitrag Grundlagen und strukturierte Handlungsempfehlungen für Spitzentanz-Tauglichkeitsuntersuchungen (SST-TEST).</text></sentence></passage></document><document><id>doc81</id><passage><infon key="language">DE</infon><infon key="section">abstract</infon><offset>-1</offset><sentence><infon key="sentnum">0</infon><offset>-1</offset><text>Die pharmakologische Vitreolyse mit Ocriplasmin ist eine effektive, nicht operative Therapieoption zur Behandlung der vitreomakulären Traktion (VMT) ≤ 1500 µm einschließlich assoziiertem Makulaforamen mit einem Durchmesser von ≤ 400 µm.</text></sentence><sentence><infon key="sentnum">1</infon><offset>-1</offset><text>Sowohl klinische Phase-III-Studien als auch nach Zulassung von Ocriplasmin durchgeführte Studien konnten zeigen, dass eine Verbesserung der Sehschärfe durch die intravitreale Injektion des Medikaments erreicht werden kann und die VMT in 78% der Fälle durch die Behandlung gelöst wird.</text></sentence><sentence><infon key="sentnum">2</infon><offset>-1</offset><text>Grundlage einer erfolgreichen Behandlung mit Ocriplasmin ist eine gezielte Selektion der Patienten, die nach beschriebenen prädiktiven Faktoren empfohlen wird.</text></sentence><sentence><infon key="sentnum">3</infon><offset>-1</offset><text>Die Nebenwirkungen nach Ocriplasmin-Injektion sind meist passager und selbstlimitierend.</text></sentence><sentence><infon key="sentnum">4</infon><offset>-1</offset><text>Ihr Auftreten ist jedoch nicht selten.</text></sentence><sentence><infon key="sentnum">5</infon><offset>-1</offset><text>Visusminderung sowie strukturelle SD-OCT- und ERG-Veränderungen sind mit einer erfolgreichen Ablösung der VMT verbunden.</text></sentence><sentence><infon key="sentnum">6</infon><offset>-1</offset><text>Hierbei erscheint besonders wichtig, Patienten vor Injektion von Ocriplasmin über potenzielle subjektive Funktionsbeeinträchtigungen aufzuklären.</text></sentence><sentence><infon key="sentnum">7</infon><offset>-1</offset><text>Bei persistierender VMT oder persistierendem Makulaforamen nach pharmakologischer Vitreolyse ergeben sich keine funktionellen und morphologischen Nachteile für die behandelten Patienten verglichen mit jenen, die ausschließlich operiert wurden und keine vorangegangene Ocriplasmin-Injektion erhalten hatten.</text></sentence></passage></document><document><id>doc82</id><passage><infon key="language">DE</infon><infon key="section">abstract</infon><offset>-1</offset><sentence><infon key="sentnum">0</infon><offset>-1</offset><text>Wir berichten über eine akute Eisenhutintoxikation einer 56-jährigen Patientin mit Blauem Eisenhut (Aconitum napellus) in suizidaler Absicht.</text></sentence><sentence><infon key="sentnum">1</infon><offset>-1</offset><text>Der Blaue Eisenhut gilt als die giftigste Pflanze Europas.</text></sentence><sentence><infon key="sentnum">2</infon><offset>-1</offset><text>Alle Pflanzenteile enthalten das hochgiftige Alkaloid Aconitin.</text></sentence><sentence><infon key="sentnum">3</infon><offset>-1</offset><text>Die letale Dosis beim Erwachsenen beträgt 2 – 6 mg.</text></sentence><sentence><infon key="sentnum">4</infon><offset>-1</offset><text>Intoxikationen verlaufen häufig tödlich.</text></sentence><sentence><infon key="sentnum">5</infon><offset>-1</offset><text>Auch asymptomatische Patienten mit Verdacht auf Eisenhutintoxikation sollten auf einer Intensivstation überwacht werden.</text></sentence><sentence><infon key="sentnum">6</infon><offset>-1</offset><text>Erste Intoxikationszeichen sind Parästhesien im Mund- und Rachenbereich, Bauchkrämpfe, Übelkeit, Erbrechen und starke Schmerzen der Skelettmuskulatur.</text></sentence><sentence><infon key="sentnum">7</infon><offset>-1</offset><text>Betroffene Patienten versterben innerhalb weniger Stunden nach Ingestion aufgrund von Atemlähmung und/oder Herzrhythmusstörungen.Die wichtigste Maßnahme nach oraler Ingestion besteht in einer möglichst schnellen primären Giftelimination (bei bewusstseinsklaren Patienten Erbrechen auslösen, sonst Magenspülung unter Schutzintubation) und der anschließenden Kohlegabe.</text></sentence><sentence><infon key="sentnum">8</infon><offset>-1</offset><text>Ein spezifisches Antidot steht nicht zur Verfügung.</text></sentence><sentence><infon key="sentnum">9</infon><offset>-1</offset><text>Das Management einer Intoxikation besteht vor allem aus der Therapie der Rhythmusstörungen in Form von Magnesium und Amiodaron.Auf die strikte Einhaltung von Eigenschutzmaßnahmen (Handschuhe, Mundschutz) muss unbedingt geachtet werden.</text></sentence><sentence><infon key="sentnum">10</infon><offset>-1</offset><text>Ein direkter Hautkontakt mit Pflanzenteilen ist ebenso zu vermeiden wie der potenzielle Kontakt mit Erbrochenem oder Aspirat.</text></sentence></passage></document><document><id>doc84</id><passage><infon key="language">DE</infon><infon key="section">abstract</infon><offset>-1</offset><sentence><infon key="sentnum">0</infon><offset>-1</offset><text>Harninkontinenz bei der Frau ist ein häufiges Problem.</text></sentence><sentence><infon key="sentnum">1</infon><offset>-1</offset><text>Mit dem Alter steigt ihre Prävalenz und die Schwere ihrer Ausprägung.</text></sentence><sentence><infon key="sentnum">2</infon><offset>-1</offset><text>Bei Bewohnerinnen von Pflegeheimen beträgt die Häufigkeit 43–77 %, 6–10 % der Heimeinweisungen erfolgen wegen Harninkontinenz.</text></sentence><sentence><infon key="sentnum">3</infon><offset>-1</offset><text>Das Risiko für eine Harninkontinenz ist bei Frauen mit kognitivem Defizit um den Faktor 1,5–3,5 erhöht gegenüber Frauen mit ungestörter mentaler Funktion.</text></sentence><sentence><infon key="sentnum">4</infon><offset>-1</offset><text>Die häufigste Harninkontinenz ist die Belastungsinkontinenz (50 %), gefolgt von der gemischten Belastungs-Drang-Inkontinenz (40 %) und der reinen Dranginkontinenz (ÜAB = überaktive Blase, 20 %).</text></sentence><sentence><infon key="sentnum">5</infon><offset>-1</offset><text>Letztere bleibt hinsichtlich ihrer Ursache in ca. 80 % der Fälle ungeklärt.</text></sentence><sentence><infon key="sentnum">6</infon><offset>-1</offset><text>Sie ist gelegentlich schwierig zu behandeln.</text></sentence><sentence><infon key="sentnum">7</infon><offset>-1</offset><text>Es gibt Fälle, in denen eine Dranginkontinenz im Zusammenhang steht mit traumatisierenden Ereignissen.</text></sentence><sentence><infon key="sentnum">8</infon><offset>-1</offset><text>Dann können zusätzliche verhaltenstherapeutische und psychotherapeutische Ansätze hilfreich sein.</text></sentence><sentence><infon key="sentnum">9</infon><offset>-1</offset><text>Fast zwangsläufig hat jede Form von Inkontinenz psychische Folgen: mit unkontrolliertem Urinverlust sind häufig Scham und Unsicherheit verbunden.</text></sentence><sentence><infon key="sentnum">10</infon><offset>-1</offset><text>Sie führen u. U. langfristig zur Vermeidung von sozialen Kontakten, und evtl.</text></sentence><sentence><infon key="sentnum">11</infon><offset>-1</offset><text>zu Depressivität und Vereinsamung.</text></sentence><sentence><infon key="sentnum">12</infon><offset>-1</offset><text>Unter 3 Gesichtspunkten ist die Berücksichtigung der Psychosomatik bei der Therapie der weiblichen Inkontinenz wichtig: 1.</text></sentence><sentence><infon key="sentnum">13</infon><offset>-1</offset><text>die Effizienz der Behandlung wird der Patientin besser gerecht, 2.</text></sentence><sentence><infon key="sentnum">14</infon><offset>-1</offset><text>die Kosten der Behandlung sinken, 3.</text></sentence><sentence><infon key="sentnum">15</infon><offset>-1</offset><text>die Arbeitszufriedenheit der behandelnden Ärzte und Ärztinnen steigt.</text></sentence></passage></document><document><id>doc85</id><passage><infon key="language">DE</infon><infon key="section">abstract</infon><offset>-1</offset><sentence><infon key="sentnum">0</infon><offset>-1</offset><text>Der Haus- oder Kinderarzt als erste Anlaufstelle kann das Übergewicht rechtzeitig erkennen, und bei Adipositas oder Komorbiditäten eine Therapie durchführen, bzw.</text></sentence><sentence><infon key="sentnum">1</infon><offset>-1</offset><text>Präventionsmaßnahmen einleiten.</text></sentence><sentence><infon key="sentnum">2</infon><offset>-1</offset><text>Übergewichts-Interventionen sind vor dem 7.</text></sentence><sentence><infon key="sentnum">3</infon><offset>-1</offset><text>Lebensjahr am effizientesten hinsichtlich kurz- und langfristiger Resultate.</text></sentence><sentence><infon key="sentnum">4</infon><offset>-1</offset><text>Da die Adipositas eine Betreuung der gesamten Familie erfordert, sind enger bzw.</text></sentence><sentence><infon key="sentnum">5</infon><offset>-1</offset><text>wiederkehrender Kontakt mit Kindern und Familie sowie die Wohnortnähe der Behandlung wichtig.</text></sentence><sentence><infon key="sentnum">6</infon><offset>-1</offset><text>Das Ändern von liebgewonnenen Gewohnheiten und des Erziehungsstils stellt die größte Herausforderung an die Eltern.</text></sentence><sentence><infon key="sentnum">7</infon><offset>-1</offset><text>Daher können Techniken der Alkohol- und Tabak-Sucht-Behandlung genutzt werden und Empfehlungen zur Verbesserung des Selbstwertes, der Bewegung sowie des Essverhaltens angeführt werden.</text></sentence><sentence><infon key="sentnum">8</infon><offset>-1</offset><text>Machbare Ziele umfassen zunächst kleine Lebensstiländerungen und Reduktion von Komorbiditäten, wenn eine extreme Adipositas mit BMI über der 99.5 Perzentile oder psychische Störungen bestehen, oder sich innert der ersten 6 Monate abzeichnet, dass die eigenen Ziele nicht erreicht werden können, ist die Weiterleitung an ein spezialisiertes Zentrum zur multiprofessionellen Behandlung indiziert, in der Spezialisten für Ernährung, Bewegung und Psychologie gemeinsam die Therapie des Kindes mit seiner Familie übernehmen.</text></sentence><sentence><infon key="sentnum">9</infon><offset>-1</offset><text>Die Adipositas ist bereits in der Kindheit eine chronische Erkrankung, die eine sehr langfristige Behandlung benötigt und meist bis ins Erwachsenalter andauert.</text></sentence></passage></document><document><id>doc86</id><passage><infon key="language">DE</infon><infon key="section">abstract</infon><offset>-1</offset><sentence><infon key="sentnum">0</infon><offset>-1</offset><text>Im Rahmen eines Konsensusprozesses der Arbeitsgruppe „subaxiale HWS-Verletzungen“ der Sektion Wirbelsäule der DGOU erfolgte in 4 Sitzungen im Jahre 2016 die Erstellung der vorliegenden Therapieempfehlungen unter Berücksichtigung der vorhandenen Literatur.</text></sentence><sentence><infon key="sentnum">1</infon><offset>-1</offset><text>Therapieziele sind eine dauerhaft stabile, schmerzfreie Halswirbelsäule und der Schutz vor sekundären neurologischen Schäden unter größtmöglicher Berücksichtigung der Beweglichkeit und des Wirbelsäulenprofils.</text></sentence><sentence><infon key="sentnum">2</infon><offset>-1</offset><text>Aufgrund der Praktikabilität und der guten Evaluation hinsichtlich Reliabilität sollte die AOSpine-Klassifikation für subaxiale HWS-Verletzungen für die Klassifikation zur Anwendung kommen.</text></sentence><sentence><infon key="sentnum">3</infon><offset>-1</offset><text>Es wird die Canadian C-Spine Rule als klinischer Algorithmus zur Entscheidung hinsichtlich der Notwendigkeit einer bildgebenden Diagnostik empfohlen.</text></sentence><sentence><infon key="sentnum">4</infon><offset>-1</offset><text>Bei gemäß dieser Regel anamnestisch oder klinisch hohem Verdacht auf eine strukturelle, instabile Verletzung ist die Spiral-CT der HWS Verfahren der Wahl.</text></sentence><sentence><infon key="sentnum">5</infon><offset>-1</offset><text>Die konventionelle Röntgendiagnostik in 2 Ebenen bleibt Fällen vorbehalten, in denen kein „gefährlicher Unfallmechanismus“ vorliegt.</text></sentence><sentence><infon key="sentnum">6</infon><offset>-1</offset><text>Die Indikation für die MRT der HWS wird vor allem bei nicht erklärbaren neurologischen Symptomen, bei geplanter geschlossener Reposition und dorsaler Stabilisierung und zum Ausschluss vermuteter diskoligamentärer Verletzungen empfohlen, wobei hier je nach Befundkonstellation eine abgestufte Dringlichkeit gilt.</text></sentence><sentence><infon key="sentnum">7</infon><offset>-1</offset><text>Die CT-Angiografie wird bei höhergradigen Facettengelenkverletzungen oder bei Vorliegen vertebrobasilärer Symptome empfohlen.</text></sentence><sentence><infon key="sentnum">8</infon><offset>-1</offset><text>Die konventionelle Funktionsdiagnostik wird ausschließlich in Form der ärztlich geführten dynamischen Bildwandlerdurchleuchtung bei persistierendem Verdacht auf eine instabile Verletzung empfohlen.</text></sentence><sentence><infon key="sentnum">9</infon><offset>-1</offset><text>Die therapeutische Strategie richtet sich primär nach der Verletzungsmorphologie, die in der AOSpine-Klassifikation beschrieben wird.</text></sentence><sentence><infon key="sentnum">10</infon><offset>-1</offset><text>A0-Frakturen sollten konservativ behandelt werden.</text></sentence><sentence><infon key="sentnum">11</infon><offset>-1</offset><text>A1- und A2-Frakturen sollten meistens konservativ behandelt werden, wobei die segmentale Kyphose in Einzelfällen eine OP-Indikation bedingen kann.</text></sentence><sentence><infon key="sentnum">12</infon><offset>-1</offset><text>A3-Frakturen stellen in den meisten Fällen eine OP-Indikation dar, in Einzelfällen ist eine konservative Behandlung möglich.</text></sentence><sentence><infon key="sentnum">13</infon><offset>-1</offset><text>A4-Frakturen sowie die B- und C-Verletzungen bedürfen einer operativen Therapie.</text></sentence><sentence><infon key="sentnum">14</infon><offset>-1</offset><text>Die ventrale Plattenspondylodese mit interkorporeller Abstützung (bei Berstungskomponente durch Korporektomie und Wirbelkörperersatz) wird für die meisten Verletzungen empfohlen, eine rein dorsale oder zusätzlich dorsale Stabilisierung kann bei besonderer Befundkonstellation möglich oder sogar notwendig sein.</text></sentence><sentence><infon key="sentnum">15</infon><offset>-1</offset><text>In diesen Fällen ist die Instrumentierung mit Massa-lateralis-Schrauben zumeist ausreichend; bei Anwendung von Pedikelschrauben in Höhe C III – C VI wird ein Navigationssystem empfohlen.</text></sentence><sentence><infon key="sentnum">16</infon><offset>-1</offset><text>Bei Vorliegen einer ankylosierenden Grunderkrankung (M3-Modifikator) wird hingegen die dorsale, langstreckige Stabilisierung favorisiert.</text></sentence></passage></document><document><id>doc88</id><passage><infon key="language">DE</infon><infon key="section">abstract</infon><offset>-1</offset><sentence><infon key="sentnum">0</infon><offset>-1</offset><text>Der Laparoskopie kommt in der gynäkologischen Onkochirurgie eine zunehmend wichtige Rolle zu.</text></sentence><sentence><infon key="sentnum">1</infon><offset>-1</offset><text>Die allgemeinen Vorteile minimalinvasiver Operationstechniken sind auch für onkologische Patientinnen mittlerweile gut belegt bei gleichzeitiger Wahrung der onkologischen Behandlungsqualität.</text></sentence><sentence><infon key="sentnum">2</infon><offset>-1</offset><text>Dies wurde für die operative Therapie des Zervixkarzinoms anhand retrospektiver und Fallkontrollstudien, für das frühe Low-Risk-Endometriumkarzinom auch prospektiv-randomisiert erfolgreich gezeigt.</text></sentence><sentence><infon key="sentnum">3</infon><offset>-1</offset><text>Eine indizierte Lymphonodektomie lässt sich sowohl technisch als auch onkologisch sicher per Laparoskopie durchführen und gerade adipöse Risikopatientinnen profitieren, wenn durchführbar, vom minimalinvasiven Vorgehen.</text></sentence><sentence><infon key="sentnum">4</infon><offset>-1</offset><text>Beim Ovarialkarzinom wird eine mögliche Rolle des laparoskopischen Zugangs im Rahmen neoadjuvanter Therapiekonzepte und zur operativen Therapie in Frühstadien kontrovers diskutiert und erfolgt daher derzeit unter Studienbedingungen.</text></sentence><sentence><infon key="sentnum">5</infon><offset>-1</offset><text>Die Durchführung gynäkoonkologischer Eingriffe mit minimalinvasivem Zugang setzt nicht nur die Einhaltung onkologischer Prinzipien, sondern auch erhebliches operationstechnisches Know-how voraus.</text></sentence></passage></document><document><id>doc93</id><passage><infon key="language">DE</infon><infon key="section">abstract</infon><offset>-1</offset><sentence><infon key="sentnum">0</infon><offset>-1</offset><text>Die Gesellschaft Schweizer Tierärzte (GST) stellte 1828 eine Preisfrage, welche die Symptomatik, Aetiologie und Prophylaxe der Polyarthritis des Fohlens betraf.</text></sentence><sentence><infon key="sentnum">1</infon><offset>-1</offset><text>Der Aufsatz von Matthias Anker zu diesem Thema wurde ausgezeichnet und 1830 publiziert.</text></sentence><sentence><infon key="sentnum">2</infon><offset>-1</offset><text>Seine Ausführungen beantworteten sowohl die Fragen zu den klinischen Aspekten, nahmen aber auch Bezug zu epidemiologischen, pathologischen, ökonomischen und ethischen Belangen sowie zur Haltung der Pferde und zum Umgang mit den Züchtern.</text></sentence><sentence><infon key="sentnum">3</infon><offset>-1</offset><text>Die umfassende Arbeit von Anker in klarer Sprache und mit verbindlichen Ansichten findet heute noch Interesse, weil die Septikämie nach wie vor eines der grossen Probleme der Gestütsmedizin ist.</text></sentence><sentence><infon key="sentnum">4</infon><offset>-1</offset><text>Überdies verwundert, dass die Empfehlungen von Anker später zu oft missachtet wurden.</text></sentence><sentence><infon key="sentnum">5</infon><offset>-1</offset><text>Die Gründe für diesen Umstand dürften vor allem in der mangelhaften Vermittlung des Wissens liegen, einerseits wegen des Standes des Schulwesens zu jener Zeit, zum andern in der bescheidenen wirtschaftlichen Bedeutung der Pferdezucht und der vernachlässigten Ausbildung auf diesem Gebiet.</text></sentence><sentence><infon key="sentnum">6</infon><offset>-1</offset><text>Die Empfehlungen sind noch heute gültig.</text></sentence></passage></document><document><id>doc95</id><passage><infon key="language">DE</infon><infon key="section">abstract</infon><offset>-1</offset><sentence><infon key="sentnum">0</infon><offset>-1</offset><text>Die Kombination von Trastuzumab mit verschiedenen Chemotherapie-Regimen hat zu einer deutlichen Verbesserung des krankheitsfreien Überlebens und des Gesamtüberlebens geführt.</text></sentence><sentence><infon key="sentnum">1</infon><offset>-1</offset><text>Bisher sind tausende Patienten mit diesem Therapieansatz behandelt worden, welcher sich als angemessen sicher erwiesen hat.</text></sentence><sentence><infon key="sentnum">2</infon><offset>-1</offset><text>Hauptsächlich werden kardiale Nebenwirkungen beobachtet, die einer Kontrolle bedürfen.</text></sentence><sentence><infon key="sentnum">3</infon><offset>-1</offset><text>Trotz der weitreichenden kumulativen Erfahrungen innerhalb der onkologischen Gemeinschaft zur Behandlung des frühen HER2/neu-positiven Mammakarzinoms mit Trastuzumab bestehen noch immer bestimmte Ungewissheiten, vor allem bezüglich des idealen Verabreichungszeitpunkts für die Chemotherapie und der optimalen Dauer der Trastuzu-mab-Therapie.</text></sentence><sentence><infon key="sentnum">4</infon><offset>-1</offset><text>Die vorliegende Arbeit befasst sich mit diesen Fragepunkten angesichts jüngster Updates von einigen zentralen klinischen Studien zur adjuvanten Behandlung.</text></sentence></passage></document></collection>