<?xml version="1.0" encoding="UTF-8"?><!DOCTYPE collection SYSTEM "BioC.dtd"><collection><source></source><date></date><key></key><document><id>doc3</id><passage><infon key="language">EN</infon><infon key="section">abstract</infon><offset>-1</offset><sentence><infon key="sentnum">0</infon><offset>-1</offset><text>Cochlear implant (CI) surgery is the standard of care for postlingual deafness in adults.</text></sentence><sentence><infon key="sentnum">1</infon><offset>-1</offset><text>A hearing aid (HA) for the non-implanted ear is normally used if residual hearing is available.</text></sentence><sentence><infon key="sentnum">2</infon><offset>-1</offset><text>There is limited data on bimodal stimulation in elderly patients.</text></sentence><sentence><infon key="sentnum">3</infon><offset>-1</offset><text>We compare the outcome of bimodal stimulation and analyzed the correlation of bimodal benefit and residual hearing in elderly patients.</text></sentence><sentence><infon key="sentnum">4</infon><offset>-1</offset><text>22 patients≥70 years were implanted with a single-sided CI from 2002 till 2014.</text></sentence><sentence><infon key="sentnum">5</infon><offset>-1</offset><text>17 patients use a HA on the non-implanted ear (bimodal).</text></sentence><sentence><infon key="sentnum">6</infon><offset>-1</offset><text>In a retrospective chart review we analyzed the audiological benefit (pure tone average, speech recognition).</text></sentence><sentence><infon key="sentnum">7</infon><offset>-1</offset><text>Time to follow-up was 6 month to 12 years.</text></sentence><sentence><infon key="sentnum">8</infon><offset>-1</offset><text>The subjective benefit was assessed using a structured questionnaire.</text></sentence><sentence><infon key="sentnum">9</infon><offset>-1</offset><text>The speech recognition (monosyllabic word testing in quiet @ 65 dB SPL) showed a score of 61% in bimodal condition vs. 53% with CI alone (p=0.35).</text></sentence><sentence><infon key="sentnum">10</infon><offset>-1</offset><text>There was no statistically significant correlation between residual hearing in the lower frequencies (250 Hz, 500 Hz and 1 kHz) and bimodal benefit.</text></sentence><sentence><infon key="sentnum">11</infon><offset>-1</offset><text>Most elderly patients benefit from bimodal stimulation.</text></sentence><sentence><infon key="sentnum">12</infon><offset>-1</offset><text>In quiet and in comparison with CI alone, most patients showed some improvement in word recognition scores using bimodal fitting, and all of them were using the contralateral hearing aid all day long.</text></sentence><sentence><infon key="sentnum">13</infon><offset>-1</offset><text>Postlingual deafened elderly patients fitted with a unilateral CI require a short rehabilitation period.</text></sentence><sentence><infon key="sentnum">14</infon><offset>-1</offset><text>In case of contralateral hearing aid fitting, regular control of the hearing aid should not be overlooked.</text></sentence></passage></document><document><id>doc5</id><passage><infon key="language">EN</infon><infon key="section">abstract</infon><offset>-1</offset><sentence><infon key="sentnum">0</infon><offset>-1</offset><text>In July 2012 a revised terminology on colposcopic examinations of the cervix uteri was adopted by IFCPC.</text></sentence><sentence><infon key="sentnum">1</infon><offset>-1</offset><text>Central aspect is a description of characteristics that should aid in the definition of the disease entity cervix uteri.</text></sentence><sentence><infon key="sentnum">2</infon><offset>-1</offset><text>The nomenclature is built up in such a way that the examiner can evaluate colposcopic criteria according to a specific scheme.</text></sentence><sentence><infon key="sentnum">3</infon><offset>-1</offset><text>Firstly it is assessed whether the colposcopy is representative.</text></sentence><sentence><infon key="sentnum">4</infon><offset>-1</offset><text>Then it should be clarified whether or not the findings are normal.</text></sentence><sentence><infon key="sentnum">5</infon><offset>-1</offset><text>If the findings are not normal but rather abnormal the severity of the lesion is classified according to the so-called grade 1 (minor change) and grade 2 findings (major change).</text></sentence><sentence><infon key="sentnum">6</infon><offset>-1</offset><text>Specific abnormal findings such as leukoplakia, erosion and Lugol's finding are also not defined at this point.</text></sentence><sentence><infon key="sentnum">7</infon><offset>-1</offset><text>Characteristics suspicious for an invasion are described separately, in particular, atypical vessel patterns are mentioned here.</text></sentence><sentence><infon key="sentnum">8</infon><offset>-1</offset><text>As already held in the previous revised nomenclature (Barcelona), various findings are described in a last group: congenital transformation zones (CTZ), congenital anomalies, condylomas (papillomas), endometriosis, polyps (ectocervical, endocervical), inflammation, stenosis, postoperative changes (scarred portio, vaginal stump).</text></sentence></passage></document><document><id>doc6</id><passage><infon key="language">EN</infon><infon key="section">abstract</infon><offset>-1</offset><sentence><infon key="sentnum">0</infon><offset>-1</offset><text>We report the case of a 73 year old patient with a COPD.</text></sentence><sentence><infon key="sentnum">1</infon><offset>-1</offset><text>A severe exazerbation was treated with glucocorticoids and Quinolones.</text></sentence><sentence><infon key="sentnum">2</infon><offset>-1</offset><text>A few days later both ankles were tender and painful.</text></sentence><sentence><infon key="sentnum">3</infon><offset>-1</offset><text>Ultrasound examination showed bilateral Achilles tendon ruptures.</text></sentence><sentence><infon key="sentnum">4</infon><offset>-1</offset><text>Diagnostics, etiology and therapeutic options are discussed.</text></sentence></passage></document><document><id>doc7</id><passage><infon key="language">EN</infon><infon key="section">abstract</infon><offset>-1</offset><sentence><infon key="sentnum">0</infon><offset>-1</offset><text>The aim of the project is a cost analysis of 2 different strategies "train-the-trainer-seminar" (ttt-seminar) and "implementation guideline" (ig) in the implementation of a standardised patient education program in the inpatient rehabilitation of patients with chronic back pain.</text></sentence><sentence><infon key="sentnum">1</infon><offset>-1</offset><text>The implementation strategies were assigned by chance to 10 rehabilitation clinics.</text></sentence><sentence><infon key="sentnum">2</infon><offset>-1</offset><text>Expenditure of time was evaluated by questionnaire.</text></sentence><sentence><infon key="sentnum">3</infon><offset>-1</offset><text>Additionally materials and travel expenses were calculated.</text></sentence><sentence><infon key="sentnum">4</infon><offset>-1</offset><text>The total implementation costs accounted 4 582 € for the ttt-seminar and were about one third (35%) higher than the costs for the ig-strategy.</text></sentence><sentence><infon key="sentnum">5</infon><offset>-1</offset><text>The higher total implementation costs can basically be attributed to higher personnel costs due to the time-consuming seminar.</text></sentence><sentence><infon key="sentnum">6</infon><offset>-1</offset><text>However, in the ig-strategy postprocessing costs were 23.5% higher than in the ttt-strategy.</text></sentence></passage></document><document><id>doc9</id><passage><infon key="language">EN</infon><infon key="section">abstract</infon><offset>-1</offset><sentence><infon key="sentnum">0</infon><offset>-1</offset><text>Bladder cancer is the second most common urological malignant disease.</text></sentence><sentence><infon key="sentnum">1</infon><offset>-1</offset><text>There are various treatment strategies which, depending on tumor stage and grade, can minimize recurrence and lower progression rate.</text></sentence><sentence><infon key="sentnum">2</infon><offset>-1</offset><text>Alternative treatment modalities of instillation therapy after failure with first line Mitomycin C or BCG do exist and have become a point of interest, especially in times of shortage of agents such as BCG.This article aims to give an overview of the current existing thermotherapeutic treatment options (electroinductive and electroconductive).</text></sentence><sentence><infon key="sentnum">3</infon><offset>-1</offset><text>The article starts with the first publication presenting thermochemotherapy with Mitomycin C using the Synergo 
    ® device and highlights the first randomized controlled study comparing Mitomycin C (Synergo</text></sentence></passage></document><document><id>doc11</id><passage><infon key="language">EN</infon><infon key="section">abstract</infon><offset>-1</offset><sentence><infon key="sentnum">0</infon><offset>-1</offset><text>18F-fluorodeoxyglucose positron emission tomography-computed tomography (FDG-PET-CT) exhibits high diagnostic accuracy in the detection of vascular graft infections.</text></sentence><sentence><infon key="sentnum">1</infon><offset>-1</offset><text>Therapy control in vascular graft infection with FDG-PET-CT appears to be useful, as a significant impact on patient management has been described; however, supplemental data from large outcome studies are still pending.</text></sentence></passage></document><document><id>doc14</id><passage><infon key="language">EN</infon><infon key="section">abstract</infon><offset>-1</offset><sentence><infon key="sentnum">0</infon><offset>-1</offset><text>Urinary bladder injury or malfunction may occur due to a variety of underlying diseases or trauma mechanisms.</text></sentence><sentence><infon key="sentnum">1</infon><offset>-1</offset><text>This review discusses surgical principles and approaches for urinary bladder reconstruction and function preservation.</text></sentence></passage></document><document><id>doc17</id><passage><infon key="language">EN</infon><infon key="section">abstract</infon><offset>-1</offset><sentence><infon key="sentnum">0</infon><offset>-1</offset><text>Suburethral tension-free vaginal tape is used for the treatment of stress urinary incontinence with a high success rate.</text></sentence><sentence><infon key="sentnum">1</infon><offset>-1</offset><text>Often patients report having stress incontinence, as well as co-existing micturition problems which are attributable to overactive bladder syndrome (OAB).</text></sentence><sentence><infon key="sentnum">2</infon><offset>-1</offset><text>The present study examines the effect of suburethral tape on the symptoms of OAB.</text></sentence><sentence><infon key="sentnum">3</infon><offset>-1</offset><text>In the study, we used the transobturator vaginal tape inside-out technique (TVT-O).</text></sentence></passage></document><document><id>doc19</id><passage><infon key="language">EN</infon><infon key="section">abstract</infon><offset>-1</offset><sentence><infon key="sentnum">0</infon><offset>-1</offset><text>A 52 year old Swiss presented with a sore throat and progressive hoarseness.</text></sentence><sentence><infon key="sentnum">1</infon><offset>-1</offset><text>The histology showed a granulomatous inflammation of the epiglottis.</text></sentence><sentence><infon key="sentnum">2</infon><offset>-1</offset><text>Microbiology revealed dimorphic fungi in the sputum which were identified as Histoplasma sp.</text></sentence><sentence><infon key="sentnum">3</infon><offset>-1</offset><text>The histoplasma antigen was positive in urine and serum.</text></sentence><sentence><infon key="sentnum">4</infon><offset>-1</offset><text>Antimycotic therapy with itraconazol p.o. was started and switched to Amphotericin B i. v. due to clinical deterioration.</text></sentence><sentence><infon key="sentnum">5</infon><offset>-1</offset><text>Adrenal insufficiency should be considered in any patient with disseminated histoplasmosis since both the infection as well as the antimycotic treatment may cause Morbus Addison.</text></sentence><sentence><infon key="sentnum">6</infon><offset>-1</offset><text>An alternative therapy for the disseminated histoplasmosis is voriconazol.</text></sentence><sentence><infon key="sentnum">7</infon><offset>-1</offset><text>The investigation of the travel history is an important point.</text></sentence></passage></document><document><id>doc20</id><passage><infon key="language">EN</infon><infon key="section">abstract</infon><offset>-1</offset><sentence><infon key="sentnum">0</infon><offset>-1</offset><text>Food-borne pathogens are of high concern for public health and food safety.</text></sentence><sentence><infon key="sentnum">1</infon><offset>-1</offset><text>Staphylococcus aureus food poisoning is one of the most economically devastating types of food poisoning globally.</text></sentence><sentence><infon key="sentnum">2</infon><offset>-1</offset><text>The purpose of this study was to detect staphylococcal classical enterotoxins (SEs) in processed beef from Kingdom of Saudi Arabia (KSA) and Egypt.</text></sentence><sentence><infon key="sentnum">3</infon><offset>-1</offset><text>In the present investigation a total of 250 random processed meat samples (50 each of minced meat, beef burger, beef sausage, beef kofta and beef luncheon) were collected from different super markets in the study area.</text></sentence><sentence><infon key="sentnum">4</infon><offset>-1</offset><text>Using conventional cultural methods, samples were cultured for isolation and identification of S. aureus.</text></sentence><sentence><infon key="sentnum">5</infon><offset>-1</offset><text>Multiplex PCR was used to detect SEs of the classical type SEA, SEB, SEC and SED from isolates.</text></sentence><sentence><infon key="sentnum">6</infon><offset>-1</offset><text>The percentage presence of S. aureus in minced meat, beef burger, beef sausage, beef kofta and beef luncheon was 38%, 22%, 30%, 32% and 12%, respectively.</text></sentence><sentence><infon key="sentnum">7</infon><offset>-1</offset><text>Multiplex PCR indicated that all examined samples contain different types of classical staphylococcal enterotoxins and only minced meat samples contained all four types of toxins.</text></sentence><sentence><infon key="sentnum">8</infon><offset>-1</offset><text>Multiplex PCR is efficient in detection of SEs from food and may be used in tracing of toxins to promote food hygiene.</text></sentence><sentence><infon key="sentnum">9</infon><offset>-1</offset><text>Implications of contamination of processed meat to food hygiene in the study area are highlighted.</text></sentence></passage></document><document><id>doc22</id><passage><infon key="language">EN</infon><infon key="section">abstract</infon><offset>-1</offset><sentence><infon key="sentnum">0</infon><offset>-1</offset><text>In the German Health system there is an increasing competition in the recruitment of specialised staff, especially for rehabilitation centres, which are deemed less attractive.</text></sentence><sentence><infon key="sentnum">1</infon><offset>-1</offset><text>Therefore, this study examines the attractiveness of the field of medical rehabilitation from the point of view of medical professionals.</text></sentence><sentence><infon key="sentnum">2</infon><offset>-1</offset><text>We conducted 16 semi-structured interviews with doctors from 7 rehabilitation centres with different medical specialisations.</text></sentence><sentence><infon key="sentnum">3</infon><offset>-1</offset><text>The interviews were digitized and transcribed.</text></sentence><sentence><infon key="sentnum">4</infon><offset>-1</offset><text>A structured content analysis was carried out using the software MAXQDA 11.</text></sentence><sentence><infon key="sentnum">5</infon><offset>-1</offset><text>745 codes were identified and assigned to the categories "attractiveness", "unfavourable aspects" and "special features" of rehabilitation.</text></sentence><sentence><infon key="sentnum">6</infon><offset>-1</offset><text>Regarding medical rehabilitation, the interviewees appreciated especially the predictable, flexible working environment with little time pressure.</text></sentence><sentence><infon key="sentnum">7</infon><offset>-1</offset><text>Other than working with rehabilitative patients working as part of an interdisciplinary team was of high importance for the interviewees.</text></sentence><sentence><infon key="sentnum">8</infon><offset>-1</offset><text>Among the special features of rehabilitation in comparison with acute care were the higher relevance of the bio-psycho-social model of health and illness as well as the higher proportion of communication and organisation.</text></sentence><sentence><infon key="sentnum">9</infon><offset>-1</offset><text>Medical rehabilitation in Germany is an attractive field of work for medical doctors.</text></sentence><sentence><infon key="sentnum">10</infon><offset>-1</offset><text>This fact should be considered more with regards to rehabilitation's public image.</text></sentence></passage></document><document><id>doc23</id><passage><infon key="language">EN</infon><infon key="section">abstract</infon><offset>-1</offset><sentence><infon key="sentnum">0</infon><offset>-1</offset><text>Radiation induced atherosclerosis of the carotid artery is a clinically relevant late complication after head and neck radiotherapy.</text></sentence><sentence><infon key="sentnum">1</infon><offset>-1</offset><text>Improved long-term survival after multimodality therapy in neck malignancies result in an increased risk of carotid artery disease in patients after radiotherapy (RT).</text></sentence><sentence><infon key="sentnum">2</infon><offset>-1</offset><text>This review focuses on the current knowledge of occlusive carotid disease after head and neck radiotherapy and highlights the exceeding morphologic post-radiation vessel wall pathologies.</text></sentence><sentence><infon key="sentnum">3</infon><offset>-1</offset><text>More severe and extensive carotid artery atherosclerosis with plaque in all segments including the common carotid artery is a frequent finding after RT.</text></sentence><sentence><infon key="sentnum">4</infon><offset>-1</offset><text>Therefore, colour coded duplex ultrasound surveillance in patients after head and neck RT is recommended.</text></sentence><sentence><infon key="sentnum">5</infon><offset>-1</offset><text>Some histopathological studies indicate differences to classical atherosclerosis, and pathogenesis of chronic radiation vasculopathy is still under discussion.</text></sentence></passage></document><document><id>doc26</id><passage><infon key="language">EN</infon><infon key="section">abstract</infon><offset>-1</offset><sentence><infon key="sentnum">0</infon><offset>-1</offset><text>The aim of this review is to give a contemporary update on renal denervation therapy focusing particularly on the scientific background and present literature as well as on different technical approaches and potential future directions.</text></sentence></passage></document><document><id>doc28</id><passage><infon key="language">EN</infon><infon key="section">abstract</infon><offset>-1</offset><sentence><infon key="sentnum">0</infon><offset>-1</offset><text>We examined the cytotoxic effects of chaetocin on clear cell renal cell carcinoma (ccRCC) cells and the possibility to combine the effects of chaetocin with the effects of cytokine-induced killer cells (CIK) assayed by MTT assay and FACS analysis.</text></sentence><sentence><infon key="sentnum">1</infon><offset>-1</offset><text>Chaetocin is a thiodioxopiperazine produced by fungi belonging to the chaetomiaceae family.</text></sentence><sentence><infon key="sentnum">2</infon><offset>-1</offset><text>In 2007, it was first reported that chaetocin shows potent and selective ex vivo anti-cancer activity by inducing reactive oxygen species.</text></sentence><sentence><infon key="sentnum">3</infon><offset>-1</offset><text>CIK cells are generated from CD3+/CD56- T lymphocytes with double negative CD4-/CD8- phenotype that are isolated from human blood.</text></sentence><sentence><infon key="sentnum">4</infon><offset>-1</offset><text>The addition of distinct interleukins and antibodies results in the generation of CIK cells that are able to specifically target and destroy renal carcinoma cells.</text></sentence><sentence><infon key="sentnum">5</infon><offset>-1</offset><text>The results of this research state that the anti-ccRCC activity of chaetocin is weak and does not show a high grade of selectivity on clear cell renal cell carcinoma cells.</text></sentence><sentence><infon key="sentnum">6</infon><offset>-1</offset><text>Although the CIK cells show a high grade of selective anti-ccRCC activity, this effect could not be improved by the addition of chaetocin.</text></sentence><sentence><infon key="sentnum">7</infon><offset>-1</offset><text>So chaetocin seems to be no suitable agent for specific targeting ccRCC cells or for the combination therapy with CIK cells in renal cancer.</text></sentence></passage></document><document><id>doc29</id><passage><infon key="language">EN</infon><infon key="section">abstract</infon><offset>-1</offset><sentence><infon key="sentnum">0</infon><offset>-1</offset><text>Leptomeningeal carcinomatosis is a rare but serious complication of solid tumors such as melanoma, breast and lung cancer, as well as gastrointestinal carcinomas.</text></sentence><sentence><infon key="sentnum">1</infon><offset>-1</offset><text>Its clinical manifestation is highly variable, presenting as radicular pain with or without neurological deficits, as well as with headaches and hallucinatory irritation symptoms.</text></sentence><sentence><infon key="sentnum">2</infon><offset>-1</offset><text>Leptomeningeal carcinomatosis is often misdiagnosed, which delays treatment.</text></sentence><sentence><infon key="sentnum">3</infon><offset>-1</offset><text>Here we report a rare case of a patient with BRAF-mutated microsatellite stable colon carcinoma with lymphatic and skeletal metastases, who developed neurological symptoms one month after the initial diagnosis of malignancy.</text></sentence><sentence><infon key="sentnum">4</infon><offset>-1</offset><text>Based on the cytological detection of tumor cells in the cerebrospinal fluid, a leptomeningeal carcinomatosis was diagnosed, despite normal findings on MRI.</text></sentence><sentence><infon key="sentnum">5</infon><offset>-1</offset><text>Intrathecal chemotherapy with methotrexate, combined with intensive systemic immunochemotherapy, resulted in a good partial remission of the underlying malignant disease.</text></sentence><sentence><infon key="sentnum">6</infon><offset>-1</offset><text>However, approximately 8 months after the start of therapy, the patient developed progressive leptomeningeal carcinomatosis and died a few weeks later.</text></sentence></passage></document><document><id>doc38</id><passage><infon key="language">EN</infon><infon key="section">abstract</infon><offset>-1</offset><sentence><infon key="sentnum">0</infon><offset>-1</offset><text>Consumers and patients want to be included in decisions regarding their own health and have an ethically justified claim on informed decisions.</text></sentence><sentence><infon key="sentnum">1</infon><offset>-1</offset><text>Therefore, sound information is required, but health information is often misleading and based on different interests.</text></sentence><sentence><infon key="sentnum">2</infon><offset>-1</offset><text>The risks of disease and the benefits of medical interventions tend to be overestimated, whereas harm is often underestimated.</text></sentence><sentence><infon key="sentnum">3</infon><offset>-1</offset><text>Evidence-based health information has to fulfil certain criteria, for instance, it should be evidence-based, independent, complete, true as well as understandable.</text></sentence><sentence><infon key="sentnum">4</infon><offset>-1</offset><text>The aim of a medical intervention has to be explained.</text></sentence><sentence><infon key="sentnum">5</infon><offset>-1</offset><text>The different therapeutic options including the option not to intervene have to be delineated.</text></sentence><sentence><infon key="sentnum">6</infon><offset>-1</offset><text>The probabilities for success, lack of success and unwanted side effects have to be communicated in a numerical and understandable manner.</text></sentence><sentence><infon key="sentnum">7</infon><offset>-1</offset><text>Patients have the right to reject medical interventions without any sanctions.</text></sentence></passage></document><document><id>doc39</id><passage><infon key="language">EN</infon><infon key="section">abstract</infon><offset>-1</offset><sentence><infon key="sentnum">0</infon><offset>-1</offset><text>Neurofibromatosis type 1 (NF1) is an autosomal dominant disease that shows high penetrance with a wide variability in the phenotype.</text></sentence><sentence><infon key="sentnum">1</infon><offset>-1</offset><text>Prepubertal enlargement of the breast in male subjects affected by this condition is well known, but rarely reported.</text></sentence><sentence><infon key="sentnum">2</infon><offset>-1</offset><text>The present case report describes diagnosis and therapy of unilateral gynaecomastia in a toddler showing integumental stigmata of NF1.</text></sentence><sentence><infon key="sentnum">3</infon><offset>-1</offset><text>Furthermore, the report provides a brief review of the literature concerning this finding in NF1.</text></sentence><sentence><infon key="sentnum">4</infon><offset>-1</offset><text>According to this review, the present case appears to be one of the youngest NF1-affected males affected by gynaecomastia that has been reported.</text></sentence></passage></document><document><id>doc40</id><passage><infon key="language">EN</infon><infon key="section">abstract</infon><offset>-1</offset><sentence><infon key="sentnum">0</infon><offset>-1</offset><text>The clinical picture of an acute abdomen is frequently encountered in emergency medicine.</text></sentence><sentence><infon key="sentnum">1</infon><offset>-1</offset><text>In most cases abdominal pathologies underlie this condition, however, also extra-abdominal diseases may present or cause an acute abdomen.</text></sentence><sentence><infon key="sentnum">2</infon><offset>-1</offset><text>The fact that this condition is potentially life-threatening highlights the importance of instant action.</text></sentence><sentence><infon key="sentnum">3</infon><offset>-1</offset><text>Here, we report on the case of a young woman that presented with an acute abdomen in our clinic.</text></sentence><sentence><infon key="sentnum">4</infon><offset>-1</offset><text>Imaging revealed a massively distended stomach reaching the lesser pelvis.</text></sentence><sentence><infon key="sentnum">5</infon><offset>-1</offset><text>Initially, the etiology for the gastric dilatation remained unsolved.</text></sentence><sentence><infon key="sentnum">6</infon><offset>-1</offset><text>On the same day we performed an explorative laparotomy in which massive amounts of clotted, undigested food was recovered via a gastrotomy.</text></sentence><sentence><infon key="sentnum">7</infon><offset>-1</offset><text>Postoperatively, upon psychiatric consultation, an eating disorder with daily eating binges could be revealed as being the cause for the acute and dramatic gastric dilatation.</text></sentence><sentence><infon key="sentnum">8</infon><offset>-1</offset><text>The patient fully recovered from surgery and psychiatric co-treatment was initiated.</text></sentence><sentence><infon key="sentnum">9</infon><offset>-1</offset><text>This unique case report demonstrates how a psychiatric condition may lead to an acute abdomen, however, it also emphasizes the importance of prompt diagnosis and adequate therapy to avoid complications and allowing for full recovery.</text></sentence></passage></document><document><id>doc41</id><passage><infon key="language">EN</infon><infon key="section">abstract</infon><offset>-1</offset><sentence><infon key="sentnum">0</infon><offset>-1</offset><text>Conventional chemotherapy is generally administered in high doses followed by a treatment-free period to give the body needful time to recover.</text></sentence><sentence><infon key="sentnum">1</infon><offset>-1</offset><text>This "maximum tolerated dose" approach results in high response rates.</text></sentence><sentence><infon key="sentnum">2</infon><offset>-1</offset><text>However, long periods between therapy cycles can lead to development of resistance mechanisms and consequently disease progression.</text></sentence><sentence><infon key="sentnum">3</infon><offset>-1</offset><text>One of the most interesting alternative strategies is metronomic chemotherapy.</text></sentence><sentence><infon key="sentnum">4</infon><offset>-1</offset><text>This concept relies on the continuous administration of chemotherapy at low doses and aims at targeting endothelial cells in the tumor bed as well.</text></sentence><sentence><infon key="sentnum">5</infon><offset>-1</offset><text>Recently, metronomic chemotherapy has been incorporated into the recommendations issued by the German AGO expert panel (www.ago-online.de).</text></sentence><sentence><infon key="sentnum">6</infon><offset>-1</offset><text>A systematic review of PubMed/Medline, ClinicalTrials.gov, the European Clinical Trials Database (EudraCT) and the Cochrane Database was conducted.</text></sentence><sentence><infon key="sentnum">7</infon><offset>-1</offset><text>In the present review, we discuss the current evidence on metronomic chemotherapy in metastatic breast cancer.</text></sentence></passage></document><document><id>doc42</id><passage><infon key="language">EN</infon><infon key="section">abstract</infon><offset>-1</offset><sentence><infon key="sentnum">0</infon><offset>-1</offset><text>Many children show developmental abnormalities in the first years of life.</text></sentence><sentence><infon key="sentnum">1</infon><offset>-1</offset><text>Thus, the primary care physician should know the procedures of developmental surveillance and screening and be informed about the further steps in the evaluation of children with developmental disorders.</text></sentence><sentence><infon key="sentnum">2</infon><offset>-1</offset><text>This article presents current developmental screening methods in primary care, defines the terminology of developmental disorders in young children, demonstrates the essential diagnostic procedures in developmentally impaired children and describes the interdisciplinary collaboration between physicians, psychologists, therapists and special needs educators.</text></sentence></passage></document><document><id>doc49</id><passage><infon key="language">EN</infon><infon key="section">abstract</infon><offset>-1</offset><sentence><infon key="sentnum">0</infon><offset>-1</offset><text>Pauci-immune glomerulonephritis and ANCA associated vasculitides (AAV) are chronic autoimmune diseases with necrotizing inflammation of the small vessels, affecting several organ systems with a variety of symptoms, in rarer cases isolated renal manifestation without extrarenal vasculitis.</text></sentence><sentence><infon key="sentnum">1</infon><offset>-1</offset><text>The term "pauci-immune" defines the characteristic absence of immune complexes in the tissues.</text></sentence><sentence><infon key="sentnum">2</infon><offset>-1</offset><text>Circulating antineutrophil cytoplasmic antibodies (ANCA) are of pathogenic and diagnostic relevance.</text></sentence><sentence><infon key="sentnum">3</infon><offset>-1</offset><text>The typical renal manifestation is rapidly progressive glomerulonephritis, progressing to dialysis within weeks without treatment.</text></sentence><sentence><infon key="sentnum">4</infon><offset>-1</offset><text>To prevent diagnostic delay practitioners should measure ANCA promptly in case of acute kidney injury with hematuria.</text></sentence><sentence><infon key="sentnum">5</infon><offset>-1</offset><text>Current immunosuppressive regimens have impressively improved patient and kidney survival, but are far away from being optimal due to a high rate of adverse events and relapses.</text></sentence></passage></document><document><id>doc50</id><passage><infon key="language">EN</infon><infon key="section">abstract</infon><offset>-1</offset><sentence><infon key="sentnum">0</infon><offset>-1</offset><text>Patients with critical limb ischemia (CLI) represent the most severe form of peripheral arterial disease (PAD) and exhibit high mortality rates.</text></sentence><sentence><infon key="sentnum">1</infon><offset>-1</offset><text>Frequently, PAD in CLI patients involves the infrapopliteal arterial segment challenging endovascular revascularization strategies.</text></sentence><sentence><infon key="sentnum">2</infon><offset>-1</offset><text>Restenosis remains the major drawback of tibial angioplasty encountered in more than two thirds of CLI patients undergoing tibial revascularization.</text></sentence><sentence><infon key="sentnum">3</infon><offset>-1</offset><text>In contrast to earlier observations, tibial patency was recently shown to be essential to attain an optimal clinical outcome in CLI patients subsequent to tibial angioplasty.</text></sentence><sentence><infon key="sentnum">4</infon><offset>-1</offset><text>The exact pathopyhsiological mechanisms of tibial restenosis remains unclear.</text></sentence><sentence><infon key="sentnum">5</infon><offset>-1</offset><text>To date, most of our knowledge on tibial restenosis and its pathophysiology is derived from coronary arteries, based on the similarity of coronary arteries to tibial artery morphology.</text></sentence><sentence><infon key="sentnum">6</infon><offset>-1</offset><text>Nervertheless, multiple antirestenosis concepts are investigated within clinical trials to reduce tibial restenosis.Purpose of the present manuscript is to provide a current update on the pathophysiology of tibial restenosis and potential antirestenosis strategies.</text></sentence></passage></document><document><id>doc52</id><passage><infon key="language">EN</infon><infon key="section">abstract</infon><offset>-1</offset><sentence><infon key="sentnum">0</infon><offset>-1</offset><text>Telephone consultations are part of GP's daily routine.</text></sentence><sentence><infon key="sentnum">1</infon><offset>-1</offset><text>The patients appreciate the quick and uncomplicated access to consultations via phone and therefore the demand for telephone consultations is increasing steadily.</text></sentence><sentence><infon key="sentnum">2</infon><offset>-1</offset><text>Nevertheless, telephone consultations pose a challenge to healthcare professionals.</text></sentence><sentence><infon key="sentnum">3</infon><offset>-1</offset><text>Safety is improved by adhering to recommendations.</text></sentence><sentence><infon key="sentnum">4</infon><offset>-1</offset><text>The required skills are learnable.</text></sentence></passage></document><document><id>doc54</id><passage><infon key="language">EN</infon><infon key="section">abstract</infon><offset>-1</offset><sentence><infon key="sentnum">0</infon><offset>-1</offset><text>Safe reprocessing of medical devices through cleaning, disinfection, and sterilization is essential for the prevention of health care associated infections (HAI) and to guarantee patient safety.</text></sentence><sentence><infon key="sentnum">1</infon><offset>-1</offset><text>Several studies detected residual contamination and even severe infections of patients, despite carrying out reprocessing.</text></sentence><sentence><infon key="sentnum">2</infon><offset>-1</offset><text>To develop appropriate solutions, the existing situation in Germany and selected European countries was analyzed.</text></sentence><sentence><infon key="sentnum">3</infon><offset>-1</offset><text>Additionally, in 27 medical practitioners' offices and 14 hospitals, the true practice of reprocessing was analyzed using a questionnaire, a checklist, and inspection on site.</text></sentence><sentence><infon key="sentnum">4</infon><offset>-1</offset><text>A structured analysis of potential alternatives to the internal reprocessing was conducted within the German and European context.</text></sentence><sentence><infon key="sentnum">5</infon><offset>-1</offset><text>The results indicate that the conditions for the execution of the reprocessing process in the analyzed health facilities in southern Hesse (Germany) do not satisfy legal requirements.</text></sentence><sentence><infon key="sentnum">6</infon><offset>-1</offset><text>The detected deficiencies were consistent with other reports from Germany and Europe.</text></sentence><sentence><infon key="sentnum">7</infon><offset>-1</offset><text>The analysis gave insight into several reasons for the detected deficiencies.</text></sentence><sentence><infon key="sentnum">8</infon><offset>-1</offset><text>The three main reasons were the high costs for proper implementation, the subjective value assigned to the reprocessing unit in health care facilities, and deficits in monitoring by the health authority.</text></sentence><sentence><infon key="sentnum">9</infon><offset>-1</offset><text>Throughout the European Union, a similar regulatory framework for the performance of the reprocessing process exists, while the environment, structures of the health systems and administrative supervision vary significantly.</text></sentence><sentence><infon key="sentnum">10</infon><offset>-1</offset><text>The German states as well as selected European countries are currently discussing the challenges of increased quality-assured execution of the reprocessing process.</text></sentence><sentence><infon key="sentnum">11</infon><offset>-1</offset><text>For instance, the same supervisory system for hospitals and medical practitioners should be established at an equal standard.</text></sentence><sentence><infon key="sentnum">12</infon><offset>-1</offset><text>Alternatives such as the use of single-use medical devices, outsourcing the decontamination processes, or the cooperation of health facilities may be considered.</text></sentence><sentence><infon key="sentnum">13</infon><offset>-1</offset><text>This paper also discusses economic and ecological aspects.</text></sentence><sentence><infon key="sentnum">14</infon><offset>-1</offset><text>Finally, different options are recommended to ensure the exclusive use of reliable medical devices for surgical procedures that guarantee an adequate standard of patient safety within economic constraints.</text></sentence></passage></document><document><id>doc56</id><passage><infon key="language">EN</infon><infon key="section">abstract</infon><offset>-1</offset><sentence><infon key="sentnum">0</infon><offset>-1</offset><text>A 10-year-old male castrated Domestic Shorthair cat was evaluated for an asymptomatic tachyarrhythmia noted two weeks prior.</text></sentence><sentence><infon key="sentnum">1</infon><offset>-1</offset><text>Electrocardiography revealed a normal sinus rhythm with atrial premature complexes and paroxysms of supraventricular tachycardia with a heart rate between 300 and 400 min-1.</text></sentence><sentence><infon key="sentnum">2</infon><offset>-1</offset><text>Echocardiography was unremarkable, and concentrations of circulating cardiac troponin I, T4, and blood taurine were within reference ranges.</text></sentence><sentence><infon key="sentnum">3</infon><offset>-1</offset><text>The cat was treated with sotalol (2.1 mg/kg q12h, PO) but the arrhythmia was insufficiently controlled as determined during several re-examinations within a two-year time period.</text></sentence><sentence><infon key="sentnum">4</infon><offset>-1</offset><text>Twenty four months after initial presentation atrial fibrillation with fast ventricular response rate (200 to 300 min-1) was diagnosed, along with severe eccentric chamber remodeling and systolic dysfunction.</text></sentence><sentence><infon key="sentnum">5</infon><offset>-1</offset><text>The cat developed congestive heart failure and cardiogenic shock and was euthanized nearly 27 months after the first exam.</text></sentence><sentence><infon key="sentnum">6</infon><offset>-1</offset><text>Gross and histopathologic findings ruled out commonly seen types of primary myocardial disease in cats.</text></sentence><sentence><infon key="sentnum">7</infon><offset>-1</offset><text>The persistent nature of the tachyarrhythmia, the progressive structural and functional cardiac changes, and comparative gross and histopathologic post-mortem findings are consistent with the diagnosis of tachycardia-induced cardiomyopathy.</text></sentence></passage></document><document><id>doc57</id><passage><infon key="language">EN</infon><infon key="section">abstract</infon><offset>-1</offset><sentence><infon key="sentnum">0</infon><offset>-1</offset><text>For the classification of peripheral arterial disease the Fontaine's stages are mostly used in Switzerland whereas the Rutherford's categories are more common in the scientific literature.</text></sentence><sentence><infon key="sentnum">1</infon><offset>-1</offset><text>It is important to distinguish between the Rutherford classification for chronic peripheral artery disease and the one for the acute limb ischemia.</text></sentence><sentence><infon key="sentnum">2</infon><offset>-1</offset><text>The clinical classification of acute limb ischemia is a helpful tool for prognosis of the leg and urgency of revascularization.</text></sentence><sentence><infon key="sentnum">3</infon><offset>-1</offset><text>The Wagner as well as the Armstrong classification is used for diabetic foot ulcers.</text></sentence><sentence><infon key="sentnum">4</infon><offset>-1</offset><text>The advantage of the Armstrong stages is that important informations like wound infection or ischemia are considered.</text></sentence><sentence><infon key="sentnum">5</infon><offset>-1</offset><text>For chronic venous insufficiency the Widmer stages are widely used in Switzerland but have the disadvantage that patient-reported symptom severity is not considered.</text></sentence><sentence><infon key="sentnum">6</infon><offset>-1</offset><text>The CEAP classification includes anatomical information and the etiology and is mostly used for studies.</text></sentence><sentence><infon key="sentnum">7</infon><offset>-1</offset><text>The Wells score helps to define the probability for the presence of a deep vein thrombosis before further tests are performed.</text></sentence></passage></document><document><id>doc58</id><passage><infon key="language">EN</infon><infon key="section">abstract</infon><offset>-1</offset><sentence><infon key="sentnum">0</infon><offset>-1</offset><text>This paper presents the results of a survey among key informants that was conducted between June and September 2011 in Breast Cancer Centers that were accredited according to the criteria of the German Cancer Society (DKG).</text></sentence><sentence><infon key="sentnum">1</infon><offset>-1</offset><text>The survey intended to assess the degree to which the breast cancer center concept was accepted among the key informants as well as to gain an overview over structures and processes in the centers.</text></sentence><sentence><infon key="sentnum">2</infon><offset>-1</offset><text>The Questionnaire for Breast Cancer Centres Key Informants 2011 
    (FRIZ 2011) was used with two reminders having been sent out.</text></sentence><sentence><infon key="sentnum">3</infon><offset>-1</offset><text>Questionnaires were sent back from 149 of the 243 initially contacted hospitals (response rate: 61.3 %).</text></sentence><sentence><infon key="sentnum">4</infon><offset>-1</offset><text>The vast majority of respondents indicated to be part of the Breast Cancer Center management.</text></sentence><sentence><infon key="sentnum">5</infon><offset>-1</offset><text>110 of the 149 hospitals did also participate in the patient survey conducted in 2010.</text></sentence><sentence><infon key="sentnum">6</infon><offset>-1</offset><text>Among the key informants surveyed, the concept is highly accepted with regard to improvements in patient care.</text></sentence><sentence><infon key="sentnum">7</infon><offset>-1</offset><text>Overall, the concept is regarded as "good" or "very good" by almost all respondents.</text></sentence><sentence><infon key="sentnum">8</infon><offset>-1</offset><text>Both contact to resident doctors and the hospitals' reputations improved since the implementation of the concept.</text></sentence><sentence><infon key="sentnum">9</infon><offset>-1</offset><text>Quality and patient safety were more often on the agenda than financial performance in the quality circles with the main co-operation partners of the Breast Cancer Centers.</text></sentence></passage></document><document><id>doc60</id><passage><infon key="language">EN</infon><infon key="section">abstract</infon><offset>-1</offset><sentence><infon key="sentnum">0</infon><offset>-1</offset><text>We report the case of a 72 year old patient with B-symptoms and a persistent pulmonary infiltrate despite an antibiotic therapy.</text></sentence><sentence><infon key="sentnum">1</infon><offset>-1</offset><text>Buds of granulation tissue were found by transbronchial biopsy proving an organizing pneumonia.</text></sentence><sentence><infon key="sentnum">2</infon><offset>-1</offset><text>B-Symptoms and pulmonary infiltrate were improved immediately by a therapy with steroids.</text></sentence><sentence><infon key="sentnum">3</infon><offset>-1</offset><text>Even though there were reasons for a secondary organizing pneumonia due to a known chronic lymphocytic leukemia and a pneumonia treated four months before, we consider a cryptogenic organizing pneumonia as most probable.</text></sentence></passage></document><document><id>doc62</id><passage><infon key="language">EN</infon><infon key="section">abstract</infon><offset>-1</offset><sentence><infon key="sentnum">0</infon><offset>-1</offset><text>Surgical eyebrow lift has been described by using many different open and endoscopic methods.</text></sentence><sentence><infon key="sentnum">1</infon><offset>-1</offset><text>Difficult techniques and only short time benefits oft lead to patients' complaints.</text></sentence><sentence><infon key="sentnum">2</infon><offset>-1</offset><text>We present a safe and simple temporal Z-incision technique for eyebrow lift in 37 patients.</text></sentence><sentence><infon key="sentnum">3</infon><offset>-1</offset><text>Besides simplicity and safety, our technique shows long lasting aesthetic results with hidden scars and a high rate of patient satisfaction.</text></sentence></passage></document><document><id>doc63</id><passage><infon key="language">EN</infon><infon key="section">abstract</infon><offset>-1</offset><sentence><infon key="sentnum">0</infon><offset>-1</offset><text>In the era of cost increases and reduced resources in the German healthcare system, the value of health services research and health economics is increasing more and more.</text></sentence><sentence><infon key="sentnum">1</infon><offset>-1</offset><text>Health services research attempts to develop concepts for the most effective ways to organise, manage, finance and deliver high-quality care and evaluates the implementation of these concepts with regard to daily routine conditions.</text></sentence><sentence><infon key="sentnum">2</infon><offset>-1</offset><text>Goals are the assessment of benefits and the economic advantages and disadvantages of new and established diagnostic methods, drugs and vaccines.</text></sentence><sentence><infon key="sentnum">3</infon><offset>-1</offset><text>Regarding these goals, it is clear that health services research goes hand in hand with health economics, which evaluates the benefits of diagnostic and therapeutic procedures in relation to the costs.</text></sentence><sentence><infon key="sentnum">4</infon><offset>-1</offset><text>Both scientific fields have focus principally on gynaecology and particularly on gynaecological oncology in Germany, as can be seen by numerous publications.</text></sentence><sentence><infon key="sentnum">5</infon><offset>-1</offset><text>These present several advantages compared with clinical trials - they uncover gaps in health care, question the material, staffing and consequently the financial resources required and they allow the estimation of value and the comparison of different innovations to identify the best options for our patients.</text></sentence></passage></document><document><id>doc64</id><passage><infon key="language">EN</infon><infon key="section">abstract</infon><offset>-1</offset><sentence><infon key="sentnum">0</infon><offset>-1</offset><text>Patients with a thoracic trauma are commonly treated by large bore chest tube thoracostomy and appropriate analgesia.</text></sentence><sentence><infon key="sentnum">1</infon><offset>-1</offset><text>The initial treatment is determined by the assessment of the emergency doctor and/or trauma surgeon.</text></sentence><sentence><infon key="sentnum">2</infon><offset>-1</offset><text>Severe intrathoracic lesions in polytrauma patients are rare.</text></sentence><sentence><infon key="sentnum">3</infon><offset>-1</offset><text>However, such injuries may be acutely life-threating.</text></sentence><sentence><infon key="sentnum">4</infon><offset>-1</offset><text>After primary stabilisation of the patients, imaging studies should be performed to assess the extent of the injuries and determine the treatment of choice.</text></sentence><sentence><infon key="sentnum">5</infon><offset>-1</offset><text>Assessment of such injuries should always be performed in a multidisciplinary team of anaesthesiologists, general surgeons, trauma surgeons and thoracic surgeons.</text></sentence><sentence><infon key="sentnum">6</infon><offset>-1</offset><text>For this reason, patients with thoracic traumas should always be treated in specialised centers.</text></sentence><sentence><infon key="sentnum">7</infon><offset>-1</offset><text>This approach reduces overall mortality and shortens the length of hospital stay.</text></sentence></passage></document><document><id>doc65</id><passage><infon key="language">EN</infon><infon key="section">abstract</infon><offset>-1</offset><sentence><infon key="sentnum">0</infon><offset>-1</offset><text>The German graduate medical education system is going through an important phase of changes.</text></sentence><sentence><infon key="sentnum">1</infon><offset>-1</offset><text>Besides the ongoing reform of the national guidelines for graduate medical education (Musterweiterbildungsordnung), other factors like societal and demographic changes, health and research policy reforms also play a central role for the future and competitiveness of graduate medical education.</text></sentence><sentence><infon key="sentnum">2</infon><offset>-1</offset><text>With this position paper, the committee on graduate medical education of the Society for Medical Education (GMA) would like to point out some central questions for this process and support the current discourse.</text></sentence><sentence><infon key="sentnum">3</infon><offset>-1</offset><text>As an interprofessional and interdisciplinary scientific society, the GMA has the resources to contribute in a meaningful way to an evidence-based and future-oriented graduate medical education strategy.</text></sentence><sentence><infon key="sentnum">4</infon><offset>-1</offset><text>In this position paper, we use four key questions with regards to educational goals, quality assurance, teaching competence and policy requirements to address the core issues for the future of graduate medical education in Germany.</text></sentence><sentence><infon key="sentnum">5</infon><offset>-1</offset><text>The GMA sees its task in contributing to the necessary reform processes as the only German speaking scientific society in the field of medical education.</text></sentence></passage></document><document><id>doc70</id><passage><infon key="language">EN</infon><infon key="section">abstract</infon><offset>-1</offset><sentence><infon key="sentnum">0</infon><offset>-1</offset><text>Endocrine disorders are common in internal medicine.</text></sentence><sentence><infon key="sentnum">1</infon><offset>-1</offset><text>Diagnosis of endocrine diseases are usually based on patient history, clinical assessment and laboratory investigations.</text></sentence><sentence><infon key="sentnum">2</infon><offset>-1</offset><text>Thereby, biochemical analyses are used to confirm clinical diagnosis, to assess the need for treatment and to monitor disease progression, in particular to ascertain treatment efficacy.</text></sentence><sentence><infon key="sentnum">3</infon><offset>-1</offset><text>This article will focus on frequently used laboratory investigations for endocrine diseases such as diabetes, thyroid dysfunction, male hypogonadism and adrenal insufficiency.</text></sentence><sentence><infon key="sentnum">4</infon><offset>-1</offset><text>In particular, pre-analytical and analytical variability of biochemical measures as well as its significance in clinical practice will be discussed.</text></sentence></passage></document><document><id>doc72</id><passage><infon key="language">EN</infon><infon key="section">abstract</infon><offset>-1</offset><sentence><infon key="sentnum">0</infon><offset>-1</offset><text>In 2010, under the guidance of the DGAI (German Society of Anaesthesiology and Intensive Care Medicine) and DIVI (German Interdisciplinary Association for Intensive Care and Emergency Medicine), twelve German medical societies published the "Evidence- and Consensus-based Guidelines on the Management of Analgesia, Sedation and Delirium in Intensive Care".</text></sentence><sentence><infon key="sentnum">1</infon><offset>-1</offset><text>Since then, several new studies and publications have considerably increased the body of evidence, including the new recommendations from the American College of Critical Care Medicine (ACCM) in conjunction with Society of Critical Care Medicine (SCCM) and American Society of Health-System Pharmacists (ASHP) from 2013.</text></sentence><sentence><infon key="sentnum">2</infon><offset>-1</offset><text>For this update, a major restructuring and extension of the guidelines were needed in order to cover new aspects of treatment, such as sleep and anxiety management.</text></sentence><sentence><infon key="sentnum">3</infon><offset>-1</offset><text>The literature was systematically searched and evaluated using the criteria of the Oxford Center of Evidence Based Medicine.</text></sentence><sentence><infon key="sentnum">4</infon><offset>-1</offset><text>The body of evidence used to formulate these recommendations was reviewed and approved by representatives of 17 national societies.</text></sentence><sentence><infon key="sentnum">5</infon><offset>-1</offset><text>Three grades of recommendation were used as follows: Grade "A" (strong recommendation), Grade "B" (recommendation) and Grade "0" (open recommendation).</text></sentence><sentence><infon key="sentnum">6</infon><offset>-1</offset><text>The result is a comprehensive, interdisciplinary, evidence and consensus-based set of level 3 guidelines.</text></sentence><sentence><infon key="sentnum">7</infon><offset>-1</offset><text>This publication was designed for all ICU professionals, and takes into account all critically ill patient populations.</text></sentence><sentence><infon key="sentnum">8</infon><offset>-1</offset><text>It represents a guide to symptom-oriented prevention, diagnosis, and treatment of delirium, anxiety, stress, and protocol-based analgesia, sedation, and sleep-management in intensive care medicine.</text></sentence></passage></document><document><id>doc73</id><passage><infon key="language">EN</infon><infon key="section">abstract</infon><offset>-1</offset><sentence><infon key="sentnum">0</infon><offset>-1</offset><text>Patients with peripheral arterial disease have a high rate of cardiac, cerebrovascular, or pulmonary comorbidities.</text></sentence><sentence><infon key="sentnum">1</infon><offset>-1</offset><text>Peripheral arterial surgical interventions are associated with a moderate to high perioperative cardiac risk.</text></sentence><sentence><infon key="sentnum">2</infon><offset>-1</offset><text>Simple clinical scoring systems for preoperative risk stratification can be used to identify high-risk patients.</text></sentence><sentence><infon key="sentnum">3</infon><offset>-1</offset><text>In these patients further diagnostic and therapeutic measures are required to reduce perioperative morbidity and mortality.</text></sentence><sentence><infon key="sentnum">4</infon><offset>-1</offset><text>In contrast, a group of patients can be identifed that do not require additional cardiopulmonary diagnostics and can immediately proceed to the intervention.</text></sentence><sentence><infon key="sentnum">5</infon><offset>-1</offset><text>According to evidence-based recommendations in patients at risk beta blocker should be uptitrated and statin therapy should be initiated preoperatively.</text></sentence><sentence><infon key="sentnum">6</infon><offset>-1</offset><text>Quitting smoking preoperatively also reduces perioperative complications and should be encouraged in all patients.</text></sentence></passage></document><document><id>doc74</id><passage><infon key="language">EN</infon><infon key="section">abstract</infon><offset>-1</offset><sentence><infon key="sentnum">0</infon><offset>-1</offset><text>This article point out guidelines for the general practitioner when he can manage himself ophthalmic emergencies, which patients an ophthamologist should see on the same day and when an immediate intervention by an ophthalmologist is necessary.</text></sentence></passage></document><document><id>doc75</id><passage><infon key="language">EN</infon><infon key="section">abstract</infon><offset>-1</offset><sentence><infon key="sentnum">0</infon><offset>-1</offset><text>Caudal cruciate ligament injury can be a complication following tibial plateau leveling osteotomy (TPLO) (Slocum und Slocum, 1993) especially if the post-operative Tibial Plateau Angle (TPA) is less than 5 degree.</text></sentence><sentence><infon key="sentnum">1</infon><offset>-1</offset><text>We describe a case of negative TPA associated with partial cranial and caudal ligament rupture treated with a center of rotation of angulation (CORA) based cranial tibial opening wedge osteotomy and tibial tuberosity transposition.</text></sentence><sentence><infon key="sentnum">2</infon><offset>-1</offset><text>A 13 kg, mixed breed dog was presented for right pelvic limb lameness.</text></sentence><sentence><infon key="sentnum">3</infon><offset>-1</offset><text>Radiographically a bilateral patella baja and a malformed tibia tuberosity along with a bilateral TPA of -8 degree were detected.</text></sentence><sentence><infon key="sentnum">4</infon><offset>-1</offset><text>Arthroscopically a partial rupture of the cranial and caudal cruciate ligaments were found.</text></sentence><sentence><infon key="sentnum">5</infon><offset>-1</offset><text>A cranial tibial opening wedge osteotomy of 23 degree and a fibular ostectomy were performed.</text></sentence><sentence><infon key="sentnum">6</infon><offset>-1</offset><text>The osteotomy was fixed with a 8 holes ALPS 9 (KYON, Switzerland) and a 3-holes 2.0mm UniLock plate (Synthes, Switzerland).</text></sentence><sentence><infon key="sentnum">7</infon><offset>-1</offset><text>Then a proximal tibial tuberosity transposition of 10mm was performed and fixed with a pin and tension band construct.</text></sentence><sentence><infon key="sentnum">8</infon><offset>-1</offset><text>The postoperative TPA was 15 degree.</text></sentence><sentence><infon key="sentnum">9</infon><offset>-1</offset><text>The radiographic controls at 6, 10 weeks, 6 months and 1 year after surgery revealed an unchanged position of the implants and progressive healing of the osteotomies.</text></sentence><sentence><infon key="sentnum">10</infon><offset>-1</offset><text>At the 6 and 12 months recheck evaluation the dog had no evidence of lameness or stifle pain and radiographs revealed complete healing of the osteotomy site and no implant failure.</text></sentence><sentence><infon key="sentnum">11</infon><offset>-1</offset><text>The diaphyseal CORA based osteotomy allowed accurate correction of a proximal tibial deformity associated with negative TPA.</text></sentence></passage></document><document><id>doc76</id><passage><infon key="language">EN</infon><infon key="section">abstract</infon><offset>-1</offset><sentence><infon key="sentnum">0</infon><offset>-1</offset><text>Cement-augmented pedicle screws can increase the stability of fixators for unstable vertebral fractures in the elderly.</text></sentence><sentence><infon key="sentnum">1</infon><offset>-1</offset><text>Fixators can be inserted quickly and with minimally invasive techniques, reducing surgical risks.</text></sentence><sentence><infon key="sentnum">2</infon><offset>-1</offset><text>From March 2012 until July 2014, we treated 40 patients with percutaneous augmented fixators for unstable vertebral fractures.</text></sentence><sentence><infon key="sentnum">3</infon><offset>-1</offset><text>Average age was 77.5 years.</text></sentence><sentence><infon key="sentnum">4</infon><offset>-1</offset><text>During the six month observation period, no patients died.</text></sentence><sentence><infon key="sentnum">5</infon><offset>-1</offset><text>There were no neurological deficits.</text></sentence><sentence><infon key="sentnum">6</infon><offset>-1</offset><text>On VAS, average pain decreased from 8.5 to 4.1 points postoperatively.</text></sentence><sentence><infon key="sentnum">7</infon><offset>-1</offset><text>The average Cobb angle of 4.1° was improved after surgery.</text></sentence><sentence><infon key="sentnum">8</infon><offset>-1</offset><text>After 6 months, bony consolidation yielded angles of 1 to 4°, average 2.6°.</text></sentence><sentence><infon key="sentnum">9</infon><offset>-1</offset><text>There was often venous extravasation of cement leaking from the augmented vertebrae, even extending to pulmonary embolism.</text></sentence><sentence><infon key="sentnum">10</infon><offset>-1</offset><text>The emboli were usually asymptomatic.</text></sentence><sentence><infon key="sentnum">11</infon><offset>-1</offset><text>We report a case where the patient required resuscitation immediately after cement application because of pulmonary emboli.</text></sentence><sentence><infon key="sentnum">12</infon><offset>-1</offset><text>The patient survived because of the immediately implemented critical care measures.</text></sentence><sentence><infon key="sentnum">13</infon><offset>-1</offset><text>Little has been published about this risk, which is underestimated despite increasing numbers of augmented fixator operations.</text></sentence><sentence><infon key="sentnum">14</infon><offset>-1</offset><text>The risk can be reduced with slower cement injection, smaller cement applicators, and short term positive pressure ventilation with PEEP.</text></sentence></passage></document><document><id>doc77</id><passage><infon key="language">EN</infon><infon key="section">abstract</infon><offset>-1</offset><sentence><infon key="sentnum">0</infon><offset>-1</offset><text>Many premenopausal patients who develop breast cancer have not yet completed their family planning, so measures of fertility protection to preserve their fertile potential would be beneficial.</text></sentence><sentence><infon key="sentnum">1</infon><offset>-1</offset><text>Polychemotherapy causes irreversible damage to the ovarian follicles - irrespective of whether in a neoadjuvant or adjuvant setting - and this can sometimes result in permanent infertility.</text></sentence><sentence><infon key="sentnum">2</infon><offset>-1</offset><text>Depending on which cytostatic agents are used and on the age-related ovarian reserve of the woman, gonadotoxic risk must be classified as low, moderate or high.</text></sentence><sentence><infon key="sentnum">3</infon><offset>-1</offset><text>Options of fertility preservation include: a) cryopreservation of fertilised or unfertilised oocytes.</text></sentence><sentence><infon key="sentnum">4</infon><offset>-1</offset><text>After ovarian hyperstimulation, mature oocytes are retrieved by transvaginal follicle aspiration, after which they are cryopreserved, either unfertilised or on completion of IVF or ICSI treatment.</text></sentence><sentence><infon key="sentnum">5</infon><offset>-1</offset><text>During b) cryopreservation of ovarian tissue, about 50% of the ovarian cortex of one ovary is resected with the aid of a laparoscopic procedure and cryopreserved.</text></sentence><sentence><infon key="sentnum">6</infon><offset>-1</offset><text>The application of c) GnRH agonists as a medicinal therapy option is an attempt at endocrine ovarian suppression in order to protect oocytes, granulosa cells and theca cells from the cytotoxic effect of chemotherapy.</text></sentence></passage></document><document><id>doc80</id><passage><infon key="language">EN</infon><infon key="section">abstract</infon><offset>-1</offset><sentence><infon key="sentnum">0</infon><offset>-1</offset><text>Parenteral nutrition is a fundamental part of any therapeutic concept in critically ill patients.</text></sentence><sentence><infon key="sentnum">1</infon><offset>-1</offset><text>Just recently some international prospective randomized controlled trials were investigating the correct indication, optimal timing and dosage of parenteral nutrition regimens.</text></sentence><sentence><infon key="sentnum">2</infon><offset>-1</offset><text>Despite a controversial discussion newer strategies recommend the parenteral nutrition as a very important supplemental component to an early enteral nutrition therapy.</text></sentence></passage></document><document><id>doc83</id><passage><infon key="language">EN</infon><infon key="section">abstract</infon><offset>-1</offset><sentence><infon key="sentnum">0</infon><offset>-1</offset><text>The diagnosis "HIV infection" has severe consequences.</text></sentence><sentence><infon key="sentnum">1</infon><offset>-1</offset><text>False positive or false negative HIV results must be avoided.</text></sentence><sentence><infon key="sentnum">2</infon><offset>-1</offset><text>The Swiss Federal Office of Public Health generated a concept for HIV testing which also includes the characterization of HIV for optimal medical care of the HIV-infected patient.</text></sentence><sentence><infon key="sentnum">3</infon><offset>-1</offset><text>This concept requests that the following four questions are answered: 1.</text></sentence><sentence><infon key="sentnum">4</infon><offset>-1</offset><text>Is the patient indeed HIV-infected?</text></sentence><sentence><infon key="sentnum">5</infon><offset>-1</offset><text>2.</text></sentence><sentence><infon key="sentnum">6</infon><offset>-1</offset><text>Is it HIV-1 or HIV-2, and if the patient is tested positive for HIV-1, what group, M or O?</text></sentence><sentence><infon key="sentnum">7</infon><offset>-1</offset><text>Are drug resistances present?</text></sentence><sentence><infon key="sentnum">8</infon><offset>-1</offset><text>3.</text></sentence><sentence><infon key="sentnum">9</infon><offset>-1</offset><text>What is the HIV copy number in the blood?</text></sentence><sentence><infon key="sentnum">10</infon><offset>-1</offset><text>4.</text></sentence><sentence><infon key="sentnum">11</infon><offset>-1</offset><text>What is the percentage of recent HIV-infections (</text></sentence></passage></document><document><id>doc87</id><passage><infon key="language">EN</infon><infon key="section">abstract</infon><offset>-1</offset><sentence><infon key="sentnum">0</infon><offset>-1</offset><text>Although regional anesthesia for ambulatory patients is feasible, effective and recommended, general anesthesia, analgosedation and monitored anesthesia care traditionally play a major role in the ambulatory setting.</text></sentence><sentence><infon key="sentnum">1</infon><offset>-1</offset><text>This discrepancy is at least partially caused by a more standardized and predictable process when using general anesthesia.</text></sentence><sentence><infon key="sentnum">2</infon><offset>-1</offset><text>High patient comfort, a low rate of complications and a rapid postoperative recovery are expected by all patients, irrespective of the type of anesthesia chosen and lie in the common interest of the anesthesiologist and the surgeon.</text></sentence><sentence><infon key="sentnum">3</infon><offset>-1</offset><text>A careful selection of suitable regional anesthesia procedures for equally suitable patients achieves these goals without loss of efficiency.</text></sentence></passage></document><document><id>doc89</id><passage><infon key="language">EN</infon><infon key="section">abstract</infon><offset>-1</offset><sentence><infon key="sentnum">0</infon><offset>-1</offset><text>An important initial step in the medication process is prescription writing.</text></sentence><sentence><infon key="sentnum">1</infon><offset>-1</offset><text>The more perfect it is, the more successfully can a therapy be performed.</text></sentence><sentence><infon key="sentnum">2</infon><offset>-1</offset><text>Imprecisions and missing information lead to unnecessary queries or to errors which are often randomly discovered during a later consultation.</text></sentence><sentence><infon key="sentnum">3</infon><offset>-1</offset><text>A "perfect prescription" serves every individual involved in the medication process.</text></sentence><sentence><infon key="sentnum">4</infon><offset>-1</offset><text>The prescription document contains the instructions for the patient, the pharmacist, the nurse, and other health professionals involved in the therapy.</text></sentence><sentence><infon key="sentnum">5</infon><offset>-1</offset><text>The prescription writing process is regulated by several laws and decrees which were enacted to assure the greatest possible drug safety.</text></sentence><sentence><infon key="sentnum">6</infon><offset>-1</offset><text>Deviations from the norm may be necessary in individual cases, which require an even more responsible prescribing and explicit indication.</text></sentence></passage></document><document><id>doc90</id><passage><infon key="language">EN</infon><infon key="section">abstract</infon><offset>-1</offset><sentence><infon key="sentnum">0</infon><offset>-1</offset><text>Evaluation of the patient's medical history and a physical examination are the cornerstones of risk assessment prior to elective surgery and may help to optimize the patient's preoperative medical condition and to guide perioperative management.</text></sentence><sentence><infon key="sentnum">1</infon><offset>-1</offset><text>Whether the performance of additional technical tests (e.g. blood chemistry, ECG, spirometry, chest x-ray) can contribute to a reduction of perioperative risk is often not very well known or controversial.</text></sentence><sentence><infon key="sentnum">2</infon><offset>-1</offset><text>Similarly, there is considerable uncertainty among anaesthesiologists, internists and surgeons with respect to the perioperative management of the patient's long-term medication.</text></sentence><sentence><infon key="sentnum">3</infon><offset>-1</offset><text>Therefore, the German Scientific Societies of Anaesthesiology and Intensive Care Medicine (DGAI), Internal Medicine (DGIM) and Surgery (DGCH) have joined to elaborate recommendations on the preoperative evaluation of adult patients prior to elective, non-cardio-thoracic surgery, which have been initially published in 2010.</text></sentence><sentence><infon key="sentnum">4</infon><offset>-1</offset><text>These recommendations have now been updated based on the current literature and existing international guidelines.</text></sentence><sentence><infon key="sentnum">5</infon><offset>-1</offset><text>In the first part the general principles of preoperative evaluation are described (part A).</text></sentence><sentence><infon key="sentnum">6</infon><offset>-1</offset><text>The current concepts for extended evaluation of patients with known or suspected major cardiovascular disease are presented in part B. Finally, the perioperative management of patients' long-term medication is discussed (part C).</text></sentence><sentence><infon key="sentnum">7</infon><offset>-1</offset><text>The concepts proposed in these interdisciplinary recommendations endorsed by the DGAI, DGIM and DGCH provide a common basis for a structured preoperative risk assessment and management.</text></sentence><sentence><infon key="sentnum">8</infon><offset>-1</offset><text>These recommendations aim to ensure that surgical patients undergo a rational preoperative assessment and at the same time to avoid unnecessary, costly and potentially dangerous testing.</text></sentence><sentence><infon key="sentnum">9</infon><offset>-1</offset><text>The joint recommendations reflect the current state-of-the-art knowledge as well as expert opinions because scientific-based evidence is not always available.</text></sentence><sentence><infon key="sentnum">10</infon><offset>-1</offset><text>These recommendations will be subject to regular re-evaluation and updating when new validated evidence becomes available.</text></sentence></passage></document><document><id>doc91</id><passage><infon key="language">EN</infon><infon key="section">abstract</infon><offset>-1</offset><sentence><infon key="sentnum">0</infon><offset>-1</offset><text>Castleman's disease is a very rare and potentially severe lymphoproliferative disorder.</text></sentence><sentence><infon key="sentnum">1</infon><offset>-1</offset><text>First sign may be cervical lymphadenitis, requiring sufficient support in diagnosis and therapy by an ENT specialist.</text></sentence><sentence><infon key="sentnum">2</infon><offset>-1</offset><text>Based on a case series the current manuscript gives an overview of the symptoms, the course of disease and the therapy options.</text></sentence><sentence><infon key="sentnum">3</infon><offset>-1</offset><text>Patients with the first diagnosis of a Castleman's disease at the ENT clinic of Ulm University during the years 2011-2015 were included.</text></sentence><sentence><infon key="sentnum">4</infon><offset>-1</offset><text>The duration of symptoms, the applied diagnostic and therapeutic algorithms were evaluated.</text></sentence><sentence><infon key="sentnum">5</infon><offset>-1</offset><text>The duration of the rather weak symptoms was inhomogenous and lasted from 14 days to 14 years.</text></sentence><sentence><infon key="sentnum">6</infon><offset>-1</offset><text>After diagnostic exstirpation a hyaline-vascular type of Castelman's disease was confirmed in all cases.</text></sentence><sentence><infon key="sentnum">7</infon><offset>-1</offset><text>One of the 5 cases proved a multicentric type with an additional axillary manifestation, the others were monocentric.</text></sentence><sentence><infon key="sentnum">8</infon><offset>-1</offset><text>In all patients the diagnostic exstirpation was sufficient for therapy without need for adjuvant medication.</text></sentence><sentence><infon key="sentnum">9</infon><offset>-1</offset><text>At the time of publication all patients are in remission for at least 18 resp.</text></sentence><sentence><infon key="sentnum">10</infon><offset>-1</offset><text>61 months.</text></sentence><sentence><infon key="sentnum">11</infon><offset>-1</offset><text>The ENT specialist encounters Castleman's disease mostly as a long-lasting swelling of cervical lymph nodes refractory to therapy and without severe concomittant symptoms.</text></sentence><sentence><infon key="sentnum">12</infon><offset>-1</offset><text>Due to potentially unfavorable outcomes a timely diagnostic lymph node exstirpation under general anesthesia is indicated.</text></sentence><sentence><infon key="sentnum">13</infon><offset>-1</offset><text>In most cases this surgical intervention represents the sufficient therapy.</text></sentence></passage></document><document><id>doc92</id><passage><infon key="language">EN</infon><infon key="section">abstract</infon><offset>-1</offset><sentence><infon key="sentnum">0</infon><offset>-1</offset><text>Hilar and mediastinal lymphadenopathy may represent a diagnostic challenge in clinical practice.</text></sentence><sentence><infon key="sentnum">1</infon><offset>-1</offset><text>This article is intended to facilitate differential diagnosis by a systematic description of relevant pathologies, notably with occupational etiology.</text></sentence><sentence><infon key="sentnum">2</infon><offset>-1</offset><text>Clinical findings of relevant diseases, i. e. of tuberculosis, chronic beryllium disease, sarcoidosis, lung cancer, malignant lymphoma, Epstein-Barr virus infection, and histoplasmosis are compared.Case history, imaging and laboratory tests have important diagnostic impact.</text></sentence><sentence><infon key="sentnum">3</infon><offset>-1</offset><text>But also invasive methods can be necessary in order to exclude and prove malignancy, infection or autoimmune disease.</text></sentence></passage></document><document><id>doc94</id><passage><infon key="language">EN</infon><infon key="section">abstract</infon><offset>-1</offset><sentence><infon key="sentnum">0</infon><offset>-1</offset><text>With the increase of endoprosthetic knee replacements, there is also an increase of critical wounds to the knee due to a high incidence of soft tissue problems (ranging from wound healing defects to severe wound infections).</text></sentence><sentence><infon key="sentnum">1</infon><offset>-1</offset><text>The literature describes a general rate of soft tissue complications of up to 20% [1], [2]</text></sentence></passage></document><document><id>doc96</id><passage><infon key="language">EN</infon><infon key="section">abstract</infon><offset>-1</offset><sentence><infon key="sentnum">0</infon><offset>-1</offset><text>In October 2014 the European Federation of Societies for Ultrasound in Medicine and Biology formed a Gastrointestinal Ultrasound (GIUS) task force group to promote the use of GIUS in a clinical setting.</text></sentence><sentence><infon key="sentnum">1</infon><offset>-1</offset><text>One of the main objectives of the task force group was to develop clinical recommendations and guidelines for the use of GIUS under the auspices of EFSUMB.</text></sentence><sentence><infon key="sentnum">2</infon><offset>-1</offset><text>The first part, gives an overview of the examination techniques for GIUS recommended by experts in the field.</text></sentence><sentence><infon key="sentnum">3</infon><offset>-1</offset><text>It also presents the current evidence for the interpretation of normal sonoanatomical and physiological features as examined with different ultrasound modalities.</text></sentence></passage></document></collection>