<?xml version="1.0" encoding="UTF-8"?><!DOCTYPE collection SYSTEM "BioC.dtd"><collection><source></source><date></date><key></key><document><id>doc2</id><passage><infon key="language">EN</infon><infon key="section">abstract</infon><offset>-1</offset><sentence><infon key="sentnum">0</infon><offset>-1</offset><text>Surveillance for human immunodeficiency virus (HIV) in low- and middle-income countries started in the 1980s.</text></sentence><sentence><infon key="sentnum">1</infon><offset>-1</offset><text>However, the questions of whether the results of HIV tests should be given to participants, and if so how, has still not been resolved.</text></sentence><sentence><infon key="sentnum">2</infon><offset>-1</offset><text>In the absence of effective treatment, it was considered acceptable to withhold results from HIV-positive participants.</text></sentence><sentence><infon key="sentnum">3</infon><offset>-1</offset><text>However, when antiretroviral treatment is available, some argue for beneficence - that it is the researcher's duty to return the test results to all those who provide samples for surveillance.</text></sentence><sentence><infon key="sentnum">4</infon><offset>-1</offset><text>The corollary is that only participants who wish to receive their test results would be eligible to participate in surveys.</text></sentence><sentence><infon key="sentnum">5</infon><offset>-1</offset><text>Others argue for autonomy - that to obtain a more representative result for the general population, surveys should not exclude participants who do not wish to receive their test results.</text></sentence><sentence><infon key="sentnum">6</infon><offset>-1</offset><text>This round table discussion takes a closer look at those two arguments.</text></sentence><sentence><infon key="sentnum">7</infon><offset>-1</offset><text>We believe that the global community should work towards routine feedback of HIV surveillance while ensuring that participants receive and understand their test results.</text></sentence></passage></document><document><id>doc5</id><passage><infon key="language">EN</infon><infon key="section">abstract</infon><offset>-1</offset><sentence><infon key="sentnum">0</infon><offset>-1</offset><text>Major depressive disorder (MDD) is the number one cause of disability worldwide and is comorbid with many chronic diseases, including obesity/metabolic syndrome (MetS).</text></sentence><sentence><infon key="sentnum">1</infon><offset>-1</offset><text>Women have twice as much risk for MDD and comorbidity with obesity/MetS as men, although pathways for understanding this association remain unclear.</text></sentence><sentence><infon key="sentnum">2</infon><offset>-1</offset><text>On the basis of clinical and preclinical studies, we argue that prenatal maternal stress (ie, excess glucocorticoid expression and associated immune responses) that occurs during the sexual differentiation of the fetal brain has sex-dependent effects on brain development within highly sexually dimorphic regions that regulate mood, stress, metabolic function, the autonomic nervous system, and the vasculature.</text></sentence><sentence><infon key="sentnum">3</infon><offset>-1</offset><text>Furthermore, these effects have lifelong consequences for shared sex-dependent risk of MDD and obesity/MetS.</text></sentence><sentence><infon key="sentnum">4</infon><offset>-1</offset><text>Thus, we propose that there are shared biologic substrates at the anatomical, molecular, and/or genetic levels that produce the comorbid risk for MDD-MetS through sex-dependent fetal origins.</text></sentence></passage></document><document><id>doc7</id><passage><infon key="language">EN</infon><infon key="section">abstract</infon><offset>-1</offset><sentence><infon key="sentnum">0</infon><offset>-1</offset><text>Despite the complexity and heterogeneity of mood disorders, basic and clinical research studies have begun to elucidate the pathophysiology of depression and to identify rapid, efficacious antidepressant agents.</text></sentence><sentence><infon key="sentnum">1</infon><offset>-1</offset><text>Stress and depression are associated with neuronal atrophy, characterized by loss of synaptic connections in key cortical and limbic brain regions implicated in depression.</text></sentence><sentence><infon key="sentnum">2</infon><offset>-1</offset><text>This is thought to occur in part via decreased expression and function of growth factors, such as brain-derived neurotrophic factor (BDNF), in the prefrontal cortex (PFC) and hippocampus.</text></sentence><sentence><infon key="sentnum">3</infon><offset>-1</offset><text>These structural alterations are difficult to reverse with typical antidepressants.</text></sentence><sentence><infon key="sentnum">4</infon><offset>-1</offset><text>However, recent studies demonstrate that ketamine, an N-methyl-D-aspartate (NMDA) receptor antagonist that produces rapid antidepressant actions in treatment-resistant depressed patients, rapidly increases spine synapses in the PFC and reverses the deficits caused by chronic stress.</text></sentence><sentence><infon key="sentnum">5</infon><offset>-1</offset><text>This is thought to occur by disinhibition of glutamate transmission, resulting in a rapid but transient burst of glutamate, followed by an increase in BDNF release and activation of downstream signaling pathways that stimulate synapse formation.</text></sentence><sentence><infon key="sentnum">6</infon><offset>-1</offset><text>Recent work demonstrates that the rapid-acting antidepressant effects of scopolamine, a muscarinic receptor antagonist, are also associated with increased glutamate transmission and synapse formation.</text></sentence><sentence><infon key="sentnum">7</infon><offset>-1</offset><text>These findings have resulted in testing and identification of additional targets and agents that influence glutamate transmission and have rapid antidepressant actions in rodent models and in clinical trials.</text></sentence><sentence><infon key="sentnum">8</infon><offset>-1</offset><text>Together these studies have created tremendous excitement and hope for a new generation of rapid, efficacious antidepressants.</text></sentence></passage></document><document><id>doc10</id><passage><infon key="language">EN</infon><infon key="section">abstract</infon><offset>-1</offset><sentence><infon key="sentnum">0</infon><offset>-1</offset><text>Influenza A virus vaccines currently contain a mixture of isolates that reflect the genetic and antigenic characteristics of the currently circulating strains.</text></sentence><sentence><infon key="sentnum">1</infon><offset>-1</offset><text>This study was conducted to evaluate the efficacy of a trivalent inactivated swine influenza virus vaccine (Flusure XP) in pigs challenged with a contemporary α-cluster H1N1 field isolate of Canadian swine origin.</text></sentence><sentence><infon key="sentnum">2</infon><offset>-1</offset><text>Pigs were allocated to vaccinated, placebo, and negative-control groups and monitored for respiratory disease for 5 d after challenge.</text></sentence><sentence><infon key="sentnum">3</infon><offset>-1</offset><text>On the challenge day and 5 d after challenge the serum of the vaccinated pigs had reciprocal hemagglutination inhibition antibody titers 40 for all the vaccine viruses but ≤ 20 for the challenge virus.</text></sentence><sentence><infon key="sentnum">4</infon><offset>-1</offset><text>Gross lesions were present in the lungs of all pigs that had been inoculated with the challenge virus, but the proportion of lung tissue consolidated did not differ significantly between the placebo and vaccinated pigs.</text></sentence><sentence><infon key="sentnum">5</infon><offset>-1</offset><text>However, the amount of virus was significantly reduced in the nasal secretions, lungs, and bronchoalveolar lavage fluid in the vaccinated pigs compared with the placebo pigs.</text></sentence><sentence><infon key="sentnum">6</infon><offset>-1</offset><text>These results indicate that swine vaccinated with Flusure XP were partially protected against experimental challenge with a swine α-cluster H1N1 virus that is genetically similar to viruses currently circulating in Canadian swine.</text></sentence></passage></document><document><id>doc11</id><passage><infon key="language">EN</infon><infon key="section">abstract</infon><offset>-1</offset><sentence><infon key="sentnum">0</infon><offset>-1</offset><text>Tissue expansion using implantable expanders is a useful means of generating surplus tissue for reconstruction of defects such as scarring following burns.</text></sentence><sentence><infon key="sentnum">1</infon><offset>-1</offset><text>The authors describe their technique of incisions distant to the desired location of expander placement, and remote dissection of the expander pocket with hydrodissection and blunt forceps.</text></sentence><sentence><infon key="sentnum">2</infon><offset>-1</offset><text>A total of 81 expanders were placed in 30 consecutive patients, 81% of whom had burn scars due for reconstruction.</text></sentence><sentence><infon key="sentnum">3</infon><offset>-1</offset><text>During preparation, no complications, such as bleeding, were encountered, except one case with severe subdermal fibrosis, in which bleeding was stopped through brief application of pressure.</text></sentence><sentence><infon key="sentnum">4</infon><offset>-1</offset><text>Postoperatively, no complications were encountered in 76% of patients; however, 16.6% exhibited surgical site infection, which was managed conservatively and was correlated with a high number of expanders implanted at once.</text></sentence><sentence><infon key="sentnum">5</infon><offset>-1</offset><text>One patient experienced hematoma formation that resolved spontaneously, and one instance of expander extrusion and subsequent removal occurred.</text></sentence><sentence><infon key="sentnum">6</infon><offset>-1</offset><text>Receiving ≥2 expanders at the same time was statistically associated with higher risk for complication(s).</text></sentence><sentence><infon key="sentnum">7</infon><offset>-1</offset><text>The authors' complication rates were moderate and comparable with open or endoscopic approaches.</text></sentence><sentence><infon key="sentnum">8</infon><offset>-1</offset><text>Time of expansion is reduced compared with the open approach due to distant incision placement and immediate usability.</text></sentence><sentence><infon key="sentnum">9</infon><offset>-1</offset><text>Cost effectiveness appeared to be better using only inexpensive forceps, rather than elaborate and costly endoscopic equipment.</text></sentence></passage></document><document><id>doc12</id><passage><infon key="language">EN</infon><infon key="section">abstract</infon><offset>-1</offset><sentence><infon key="sentnum">0</infon><offset>-1</offset><text>At the end of 2008, a left colectomy clinical pathway was implemented at Clinique Saint-Joseph (CHC) in Liège (Belgium).</text></sentence><sentence><infon key="sentnum">1</infon><offset>-1</offset><text>A sample of 213 patients with benign or malignant pathology requiring laparoscopic left colon resection was included in this clinical pathway during the years 2009 to 2015.</text></sentence><sentence><infon key="sentnum">2</infon><offset>-1</offset><text>We focused on the compliance with the protocol, on the complication rate and the incidence of re-hospitalization within 30 days after surgery.</text></sentence><sentence><infon key="sentnum">3</infon><offset>-1</offset><text>In comparison with a historical control group, we observed that the compliance was excellent (superior to 80 %) from 2009 to 2015.</text></sentence><sentence><infon key="sentnum">4</infon><offset>-1</offset><text>The re-hospitalization did not differ though the complication rate decreased.</text></sentence><sentence><infon key="sentnum">5</infon><offset>-1</offset><text>Although the hospital stay was not our primary objective, it decreased significantly from 8 to 4 days (average).</text></sentence><sentence><infon key="sentnum">6</infon><offset>-1</offset><text>This analysis leads to the conclusion that the introduction of a clinical pathway, when it is well prepared and brings together all the implicated persons with the same goal, is directly beneficial to the patient and the quality of its management.</text></sentence></passage></document><document><id>doc13</id><passage><infon key="language">EN</infon><infon key="section">abstract</infon><offset>-1</offset><sentence><infon key="sentnum">0</infon><offset>-1</offset><text>Since a couple of years, the term Big Data describes technologies to extract knowledge from data.</text></sentence><sentence><infon key="sentnum">1</infon><offset>-1</offset><text>Applications of Big Data and their consequences are also increasingly discussed in the mass media.</text></sentence><sentence><infon key="sentnum">2</infon><offset>-1</offset><text>Because medicine is an empirical science, we discuss the meaning of Big Data and its potential for future medical research.</text></sentence></passage></document><document><id>doc16</id><passage><infon key="language">EN</infon><infon key="section">abstract</infon><offset>-1</offset><sentence><infon key="sentnum">0</infon><offset>-1</offset><text>Choroidal metastasis represents the most common type of intraocular malignancy and preferably involves the posterior uveal tract.</text></sentence><sentence><infon key="sentnum">1</infon><offset>-1</offset><text>Breast and lung cancer - known or so far undiagnosed - are most frequently identified as the underlying tumor disease.</text></sentence><sentence><infon key="sentnum">2</infon><offset>-1</offset><text>The majority of patients diagnosed with uveal metastasis have additional metastatic manifestations elsewhere, so re-staging before treatment is recommended.</text></sentence><sentence><infon key="sentnum">3</infon><offset>-1</offset><text>The importance of a multidisciplinary approach is obvious.</text></sentence><sentence><infon key="sentnum">4</infon><offset>-1</offset><text>Early diagnosis and timely initiation of treatment are mandatory in case of vision-threatening situations.</text></sentence><sentence><infon key="sentnum">5</infon><offset>-1</offset><text>External beam radiation remains the therapy of choice.</text></sentence><sentence><infon key="sentnum">6</infon><offset>-1</offset><text>Overall survival of patients with uveal metastasis is limited, averaging six to twelve months.</text></sentence><sentence><infon key="sentnum">7</infon><offset>-1</offset><text>The other eye is frequently enough affected as well, justifying regular ophthalmologic follow-up during the further course of the disease.</text></sentence></passage></document><document><id>doc17</id><passage><infon key="language">EN</infon><infon key="section">abstract</infon><offset>-1</offset><sentence><infon key="sentnum">0</infon><offset>-1</offset><text>Autism spectrum disorder (ASD) is a neurodevelopmental disorder characterized by dysfunctions in social interactions resulting from a complex interplay between immunogenetic and environmental risk factors.</text></sentence><sentence><infon key="sentnum">1</infon><offset>-1</offset><text>Autoimmunity has been proposed as a major etiological component of ASD.</text></sentence><sentence><infon key="sentnum">2</infon><offset>-1</offset><text>Whether specific autoantibodies directed against brain targets are involved in ASD remains an open question.</text></sentence><sentence><infon key="sentnum">3</infon><offset>-1</offset><text>Here, we identified within a cohort an ASD patient with multiple circulating autoantibodies, including the well-characterized one against glutamate NMDA receptor (NMDAR-Ab).</text></sentence><sentence><infon key="sentnum">4</infon><offset>-1</offset><text>The patient exhibited alexithymia and previously suffered from two major depressive episodes without psychotic symptoms.</text></sentence><sentence><infon key="sentnum">5</infon><offset>-1</offset><text>Using a single molecule-based imaging approach, we demonstrate that neither NMDAR-Ab type G immunoglobulin purified from the ASD patient serum, nor that from a seropositive healthy subject, disorganize membrane NMDAR complexes at synapses.</text></sentence><sentence><infon key="sentnum">6</infon><offset>-1</offset><text>These findings suggest that the autistic patient NMDAR-Abs do not play a direct role in the etiology of ASD and that other autoantibodies directed against neuronal targets should be investigated.</text></sentence></passage></document><document><id>doc18</id><passage><infon key="language">EN</infon><infon key="section">abstract</infon><offset>-1</offset><sentence><infon key="sentnum">0</infon><offset>-1</offset><text>The H5N1 influenza viruses infect a range of avian species and have recently been isolated from humans and pigs.</text></sentence><sentence><infon key="sentnum">1</infon><offset>-1</offset><text>In this study we generated a replication-defective recombinant adenovirus (rAd-H5HA-EGFP) expressing the hemagglutinin (HA) gene of H5N1 A/Swine/Fujian/1/2001 (SW/FJ/1/01) and evaluated its immunogenicity and protective efficacy in BALB/c mice.</text></sentence><sentence><infon key="sentnum">2</infon><offset>-1</offset><text>The recombinant virus induced high levels of hemagglutination inhibition (HI) antibody at a median tissue culture infective dose of 10(8) or 10(7).</text></sentence><sentence><infon key="sentnum">3</infon><offset>-1</offset><text>Compared with mice in the control groups, the mice vaccinated with rAd-H5HA-EGFP did not show apparent weight loss after challenge with either the homologous SW/FJ/1/01 or the heterologous H5N1 A/Chicken/Hunan/77/2005 (CK/HuN/77/05).</text></sentence><sentence><infon key="sentnum">4</infon><offset>-1</offset><text>Replication of the challenge virus was partially or completely inhibited, and viruses were detected at significantly lower numbers in the organs of the vaccinated mice, all of which survived the challenge with CK/HuN/77/05, whereas most of the control mice did not.</text></sentence><sentence><infon key="sentnum">5</infon><offset>-1</offset><text>These results indicate that rAd-H5HA-EGFP can provide effective immune protection from highly pathogenic H5N1 viruses in mice and is therefore a promising new candidate vaccine against H5N1 influenza in animals.</text></sentence></passage></document><document><id>doc19</id><passage><infon key="language">EN</infon><infon key="section">abstract</infon><offset>-1</offset><sentence><infon key="sentnum">0</infon><offset>-1</offset><text>Primary peritonitis remains a rare disease in otherwise healthy children, with group A Streptococcus (GAS) being a particularly unusual cause.</text></sentence><sentence><infon key="sentnum">1</infon><offset>-1</offset><text>A case involving a 14-year-old girl, who presented with an 'acute abdomen' and was taken to the operating room for urgent laparoscopy, is reported.</text></sentence><sentence><infon key="sentnum">2</infon><offset>-1</offset><text>Abdominal and pelvic structures were only minimally inflamed, as was the appendix.</text></sentence><sentence><infon key="sentnum">3</infon><offset>-1</offset><text>Peritoneal fluid and blood cultures both grew pure cultures of GAS.</text></sentence><sentence><infon key="sentnum">4</infon><offset>-1</offset><text>The patient's course was complicated by streptococcal toxic shock syndrome.</text></sentence><sentence><infon key="sentnum">5</infon><offset>-1</offset><text>She fortunately made a full recovery.</text></sentence><sentence><infon key="sentnum">6</infon><offset>-1</offset><text>The present report highlights the diagnostic and treatment dilemmas associated with GAS primary peritonitis.</text></sentence></passage></document><document><id>doc23</id><passage><infon key="language">EN</infon><infon key="section">abstract</infon><offset>-1</offset><sentence><infon key="sentnum">0</infon><offset>-1</offset><text>A study of the anatomy of the fasciocutaneous branch of the third perforator artery of the deep femoral artery was performed to help the elaboration of a fasciocutaneous flap for the reconstruction of skin and subcutaneous and deep fascia of the knee and popliteal region.</text></sentence><sentence><infon key="sentnum">1</infon><offset>-1</offset><text>Forty thighs in 27 fresh cadavers were dissected.</text></sentence><sentence><infon key="sentnum">2</infon><offset>-1</offset><text>In all of the thighs, the third perforator artery was found to arise from the deep femoral artery and reach the posterior aspect of the thigh after perforating the adductor magnus muscle.</text></sentence><sentence><infon key="sentnum">3</infon><offset>-1</offset><text>At that point it was also found that the third perforator artery gives off a branch that emerges through the intermuscular septum between the vast lateral muscle and the long head of the biceps femoral muscle, then crosses the posterior cutaneous nerve and moves directly on to perforate the deep fascia and then to bifurcate into two other branches: one ascending and one descending.</text></sentence><sentence><infon key="sentnum">4</infon><offset>-1</offset><text>The cutaneous area of the flap of the thigh's posterior region, nourished by the fasciocutaneous branch, was evaluated through the injection of dye.</text></sentence><sentence><infon key="sentnum">5</infon><offset>-1</offset><text>Dying of the upper medial, middle medial, lower medial and lower lateral areas of the flap was not successful in all of the dissected thighs.</text></sentence><sentence><infon key="sentnum">6</infon><offset>-1</offset><text>Nevertheless, the upper lateral and the middle lateral areas were dyed successfully in all 40 dissected thighs of the 27 cadavers.</text></sentence></passage></document><document><id>doc25</id><passage><infon key="language">EN</infon><infon key="section">abstract</infon><offset>-1</offset><sentence><infon key="sentnum">0</infon><offset>-1</offset><text>Cardiac rehabilitation is a well-defined multidisciplinary program with the objective to reduce mortality and morbidity, while also improving the exercise capacity and quality of life of the patient following a myocardial infarction.</text></sentence><sentence><infon key="sentnum">1</infon><offset>-1</offset><text>Despite the fact that a cardiovascular rehabilitation program is now recommended by international guidelines for all patients who have suffered from an acute coronary syndrome, only half of all patients actually participate to such a program in Switzerland.</text></sentence><sentence><infon key="sentnum">2</infon><offset>-1</offset><text>Even worse, especially when taking into consideration the population in Geneva, less than 5 % of patients follow a long-term cardiac maintenance program (phase III).</text></sentence><sentence><infon key="sentnum">3</infon><offset>-1</offset><text>Since 2015, our project has been to encourage patients who have completed a phase II cardiac rehabilitation program, to resume regular physical activity in the long term.</text></sentence></passage></document><document><id>doc26</id><passage><infon key="language">EN</infon><infon key="section">abstract</infon><offset>-1</offset><sentence><infon key="sentnum">0</infon><offset>-1</offset><text>This article provides an overview of the conceptual foundations of measuring health-related quality of life (HRQoL) in children and adolescents in child and adolescent psychiatry, and of the current state of research in this field.</text></sentence><sentence><infon key="sentnum">1</infon><offset>-1</offset><text>The available procedures for determining quality of life are presented according to their areas of use and their psychometric characteristics.</text></sentence><sentence><infon key="sentnum">2</infon><offset>-1</offset><text>The internationally available generic instruments for measuring HRQoL in children are identified and assessed in terms of their strengths and weaknesses with regard to selected criteria.</text></sentence><sentence><infon key="sentnum">3</infon><offset>-1</offset><text>As a result, seven generic HRQoL instruments and two utility procedures have been identified which satísfy the following criteria: (i) psychometric qualíty; (ii) age-appropriate measurement; (iii) versions for self-reporting and external rating; and (iv) cross-cultural measurement.</text></sentence><sentence><infon key="sentnum">4</infon><offset>-1</offset><text>The identified instruments satisfy the individual criteria to different degrees.</text></sentence><sentence><infon key="sentnum">5</infon><offset>-1</offset><text>They are increasingly being used in health services research, treatment studies, and epidemiological research; however, they are not yet widely used as part of the clinical routine in child and adolescent psychiatrics.</text></sentence></passage></document><document><id>doc29</id><passage><infon key="language">EN</infon><infon key="section">abstract</infon><offset>-1</offset><sentence><infon key="sentnum">0</infon><offset>-1</offset><text>Physicians can assess the risk of fracture based on bone density (BMD) and several risk factors.</text></sentence><sentence><infon key="sentnum">1</infon><offset>-1</offset><text>Some of them and BMD are incorporated into FRAX, an assessment tool that estimates the 10-years probability of fracture.</text></sentence><sentence><infon key="sentnum">2</infon><offset>-1</offset><text>BMD didn't take into account the microarchitecture.</text></sentence><sentence><infon key="sentnum">3</infon><offset>-1</offset><text>TBS is a texture parameter related to bone microarchitecture.</text></sentence><sentence><infon key="sentnum">4</infon><offset>-1</offset><text>A low TBS is associated with a history of fracture and the incidence of new fracture independently of BMD, clinical risk factors and FRAX.</text></sentence><sentence><infon key="sentnum">5</infon><offset>-1</offset><text>TBS is yet integrated in the FRAX tool, and this effect is of greatest utility for individuals who are close to an intervention threshold.</text></sentence><sentence><infon key="sentnum">6</infon><offset>-1</offset><text>It is particularly useful for the evaluation of secondary osteoporosis, including type 2 diabetes, Gluco-corticoïd induced osteoporosis.</text></sentence><sentence><infon key="sentnum">7</infon><offset>-1</offset><text>It responds to osteoporosis treatments and is not influenced by lumbar degenerative disorders.</text></sentence></passage></document><document><id>doc30</id><passage><infon key="language">EN</infon><infon key="section">abstract</infon><offset>-1</offset><sentence><infon key="sentnum">0</infon><offset>-1</offset><text>This article aims to detail the major innovations occurred in Gastro-enterology in 2016, including the introduction of a new molecule, the vonoprazan, for the treatment of refractory gastroesophagal reflux disease (GERD) and a new way of eradication of H. pylori.</text></sentence><sentence><infon key="sentnum">1</infon><offset>-1</offset><text>The possibility to use an intermittent dose of PPI rather than continuously in severe gastric and duodenal ulcers after successful endoscopic hemostasis is also discussed as well as the withdrawal of corticosteroids in the treatment of autoimmune pancreatitis.</text></sentence><sentence><infon key="sentnum">2</infon><offset>-1</offset><text>The formulation of corticosteroids in the treatment of eosinophilic esophagitis, the interest of the chromo-endoscopy during colonoscopy highlighting small polyps (from 1 to 5 mm = « diminutive polyps ») and the introduction on the Swiss market for biosimilars in the treatment of inflammatory bowel disease (IBD) are also discussed.</text></sentence></passage></document><document><id>doc31</id><passage><infon key="language">EN</infon><infon key="section">abstract</infon><offset>-1</offset><sentence><infon key="sentnum">0</infon><offset>-1</offset><text>Patients with type 2 diabetes (T2D) and chronic kidney disease (CKD) are increasingly numerous, especially in the elderly population.</text></sentence><sentence><infon key="sentnum">1</infon><offset>-1</offset><text>Surprisingly, this situation is often under-recognized or even neglected in clinical practice.</text></sentence><sentence><infon key="sentnum">2</infon><offset>-1</offset><text>Yet, most oral antidiabetic (OAD) agents have limitations in case of renal impairment, either because they require a dose reduction, or are contra-indicated mainly for safety reasons.</text></sentence><sentence><infon key="sentnum">3</infon><offset>-1</offset><text>This clinical case gives the opportunity to discuss the modalities of prescription and cautions to be taken when using most commonly prescribed OAD, metformin, insulin secretagogues (sulfonylureas, repaglinide), DPP-4 inhibitors (gliptins) and SGLT2 inhibitors, in a patient with T2D and CKD.</text></sentence></passage></document><document><id>doc32</id><passage><infon key="language">EN</infon><infon key="section">abstract</infon><offset>-1</offset><sentence><infon key="sentnum">0</infon><offset>-1</offset><text>For thousands of years, cocoa have been a very popular food and has been linked to various beneficial health effects.</text></sentence><sentence><infon key="sentnum">1</infon><offset>-1</offset><text>Observational and epidemiological studies point towards a beneficial effect of dark chocolate on cardiovascular morbidity.</text></sentence><sentence><infon key="sentnum">2</infon><offset>-1</offset><text>Several small, albeit controlled studies indeed demonstrate an amelioration of endothelial dysfunction - the dysfunction of the inner layer of the vessels - after intake of dark, flavanol-rich chocolate.</text></sentence><sentence><infon key="sentnum">3</infon><offset>-1</offset><text>This is important, as endothelial dysfunction is an important marker of the development of atherosclerosis and an important prognosticator of future cardiovascular events.</text></sentence><sentence><infon key="sentnum">4</infon><offset>-1</offset><text>This article summarizes the actual literature in this respect.</text></sentence></passage></document><document><id>doc33</id><passage><infon key="language">EN</infon><infon key="section">abstract</infon><offset>-1</offset><sentence><infon key="sentnum">0</infon><offset>-1</offset><text>Oral probiotic administration has been advocated for treatment and prevention of a diverse range of disorders.</text></sentence><sentence><infon key="sentnum">1</infon><offset>-1</offset><text>This study was undertaken to evaluate the effect of probiotic supplementation on outcome of pediatric post-burn patients.</text></sentence><sentence><infon key="sentnum">2</infon><offset>-1</offset><text>Forty thermally-injured pediatric patients with total body surface burns between 20-50% and depth between 5-10% were randomized in a prospective, double-blind, controlled clinical trial into two even groups: probiotic group (n=20), who received probiotic preparations, and placebo control group (n=20).</text></sentence><sentence><infon key="sentnum">3</infon><offset>-1</offset><text>Clinical outcomes, including GIT tolerance, incidence of infection, need for grafting, length of hospital stay and mortality were recorded.</text></sentence><sentence><infon key="sentnum">4</infon><offset>-1</offset><text>Laboratory measurements of serum CRP, serum albumin, serum IgA and total lymphocyte count were done upon admission and on days 4, 7 and 14.</text></sentence><sentence><infon key="sentnum">5</infon><offset>-1</offset><text>There were no significant differences between the groups regarding age (3.67 ± 0.67 vs. 3.56 ± 0.73), sex, %BSA (34.5 ± 1.96 vs. 33.9 ± 1.82) and %deep burns (6.95 ± 0.34 vs. 7.25 ± 0.39).</text></sentence><sentence><infon key="sentnum">6</infon><offset>-1</offset><text>Frequency of diarrhea (3 vs. 9), need for grafting (2 vs. 8) and length of hospital stay (17.25 ± 0.5 days vs. 21.9 ± 2.2 days) were significantly lower in the probiotic group (p=0.038, p=0.028 and p=0.044, respectively).</text></sentence><sentence><infon key="sentnum">7</infon><offset>-1</offset><text>A trend towards a decrease in incidence of infections (7 vs. 12) was noted in the probiotic group (p=0.113).</text></sentence><sentence><infon key="sentnum">8</infon><offset>-1</offset><text>There was no mortality in our series.</text></sentence><sentence><infon key="sentnum">9</infon><offset>-1</offset><text>There was improvement in the patients' overall outcome related to wound healing and length of hospital stay following the use of probiotics.</text></sentence><sentence><infon key="sentnum">10</infon><offset>-1</offset><text>However, their effects on infectious morbidity and mortality remain unclear and require further investigation.</text></sentence></passage></document><document><id>doc35</id><passage><infon key="language">EN</infon><infon key="section">abstract</infon><offset>-1</offset><sentence><infon key="sentnum">0</infon><offset>-1</offset><text>Depression is one of the most frequently encountered psychiatric disease in the primary care setting, source of enormous suffering for the ill and for his/her entourage.</text></sentence><sentence><infon key="sentnum">1</infon><offset>-1</offset><text>Classical features of the disease in women are usually well known.</text></sentence><sentence><infon key="sentnum">2</infon><offset>-1</offset><text>This article's goal is to highlight the masculine specificities of depression, sometimes poorly known.</text></sentence></passage></document><document><id>doc36</id><passage><infon key="language">EN</infon><infon key="section">abstract</infon><offset>-1</offset><sentence><infon key="sentnum">0</infon><offset>-1</offset><text>Biliary infections are a common cause of emergency department visit, usually of benign evolution but that can sometimes progress rapidly to a life-threatening emergency.The mainstay of treatment of acute cholecystitis is urgent laparoscopic cholecystectomy, performed in 72 hours.Antibiotic treatment is often sufficient for the initial treatment of mild cholangitis.</text></sentence><sentence><infon key="sentnum">1</infon><offset>-1</offset><text>A percutaneous or endoscopic biliary drainage must be done urgently in case of severe presentations or if the patient doesn't respond to conservative treatment.</text></sentence><sentence><infon key="sentnum">2</infon><offset>-1</offset><text>The definitive treatment of the cause of cholangitis, will be performed in a second time.</text></sentence></passage></document><document><id>doc37</id><passage><infon key="language">EN</infon><infon key="section">abstract</infon><offset>-1</offset><sentence><infon key="sentnum">0</infon><offset>-1</offset><text>Nausea is a common symptom among patients affected by chronic diseases or undergoing various treatments.</text></sentence><sentence><infon key="sentnum">1</infon><offset>-1</offset><text>Because nausea can result from many origins, there is a large differential diagnosis to explore.</text></sentence><sentence><infon key="sentnum">2</infon><offset>-1</offset><text>Its pathophysiology relies on numerous neurotransmitters, on which 5 types of antiemetic antagonists are effective (NK-1 receptor antagonists, antiserotoninergic, antidopaminergic, antihistaminic and anticholinergic agents).</text></sentence><sentence><infon key="sentnum">3</infon><offset>-1</offset><text>Glucocorticoids and benzodiazepines are also used to treat some types of nausea.</text></sentence><sentence><infon key="sentnum">4</infon><offset>-1</offset><text>Choosing the appropriate antiemetic can improve quality of life and treatment compliance.</text></sentence></passage></document><document><id>doc40</id><passage><infon key="language">EN</infon><infon key="section">abstract</infon><offset>-1</offset><sentence><infon key="sentnum">0</infon><offset>-1</offset><text>despite fluctuations, the prevalence of nephrolithiasis has significantly increased during the last decades in industrialized nations worldwide (1 to 15 %), which has a significant impact on the cost of healthcare.</text></sentence><sentence><infon key="sentnum">1</infon><offset>-1</offset><text>This increased prevalence is mainly explained by diet modifications.</text></sentence><sentence><infon key="sentnum">2</infon><offset>-1</offset><text>Environmental, metabolic and genetic factors may also influence the formation of kidney stones.</text></sentence><sentence><infon key="sentnum">3</infon><offset>-1</offset><text>As a consequence, the medical management of this disease is preferentially multidisciplinary and involves urologists, nephrologists, radiologists, biologists and dietitians.</text></sentence><sentence><infon key="sentnum">4</infon><offset>-1</offset><text>Urological management : may be mandatory during any acute and/or remote phase of an episode of renal colic, in case of residual stones.</text></sentence><sentence><infon key="sentnum">5</infon><offset>-1</offset><text>Several techniques are available: insertion of double J stent, extracorporeal shock wave lithotripsy, ureteroscopy (flexible or rigid), percutaneous nephrolithotomy and more occasionally, open surgery.</text></sentence><sentence><infon key="sentnum">6</infon><offset>-1</offset><text>Nephrological management: is justified in the course of the acute episode and aims to identify the causal factor(s) of kidney stones formation.</text></sentence><sentence><infon key="sentnum">7</infon><offset>-1</offset><text>The diagnostic approach involves a thorough interrogation (personal medical and surgical history, details of the kidney stone disease and family medical history) as well as a metabolic assessment.</text></sentence><sentence><infon key="sentnum">8</infon><offset>-1</offset><text>Moreover, given the high rate of recurrence (about 50 % within 5 to 10 years), individualized secondary prevention measures are necessary.</text></sentence><sentence><infon key="sentnum">9</infon><offset>-1</offset><text>The recommendations should take into account the identified risk factors and any metabolic abnormalities.</text></sentence></passage></document><document><id>doc42</id><passage><infon key="language">EN</infon><infon key="section">abstract</infon><offset>-1</offset><sentence><infon key="sentnum">0</infon><offset>-1</offset><text>The paraneoplastic limbic encephalitis is a rare disease.</text></sentence><sentence><infon key="sentnum">1</infon><offset>-1</offset><text>It is caused by the presence of autoantibodies creating an inflammatory reaction of the predominant brain parenchyma in the meso-temporal lobe and in other parts of the limbic system.</text></sentence><sentence><infon key="sentnum">2</infon><offset>-1</offset><text>Its presence requires looking for an underlying tumour.</text></sentence><sentence><infon key="sentnum">3</infon><offset>-1</offset><text>The management of this paraneoplastic syndrome includes an immunosuppressive therapy in addition to the treatment of the underlying tumour.</text></sentence><sentence><infon key="sentnum">4</infon><offset>-1</offset><text>However, the management of this disease is not yet standardized.</text></sentence></passage></document><document><id>doc43</id><passage><infon key="language">EN</infon><infon key="section">abstract</infon><offset>-1</offset><sentence><infon key="sentnum">0</infon><offset>-1</offset><text>The development of a Canadian competency-based medical education (CBME) curriculum in obstetrics and gynaecology, slated to begin in 2017, must be rooted in, and aligned with, the principles of CanMEDS 2015 and Competence by Design.</text></sentence><sentence><infon key="sentnum">1</infon><offset>-1</offset><text>It must also reflect the unique realities of the practice of the specialty.</text></sentence><sentence><infon key="sentnum">2</infon><offset>-1</offset><text>The Dutch Society of Obstetrics and Gynaecology has been at the forefront of the movement to design and implement competency-based training for obstetrics and gynaecology.</text></sentence><sentence><infon key="sentnum">3</infon><offset>-1</offset><text>The Dutch curriculum represents a practical example of how such a program could be developed.</text></sentence><sentence><infon key="sentnum">4</infon><offset>-1</offset><text>Several CBME curricular initiatives have now also begun across Canada.</text></sentence></passage></document><document><id>doc46</id><passage><infon key="language">EN</infon><infon key="section">abstract</infon><offset>-1</offset><sentence><infon key="sentnum">0</infon><offset>-1</offset><text>The purpose of this study was to manually measure corneal thickness in canine eyes using a spectral-domain optical coherence tomography (SD-OCT) device and to assess intra- and inter-observer reliability of this technique.</text></sentence><sentence><infon key="sentnum">1</infon><offset>-1</offset><text>Twenty healthy dogs with a mean age of 4.7 y were examined.</text></sentence><sentence><infon key="sentnum">2</infon><offset>-1</offset><text>A 6-mm corneal pachymetry protocol was carried out by 1 operator using 1 SD-OCT device in both eyes of each animal.</text></sentence><sentence><infon key="sentnum">3</infon><offset>-1</offset><text>Measurements were obtained manually and in duplicate by 2 independent investigators (</text></sentence></passage></document><document><id>doc51</id><passage><infon key="language">EN</infon><infon key="section">abstract</infon><offset>-1</offset><sentence><infon key="sentnum">0</infon><offset>-1</offset><text>To improve tuberculosis (TB) diagnosis, many national TB programmes have committed to deploying Xpert(®) MTB/RIF.</text></sentence><sentence><infon key="sentnum">1</infon><offset>-1</offset><text>Implementation of this relatively new technology has suffered from a lack of comprehensive technical assistance, however, including the formulation of policies and plans to address operational issues.</text></sentence><sentence><infon key="sentnum">2</infon><offset>-1</offset><text>While providing technical assistance, we observed numerous operational challenges in the implementation and scale-up of Xpert in five sub-Saharan African countries: low coverage, poor laboratory infrastructure, limited access, poor linkages to treatment, inadequate data on outcomes, problems with specimen transport, diagnostic algorithms that are not aligned with updated World Health Organization recommendations on target patient groups and financing challenges.</text></sentence><sentence><infon key="sentnum">3</infon><offset>-1</offset><text>We recommend better country preparedness and training, laboratory information and quality systems, supply management and referral mechanisms.</text></sentence></passage></document><document><id>doc55</id><passage><infon key="language">EN</infon><infon key="section">abstract</infon><offset>-1</offset><sentence><infon key="sentnum">0</infon><offset>-1</offset><text>Adrenal tumours are rare and their management is challenging.</text></sentence><sentence><infon key="sentnum">1</infon><offset>-1</offset><text>Every patient presenting with adrenal mass or symptoms of hormones hypersecretion should be investigated.</text></sentence><sentence><infon key="sentnum">2</infon><offset>-1</offset><text>The two important questions to be answered are : 1.</text></sentence><sentence><infon key="sentnum">3</infon><offset>-1</offset><text>Is the tumour secreting ?</text></sentence><sentence><infon key="sentnum">4</infon><offset>-1</offset><text>Is the tumour malignant or not ?</text></sentence><sentence><infon key="sentnum">5</infon><offset>-1</offset><text>A complete endocrine work-up and a nativ CT-scan may usually answer these two questions but have to be interpreted by specialists in a multidisciplinary team setting.</text></sentence><sentence><infon key="sentnum">6</infon><offset>-1</offset><text>The decisions about managements of adrenal pathologies do follow international guidelines which are regularly updated.</text></sentence><sentence><infon key="sentnum">7</infon><offset>-1</offset><text>It is not recommended to perform diagnostic or surgical procedure before excluding pheochromocytoma or adrenocortical carcinoma which could have fatal outcome for the patient.</text></sentence><sentence><infon key="sentnum">8</infon><offset>-1</offset><text>Every adrenal mass has to be investigated and should not be made commonplace.</text></sentence></passage></document><document><id>doc56</id><passage><infon key="language">EN</infon><infon key="section">abstract</infon><offset>-1</offset><sentence><infon key="sentnum">0</infon><offset>-1</offset><text>The aim of this study was to evaluate the effect of tulathromycin as a bovine respiratory disease (BRD) metaphylactic treatment on rumen fluid parameters in feedlot cattle in an intensive livestock production farm.</text></sentence><sentence><infon key="sentnum">1</infon><offset>-1</offset><text>One hundred beef cattle, immediately after housing, were divided in 2 equal groups: 50 animals with metaphylactic treatment against BRD (treated group; tulathromycin at 2.5 mg/kg BW) and 50 animals with placebo treatment (control group).</text></sentence><sentence><infon key="sentnum">2</infon><offset>-1</offset><text>Rumen fluid samples were collected from each animal by rumenocentesis in 3 periods: 1 d (T1), 8 d (T8), and 15 d (T15) after treatment.</text></sentence><sentence><infon key="sentnum">3</infon><offset>-1</offset><text>Rumen pH was determined by ruminal fluid using portable pH meter.</text></sentence><sentence><infon key="sentnum">4</infon><offset>-1</offset><text>Total volatile fatty acids (total VFA) were evaluated by high performance liquid chromatography (HPLC).</text></sentence><sentence><infon key="sentnum">5</infon><offset>-1</offset><text>All animals were singularly weighed at T1 and T15.</text></sentence><sentence><infon key="sentnum">6</infon><offset>-1</offset><text>Two-way analysis of variance (ANOVA) was applied to determine significant effects of treatment (treated group versus control group) and period (T1, T8, and T15) on rumen fluid parameters and body weight.</text></sentence><sentence><infon key="sentnum">7</infon><offset>-1</offset><text>No clinical signs of BRD or other related diseases were recorded during the periods of study from any animal.</text></sentence><sentence><infon key="sentnum">8</infon><offset>-1</offset><text>Statistically significant differences (P</text></sentence></passage></document><document><id>doc61</id><passage><infon key="language">EN</infon><infon key="section">abstract</infon><offset>-1</offset><sentence><infon key="sentnum">0</infon><offset>-1</offset><text>A study was carried out regarding 213 patients of either gender and all ages who presented with post-burn contractures.</text></sentence><sentence><infon key="sentnum">1</infon><offset>-1</offset><text>The commonest site of contracture was the neck.</text></sentence><sentence><infon key="sentnum">2</infon><offset>-1</offset><text>92 patients (43.19%) had received their initial burn injury management in general surgery units in tertiary care hospitals compared to 43 patients (20.18%) in district headquarter hospitals.</text></sentence><sentence><infon key="sentnum">3</infon><offset>-1</offset><text>Only 26 patients (12.20%) were managed in plastic surgery/burn wards, and 52 patients (24.41%) received no regular treatment from any hospital.</text></sentence><sentence><infon key="sentnum">4</infon><offset>-1</offset><text>The majority of patients (n=197) had a history of conservative management, with only 16 patients (7.51%) having a split thickness skin graft for part of their initial burns.</text></sentence><sentence><infon key="sentnum">5</infon><offset>-1</offset><text>None of the patients had the appropriate anti-deformity splintage in the affected parts or any physiotherapy during the acute phase of their burns.</text></sentence></passage></document><document><id>doc62</id><passage><infon key="language">EN</infon><infon key="section">abstract</infon><offset>-1</offset><sentence><infon key="sentnum">0</infon><offset>-1</offset><text>Chronic kidney disease (CKD) concerns about 10 % of the population in Switzerland.</text></sentence><sentence><infon key="sentnum">1</infon><offset>-1</offset><text>Epidemiological studies suggest that women are less prone to the development of CKD than men, and progress less rapidly to end stage renal disease.</text></sentence><sentence><infon key="sentnum">2</infon><offset>-1</offset><text>This protection seems lost when entering menopause.</text></sentence><sentence><infon key="sentnum">3</infon><offset>-1</offset><text>The reasons for this finding may stem from hormonal, structural or hemodynamic differences, yet the precise underlying mechanisms are so far incompletely understood.</text></sentence><sentence><infon key="sentnum">4</infon><offset>-1</offset><text>Some animal studies suggest a potentially beneficial effect of estrogen therapy, mainly in diabetes, yet data in humans are lacking.</text></sentence><sentence><infon key="sentnum">5</infon><offset>-1</offset><text>This article provides an overview of epidemiological data and the different hypotheses concerning gender differences in CKD, and discusses the eventual benefits of estrogen therapy to retard CKD progression.</text></sentence></passage></document><document><id>doc64</id><passage><infon key="language">EN</infon><infon key="section">abstract</infon><offset>-1</offset><sentence><infon key="sentnum">0</infon><offset>-1</offset><text>Obstetrical anal sphincter injuries (OASIS) can lead to sexual dysfunction.</text></sentence><sentence><infon key="sentnum">1</infon><offset>-1</offset><text>Literature is poor concerning long-term consequences of OASIS on female sexuality.</text></sentence><sentence><infon key="sentnum">2</infon><offset>-1</offset><text>The objective of this paper is to clarify long-term consequences of OASIS on sexual function.</text></sentence><sentence><infon key="sentnum">3</infon><offset>-1</offset><text>Dyspareunia and lubrication troubles are constantly reported based on articles reviewed in literature through Pubmed.</text></sentence><sentence><infon key="sentnum">4</infon><offset>-1</offset><text>Nevertheless, global sexual function seems not to be influenced by OASIS on a long-term basis.</text></sentence><sentence><infon key="sentnum">5</infon><offset>-1</offset><text>Therefore, sexual dysfunctions must be specifically analysed in women's follow-up after OASIS.</text></sentence></passage></document><document><id>doc65</id><passage><infon key="language">EN</infon><infon key="section">abstract</infon><offset>-1</offset><sentence><infon key="sentnum">0</infon><offset>-1</offset><text>The objective was to study the clinical profile of high voltage electrical injuries in Kashmir, and various prevention and safety measures to bring down the incidence of such injuries in the future.</text></sentence><sentence><infon key="sentnum">1</infon><offset>-1</offset><text>All patients (176) with high voltage electrical injuries reporting to our centre from January 2001 to December 2010 were included in the study.</text></sentence><sentence><infon key="sentnum">2</infon><offset>-1</offset><text>The most common age group was 20-40 years, with mean age of 29.77 ± 8.98 years.</text></sentence><sentence><infon key="sentnum">3</infon><offset>-1</offset><text>Incidence was higher among the rural population (68.75%) than in urban areas (31.25%), and in the winter months.</text></sentence><sentence><infon key="sentnum">4</infon><offset>-1</offset><text>Electricians comprised 47.16% of victims.</text></sentence><sentence><infon key="sentnum">5</infon><offset>-1</offset><text>The most common mode of injury was touching a live wire directly or indirectly, and was seen in 63.64% of victims.</text></sentence><sentence><infon key="sentnum">6</infon><offset>-1</offset><text>Average total body surface burned was 15.27 ± 10.15 percent.</text></sentence><sentence><infon key="sentnum">7</infon><offset>-1</offset><text>Right upper limb was most commonly involved (64.20% of patients).</text></sentence><sentence><infon key="sentnum">8</infon><offset>-1</offset><text>Compartment syndrome was seen in 40.34% of patients, and fasciotomies on all the affected limbs saved around half of them.</text></sentence><sentence><infon key="sentnum">9</infon><offset>-1</offset><text>An average of 3.91 surgical procedures per patient were performed.</text></sentence><sentence><infon key="sentnum">10</infon><offset>-1</offset><text>Around one-third of the victims required major amputations.</text></sentence><sentence><infon key="sentnum">11</infon><offset>-1</offset><text>Reconstructive procedures were required in 49.43% of patients.</text></sentence><sentence><infon key="sentnum">12</infon><offset>-1</offset><text>Average hospital stay was 26.81 days.</text></sentence><sentence><infon key="sentnum">13</infon><offset>-1</offset><text>Average mortality rate was 2.27%.</text></sentence><sentence><infon key="sentnum">14</infon><offset>-1</offset><text>High voltage electrical injuries are not uncommon in the Kashmir Valley, and electrical workers are at higher risk.</text></sentence><sentence><infon key="sentnum">15</infon><offset>-1</offset><text>The incidence of high voltage injuries would not be so high if the workers were properly trained, hazards of high-tension lines were explained and the use of safety equipment was made mandatory.</text></sentence></passage></document><document><id>doc66</id><passage><infon key="language">EN</infon><infon key="section">abstract</infon><offset>-1</offset><sentence><infon key="sentnum">0</infon><offset>-1</offset><text>A significant proportion of children with autism spectrum disorder (ASD) are referred to mental health centers due to the presence of challenging behaviors.</text></sentence><sentence><infon key="sentnum">1</infon><offset>-1</offset><text>Because challenging behaviors in children and adolescents with ASD often result from underlying social and communication difficulties and comorbid anxiety, traditional caregiver-mediated behavior intervention techniques developed for children with disruptive behavior disorders may need to be adapted for this population.</text></sentence><sentence><infon key="sentnum">2</infon><offset>-1</offset><text>Behavioral interventions that target communication skills, social skills, anxiety, and sensory responsiveness in children with ASD may be needed.</text></sentence><sentence><infon key="sentnum">3</infon><offset>-1</offset><text>Notably, while best practice necessitates the involvement of caregivers in treating children and adolescents with ASD, few randomized control studies have examined the effectiveness of caregiver-implemented interventions in reducing challenging behaviors.</text></sentence><sentence><infon key="sentnum">4</infon><offset>-1</offset><text>This review summarizes the current literature with regard to caregiver-mediated behavioral interventions for children with ASD, and suggests areas for intervention development and research.</text></sentence></passage></document><document><id>doc72</id><passage><infon key="language">EN</infon><infon key="section">abstract</infon><offset>-1</offset><sentence><infon key="sentnum">0</infon><offset>-1</offset><text>Knowledge generation through randomized controlled trials (RCTs) is critical to advance the medical evidence base, inform decision-making, and improve care and outcomes.</text></sentence><sentence><infon key="sentnum">1</infon><offset>-1</offset><text>Unfortunately, nephrology has typically lagged behind other medical specialties in this regard.</text></sentence><sentence><infon key="sentnum">2</infon><offset>-1</offset><text>The establishment of formal clinical trial networks can facilitate the successful conduct of RCTs and has significantly increased the number of RCTs performed worldwide in other medical specialties.</text></sentence><sentence><infon key="sentnum">3</infon><offset>-1</offset><text>No such formal network of nephrology trialists exists in Canada.</text></sentence><sentence><infon key="sentnum">4</infon><offset>-1</offset><text>On April 24, 2014, the Canadian Kidney Knowledge Translation and Generation Network (CANN-NET) Clinical Trials Committee held a stakeholder engagement meeting to address this gap and improve the nephrology clinical trial landscape in Canada.</text></sentence><sentence><infon key="sentnum">5</infon><offset>-1</offset><text>The meeting was held in Vancouver in association with the 2014 Canadian Society of Nephrology Annual General Meeting and was co-sponsored by the Kidney Foundation of Canada and CANN-NET.</text></sentence><sentence><infon key="sentnum">6</infon><offset>-1</offset><text>Attendees included nephrologists from university- and non-university-affiliated nephrology practices, administrators, and representatives from the Kidney Foundation of Canada.</text></sentence><sentence><infon key="sentnum">7</infon><offset>-1</offset><text>Through structured presentations and facilitated group discussions, the group explored the extent to which nephrology trials are currently happening in Canada, barriers to leading or participating in larger investigator-initiated trials, and strategies to improve clinical trial output in nephrology in Canada.</text></sentence><sentence><infon key="sentnum">8</infon><offset>-1</offset><text>The themes and action items arising from this meeting are discussed.</text></sentence></passage></document><document><id>doc73</id><passage><infon key="language">EN</infon><infon key="section">abstract</infon><offset>-1</offset><sentence><infon key="sentnum">0</infon><offset>-1</offset><text>Skillmix is often proposed as a measure to address the growing needs of an aging population with its expected increase in chronic diseases.</text></sentence><sentence><infon key="sentnum">1</infon><offset>-1</offset><text>This article reports on a symposium on interprofessional collaboration which took place in the canton of Valais in Switzerland.</text></sentence><sentence><infon key="sentnum">2</infon><offset>-1</offset><text>Reviews of the literature on interprofessional collaboration show evidence in favor of the effectiveness of having interactions between physicians, nurses, pharmacists and physiotherapists.</text></sentence><sentence><infon key="sentnum">3</infon><offset>-1</offset><text>A critical analysis of different forms of coordinated care within family medicine supports the effectiveness of these approaches.</text></sentence><sentence><infon key="sentnum">4</infon><offset>-1</offset><text>However, these approaches now need to be tested in Switzerland.</text></sentence></passage></document><document><id>doc74</id><passage><infon key="language">EN</infon><infon key="section">abstract</infon><offset>-1</offset><sentence><infon key="sentnum">0</infon><offset>-1</offset><text>The International Union Against Tuberculosis and Lung Disease (The Union) is the oldest international non-governmental organisation involved in the fight against tuberculosis.</text></sentence><sentence><infon key="sentnum">1</infon><offset>-1</offset><text>In 2008, the Institute of The Union was challenged to think boldly about the future and to develop a diverse work portfolio covering a wide spectrum of lung health and other disease-related problems.</text></sentence><sentence><infon key="sentnum">2</infon><offset>-1</offset><text>The vision adopted by The Union at that time was 'Health solutions for the poor'.</text></sentence><sentence><infon key="sentnum">3</infon><offset>-1</offset><text>More recently, there has been lengthy debate about the need for the Union to concentrate just on its core mandate of tuberculosis and lung health and for the Union's vision to reflect this narrower spectrum of activity as 'Lung health solutions for the poor'.</text></sentence><sentence><infon key="sentnum">4</infon><offset>-1</offset><text>In this viewpoint article we outline our reasons for believing that this narrower vision is incompatible with The Union's mission statement, and we argue that making such a change would be a mistake.</text></sentence></passage></document><document><id>doc77</id><passage><infon key="language">EN</infon><infon key="section">abstract</infon><offset>-1</offset><sentence><infon key="sentnum">0</infon><offset>-1</offset><text>The aim of this article is to document the experience of the author who volunteered as a resident for 6 months at a districtlevel hospital in central Kenya.</text></sentence><sentence><infon key="sentnum">1</infon><offset>-1</offset><text>Peculiarities emerging from the report are: specificity of the experience to plastic reconstructive surgery; highly complex reconstructive procedures performed under direct supervision of a qualified mentor; exposure to diverse approaches through collaboration with different volunteer plastic surgeons; enhancement of long-term surveillance; and opportunity to expand surgical knowledge outside one's field of specialty.</text></sentence><sentence><infon key="sentnum">2</infon><offset>-1</offset><text>The humanitarian setting allows maximal exposure and learning and can play a significant role in the resident's education.</text></sentence></passage></document><document><id>doc79</id><passage><infon key="language">EN</infon><infon key="section">abstract</infon><offset>-1</offset><sentence><infon key="sentnum">0</infon><offset>-1</offset><text>Haemangioma are benign, vasoformative lesions of endothelial origin.</text></sentence><sentence><infon key="sentnum">1</infon><offset>-1</offset><text>A minority of patients with a vertebral location are symptomatic with neck or back pain.</text></sentence><sentence><infon key="sentnum">2</infon><offset>-1</offset><text>Neurological deficits due to spinal cord compression are rare and mostly observed at the thoracic and upper lumbar spine.</text></sentence><sentence><infon key="sentnum">3</infon><offset>-1</offset><text>Treatment is indicated in case of relevant symptomatology.</text></sentence><sentence><infon key="sentnum">4</infon><offset>-1</offset><text>Several invasive treatment modalities exist such as surgery and intralesional injections, but radiotherapy is the most common treatment for painful lesions.</text></sentence><sentence><infon key="sentnum">5</infon><offset>-1</offset><text>We report a case of a patient with symptomatic bifocal vertebral haemangioma (d9, l3) associated with dorsal and lumbar pain treated simultaneously using a cyberknife® vsi system, with a significant reduction of pain and a limited toxicity.</text></sentence></passage></document><document><id>doc80</id><passage><infon key="language">EN</infon><infon key="section">abstract</infon><offset>-1</offset><sentence><infon key="sentnum">0</infon><offset>-1</offset><text>Undernutrition represents a wide-spread clinical state in outpatients and inpatients.</text></sentence><sentence><infon key="sentnum">1</infon><offset>-1</offset><text>It is associated with a high morbidity and mortality, an impaired quality of life, and increased healthcare costs.</text></sentence><sentence><infon key="sentnum">2</infon><offset>-1</offset><text>Early diagnosis and treatement help to reduce these medical and economic consequences.</text></sentence><sentence><infon key="sentnum">3</infon><offset>-1</offset><text>Oral nutritive supplements (ONS) are simple, effective and economic medical treatments to fight against undernutrition.</text></sentence><sentence><infon key="sentnum">4</infon><offset>-1</offset><text>However, they are insufficiently used for outpatients because of lack of knowledge.</text></sentence><sentence><infon key="sentnum">5</infon><offset>-1</offset><text>This article reviews the impact of ONS, their indications and contraindications and their modalities of prescription and focuses especially on community-dwelling patients.</text></sentence></passage></document><document><id>doc81</id><passage><infon key="language">EN</infon><infon key="section">abstract</infon><offset>-1</offset><sentence><infon key="sentnum">0</infon><offset>-1</offset><text>The current report describes two renal transplant recipients who presented with sporotrichosis.</text></sentence><sentence><infon key="sentnum">1</infon><offset>-1</offset><text>In addition, the authors review the general aspects of sporotrichosis in renal transplant recipients reported in the literature.</text></sentence><sentence><infon key="sentnum">2</infon><offset>-1</offset><text>Sporotrichosis is a rare fungal infection in transplant patients and has been reported primarily in renal transplant recipients not treated with antifungal prophylaxis.</text></sentence><sentence><infon key="sentnum">3</infon><offset>-1</offset><text>Extracutaneous forms of sporotrichosis without skin manifestations and no previous history of traumatic injuries have been described in such patients and are difficult to diagnose.</text></sentence><sentence><infon key="sentnum">4</infon><offset>-1</offset><text>Renal transplant recipients with sporotrichosis described in the present report were successfully treated with antifungal therapy including amphotericin B deoxycholate, lipid amphotericin B formulations, fluconazole and itraconazole.</text></sentence></passage></document><document><id>doc82</id><passage><infon key="language">EN</infon><infon key="section">abstract</infon><offset>-1</offset><sentence><infon key="sentnum">0</infon><offset>-1</offset><text>Psychiatric treatment relies on a solid armamentarium of pharmacologic and nonpharmacologic treatment modalities that perform reasonably well for many patients but leave others in a state of chronic disability or troubled by problematic side effects.</text></sentence><sentence><infon key="sentnum">1</infon><offset>-1</offset><text>Treatment planning in psychiatry remains an art that depends on considerable trial and error.</text></sentence><sentence><infon key="sentnum">2</infon><offset>-1</offset><text>Thus, there is an urgent need for better tools that will provide a means for matching individual patients with the most effective treatments while minimizing the risk of adverse events.</text></sentence><sentence><infon key="sentnum">3</infon><offset>-1</offset><text>This review will consider the current state of the science in predicting treatment outcomes in psychiatry.</text></sentence><sentence><infon key="sentnum">4</infon><offset>-1</offset><text>Genetic and other biomarkers will be considered alongside clinical diagnostic, and family history data.</text></sentence><sentence><infon key="sentnum">5</infon><offset>-1</offset><text>Problems inherent in prediction medicine will also be discussed, along with recent developments that support the hope that psychiatry can do a better job in quickly identifying the best treatments for each patient.</text></sentence></passage></document><document><id>doc85</id><passage><infon key="language">EN</infon><infon key="section">abstract</infon><offset>-1</offset><sentence><infon key="sentnum">0</infon><offset>-1</offset><text>A specimen of the African weakly electric fish genus Petrocephalus (Osteoglossomorpha, Mormyridae) collected in the Congo River at Yangambi, Orientale Province, Democratic Republic of Congo, is described as a new species.</text></sentence><sentence><infon key="sentnum">1</infon><offset>-1</offset><text>Petrocephalus boboto sp.</text></sentence><sentence><infon key="sentnum">2</infon><offset>-1</offset><text>n. can be distinguished from other Central African species of Petrocephalus by a combination of the following characteristics: three distinct black spots on the body, one at the origin of the pectoral fin, one at the origin of the caudal fin and one below the anterior base of the dorsal fin; Nakenrosette and Khelrosette electroreceptor clusters distinct on head but Augenrosette cluster reduced in size; 23 branched dorsal rays, 34 branched anal rays, and electric organ discharge waveform triphasic.</text></sentence><sentence><infon key="sentnum">3</infon><offset>-1</offset><text>Petrocephalus boboto sp.</text></sentence><sentence><infon key="sentnum">4</infon><offset>-1</offset><text>n. most closely resembles the holotype of Petrocephalus binotatus but is easily distinguished from it by its smaller mouth.</text></sentence><sentence><infon key="sentnum">5</infon><offset>-1</offset><text>A comparative molecular analysis including 21 other Petrocephalus species shows Petrocephalus boboto sp.</text></sentence><sentence><infon key="sentnum">6</infon><offset>-1</offset><text>n. to be genetically distinctive and to represent a deep lineage in the genus.</text></sentence><sentence><infon key="sentnum">7</infon><offset>-1</offset><text>Two specimens of Petrocephalus collected at Yangambi are morphologically similar and genetically closely related to specimens previously assigned to Petrocephalus binotatus, collected in the northwestern Congo River basin within Odzala-Kokua National Park, Republic of the Congo.</text></sentence><sentence><infon key="sentnum">8</infon><offset>-1</offset><text>This prompts us to formally describe a new species from these collections, Petrocephalus arnegardi sp.</text></sentence><sentence><infon key="sentnum">9</infon><offset>-1</offset><text>n., that, although similar to the holotype of Petrocephalus binotatus, can be distinguished from it by its smaller mouth and shorter interorbital width.</text></sentence></passage></document><document><id>doc86</id><passage><infon key="language">EN</infon><infon key="section">abstract</infon><offset>-1</offset><sentence><infon key="sentnum">0</infon><offset>-1</offset><text>Education of first responders and referring medical professionals is considered vital to high-quality burn care.</text></sentence><sentence><infon key="sentnum">1</infon><offset>-1</offset><text>Prior to 1999, the community education program at The Burn Center of MedStar Washington Hospital Center (MWHC) was staffed by ICU nurses who volunteered their time.</text></sentence><sentence><infon key="sentnum">2</infon><offset>-1</offset><text>As the program became more popular in the mid-1990s, the requests for lectures exceeded the capacity of a volunteer program.</text></sentence><sentence><infon key="sentnum">3</infon><offset>-1</offset><text>A request to hospital administration for a full-time education coordinator position was rejected in the climate of budget cut-backs and declining reimbursement.</text></sentence><sentence><infon key="sentnum">4</infon><offset>-1</offset><text>A business-oriented proposal, ultimately accepted, promised an increase in admissions, an improved payor mix, and an annual review of data to demonstrate the cost/benefit advantage.</text></sentence><sentence><infon key="sentnum">5</infon><offset>-1</offset><text>To advertise the creation of the coordinator position and education programs, letters were mailed to local fire departments, nursing schools and emergency departments.</text></sentence><sentence><infon key="sentnum">6</infon><offset>-1</offset><text>The response was positive, and, with a full-time coordinator, the requests were accommodated in a timely manner.</text></sentence><sentence><infon key="sentnum">7</infon><offset>-1</offset><text>Community education programs increased almost four-fold.</text></sentence><sentence><infon key="sentnum">8</infon><offset>-1</offset><text>Average annual admissions increased initially from 292 to 374 and have continued to increase, rising to 812 in fiscal year 2008.</text></sentence><sentence><infon key="sentnum">9</infon><offset>-1</offset><text>As expected, the average percent total body surface area burns decreased (from 10.8% to 6.9%), reflecting increased referral of smaller burns and, inferentially and per analysis, an improved payor mix.</text></sentence><sentence><infon key="sentnum">10</infon><offset>-1</offset><text>Most impressive was the increase in charitable donations, from an annual average of $27,500 before the position was created to an average of $183,000 annually thereafter.</text></sentence><sentence><infon key="sentnum">11</infon><offset>-1</offset><text>From this experience as well as the experience discovered by a national survey, there are desirable side effects of a full-time community burn education program coordinator, and the cost for The Burn Center at MWHC has been more than balanced by the benefits.</text></sentence></passage></document><document><id>doc91</id><passage><infon key="language">EN</infon><infon key="section">abstract</infon><offset>-1</offset><sentence><infon key="sentnum">0</infon><offset>-1</offset><text>Chronic Q fever is a potentially fatal disease.</text></sentence><sentence><infon key="sentnum">1</infon><offset>-1</offset><text>The current difficulty in the diagnosis of this condition is discussed in the present article.</text></sentence><sentence><infon key="sentnum">2</infon><offset>-1</offset><text>A 51-year-old woman with a history of aortic valve replacement presented with complaints of feeling generally unwell, pyrexia and occasional unproductive cough over a period of several weeks.</text></sentence><sentence><infon key="sentnum">3</infon><offset>-1</offset><text>Phase 1 immunoglobulin G titre to Coxiella burnetii was initially detected at a low level (1:320, detected using immunofluorescence) and was not considered to be significant according to the modified Duke criteria.</text></sentence><sentence><infon key="sentnum">4</infon><offset>-1</offset><text>Later in the course of her illness, the patient's antibody titre rose to a high level (1:1280).</text></sentence><sentence><infon key="sentnum">5</infon><offset>-1</offset><text>The issues regarding current laboratory diagnosis and management of Q fever are discussed.</text></sentence><sentence><infon key="sentnum">6</infon><offset>-1</offset><text>Chronic Q fever can be associated with an inadequate serological response.</text></sentence><sentence><infon key="sentnum">7</infon><offset>-1</offset><text>Close follow-up of cases is essential.</text></sentence><sentence><infon key="sentnum">8</infon><offset>-1</offset><text>The recommended serological criteria for the diagnosis of Q fever endocarditis needs to be revisited.</text></sentence></passage></document><document><id>doc92</id><passage><infon key="language">EN</infon><infon key="section">abstract</infon><offset>-1</offset><sentence><infon key="sentnum">0</infon><offset>-1</offset><text>Elderly patients in palliative situations residing in a nursing home present characteristics and specificities that clearly distinguish them from patients with advanced cancer.</text></sentence><sentence><infon key="sentnum">1</infon><offset>-1</offset><text>Besides the difficulty to define a precise prognosis, their many comorbidities, their communication difficulties because of cognitive disorders, their high sensitivity to primary and secondary effects of drugs render their management a real challenge for physician and caregivers.</text></sentence><sentence><infon key="sentnum">2</infon><offset>-1</offset><text>Accompanying these patients at the end of their life also raises many ethical problems, especially when they are no longer able to express their wishes and have not previously expressed advance directives.</text></sentence></passage></document><document><id>doc94</id><passage><infon key="language">EN</infon><infon key="section">abstract</infon><offset>-1</offset><sentence><infon key="sentnum">0</infon><offset>-1</offset><text>Face burns expose patients to a higher respiratory risk, and early prophylactic intubation before they enter the burn unit might be life-saving.</text></sentence><sentence><infon key="sentnum">1</infon><offset>-1</offset><text>However, unnecessary intubation may compromise their clinical evolution.</text></sentence><sentence><infon key="sentnum">2</infon><offset>-1</offset><text>Hence, the decision to perform pre-burn centre endotracheal intubation remains a clinical challenge.</text></sentence><sentence><infon key="sentnum">3</infon><offset>-1</offset><text>A retrospective study was developed to characterize the experience of the tertiary burn unit of the Hospital da Prelada with face burn patients arriving endotracheally-intubated between January 2009 and September 2013.</text></sentence><sentence><infon key="sentnum">4</infon><offset>-1</offset><text>Specific goals included assessment of whether these intubations were clinically appropriate and if these procedures determined significant changes in clinical course and outcome.</text></sentence><sentence><infon key="sentnum">5</infon><offset>-1</offset><text>A total of 136 patients were admitted to our burn centre with facial burns.</text></sentence><sentence><infon key="sentnum">6</infon><offset>-1</offset><text>38.2% (n=52) of them arrived endotracheally-intubated, with 75% (n=39) intubated at the scene of the burn injury and 25% (n=13) in the emergency room because of the suspicion of smoke inhalation injury.</text></sentence><sentence><infon key="sentnum">7</infon><offset>-1</offset><text>In only 23% of the cases (n=12) was the lesion confirmed by bronchoscopy.</text></sentence><sentence><infon key="sentnum">8</infon><offset>-1</offset><text>The overall mortality rate was 12.5% (n=17): 3.6% (n=3) were patients who had not been subjected to pre-burn centre intubation, and 27% (n=14) were in the group of patients arriving intubated.</text></sentence><sentence><infon key="sentnum">9</infon><offset>-1</offset><text>A face burn is a warning sign of a possible upper airway injury, and pre-burn centre prophylactic intubation might be life-saving.</text></sentence><sentence><infon key="sentnum">10</infon><offset>-1</offset><text>However, unnecessary intubation may impair clinical evolution.</text></sentence><sentence><infon key="sentnum">11</infon><offset>-1</offset><text>Therefore, it is imperative that updated practice guidelines for pre-burn centre airway management are adhered to, and that these guidelines are subject to revision in order to improve airway management in burn patients.</text></sentence></passage></document><document><id>doc97</id><passage><infon key="language">EN</infon><infon key="section">abstract</infon><offset>-1</offset><sentence><infon key="sentnum">0</infon><offset>-1</offset><text>Infections of aortic prosthesis are quite unusual.</text></sentence><sentence><infon key="sentnum">1</infon><offset>-1</offset><text>When occurring, they represent a real challenge for both medical and surgical care, and their morbidity and mortality rates are high.</text></sentence><sentence><infon key="sentnum">2</infon><offset>-1</offset><text>Initially, these infections can be treated with antibiotics, but, in case of failure, the infected prosthesis must be removed and a new aorto-iliac system has to be reconstructed surgically.</text></sentence><sentence><infon key="sentnum">3</infon><offset>-1</offset><text>We report, the case of a woman affected by infection of an aortic prosthesis and whose problem has been solved by means of a new aorto-iliac graft by using cryogenically conserved allograft.</text></sentence><sentence><infon key="sentnum">4</infon><offset>-1</offset><text>Epidemiology, potential complications and treatment will be discussed.</text></sentence></passage></document><document><id>doc98</id><passage><infon key="language">EN</infon><infon key="section">abstract</infon><offset>-1</offset><sentence><infon key="sentnum">0</infon><offset>-1</offset><text>During the United States Department of Agriculture (USDA) National Animal Health Monitoring System's (NAHMS) 2007-2008 beef study, 567 producers from 24 US States were offered the opportunity to collect fecal samples from weaned beef calves and have them evaluated for the presence of parasite eggs (Phase 1).</text></sentence><sentence><infon key="sentnum">1</infon><offset>-1</offset><text>Participating producers were provided with instructions and materials for sample collection.</text></sentence><sentence><infon key="sentnum">2</infon><offset>-1</offset><text>Up to 20 fresh fecal samples were collected from each of the 99 participating operations.</text></sentence><sentence><infon key="sentnum">3</infon><offset>-1</offset><text>Fresh fecal samples were submitted to one of 3 randomly assigned laboratories for evaluation.</text></sentence><sentence><infon key="sentnum">4</infon><offset>-1</offset><text>Upon arrival at the laboratories, all samples were processed for the enumeration of strongyle, Nematodirus, and Trichuris eggs using the modified Wisconsin technique.</text></sentence><sentence><infon key="sentnum">5</infon><offset>-1</offset><text>The presence or absence of coccidian oocysts and tapeworm eggs was also noted.</text></sentence><sentence><infon key="sentnum">6</infon><offset>-1</offset><text>In submissions where the strongyle eggs per gram exceeded 30, aliquots from 2 to 6 animals were pooled for DNA extraction.</text></sentence><sentence><infon key="sentnum">7</infon><offset>-1</offset><text>Extracted DNA was subjected to genus level polymerase chain reaction (PCR) identification for the presence of Ostertagia, Cooperia, Haemonchus, Oesophagostomum, and Trichostrongylus.</text></sentence><sentence><infon key="sentnum">8</infon><offset>-1</offset><text>In this study, 85.6% of the samples had strongyle type, Nematodirus, and Trichuris eggs.</text></sentence><sentence><infon key="sentnum">9</infon><offset>-1</offset><text>Among the samples evaluated, 91% had Cooperia, 79% Ostertagia, 53% Haemonchus, 38% Oesophagostomum, 18% Nematodirus, 7% Trichuris, and 3% Trichostrongylus.</text></sentence><sentence><infon key="sentnum">10</infon><offset>-1</offset><text>The prevalence of coccidia and tapeworm eggs was 59.9% and 13.7%, respectively.</text></sentence></passage></document></collection>