<?xml version="1.0" encoding="UTF-8"?><!DOCTYPE collection SYSTEM "BioC.dtd"><collection><source></source><date></date><key></key><document><id>doc1</id><passage><infon key="language">FR</infon><infon key="section">abstract</infon><offset>-1</offset><sentence><infon key="sentnum">0</infon><offset>-1</offset><text>A leurs débuts, certaines dermatoses du cuir chevelu telles que le psoriasis, la dermite séborrhéique, une teigne ou le lupus érythémateux discoïde, sont souvent peu discernables par l’entourage.</text></sentence><sentence><infon key="sentnum">1</infon><offset>-1</offset><text>Cependant, ces éruptions sont occasionnelle¬ment sévères et extensives.</text></sentence><sentence><infon key="sentnum">2</infon><offset>-1</offset><text>Obtenir un diagnostic de certitude est un objectif majeur pour une prise en charge adéquate.</text></sentence></passage></document><document><id>doc3</id><passage><infon key="language">FR</infon><infon key="section">abstract</infon><offset>-1</offset><sentence><infon key="sentnum">0</infon><offset>-1</offset><text>L'utilisation croissante d'antibiotiques et l'augmentation de la résistance bactérienne aux antibiotiques constituent un défi pour le développement et la santé mondiaux.</text></sentence><sentence><infon key="sentnum">1</infon><offset>-1</offset><text>Il est nécessaire de communiquer et de diffuser les initiatives qui parviennent à contenir ce problème.</text></sentence><sentence><infon key="sentnum">2</infon><offset>-1</offset><text>En Suède, la propagation rapide de pneumocoques résistants dans le sud du pays en 1995 a conduit à la formation du Programme stratégique suédois contre la résistance aux antibiotiques, également connu sous le nom de Strama.</text></sentence><sentence><infon key="sentnum">3</infon><offset>-1</offset><text>La création de ce programme a été un point de départ important pour coordonner des efforts sur le long terme afin de lutter contre la résistance aux antibiotiques dans le pays.</text></sentence><sentence><infon key="sentnum">4</infon><offset>-1</offset><text>Cet article décrit les principales stratégies du programme: engagement aux niveaux local et national; suivi de l'utilisation d'antibiotiques afin de prendre des décisions en connaissance de cause; objectif national de prescription d'antibiotiques; surveillance de la résistance aux antibiotiques pour agir au niveau local, national et mondial; observation des tendances de résistance; lutte contre les infections afin de limiter la progression de la résistance; communication afin d'inciter à l'action et au changement des comportements.</text></sentence><sentence><infon key="sentnum">5</infon><offset>-1</offset><text>L'adoption d'une démarche ascendante a été un élément clé pour favoriser les changements à long terme, notamment la collaboration étroite avec les prescripteurs au niveau local.</text></sentence><sentence><infon key="sentnum">6</infon><offset>-1</offset><text>Le travail qui est décrit ici et les enseignements tirés pourraient aider les pays à mettre en œuvre leur propre plan d'action national contre la résistance aux antibiotiques.</text></sentence></passage></document><document><id>doc4</id><passage><infon key="language">FR</infon><infon key="section">abstract</infon><offset>-1</offset><sentence><infon key="sentnum">0</infon><offset>-1</offset><text>Le mouvement du corps est nécessaire à la vie et fait partie des opportunités majeures pour améliorer la santé de nos populations, mais parfois l'amalgame est fait avec le sport, qui peut causer des blessures ou des atteintes cardiaques aiguës.</text></sentence><sentence><infon key="sentnum">1</infon><offset>-1</offset><text>Toutefois, certaines personnes peuvent présenter des effets secondaires métaboliques même par la pratique d'une activité physique réputée bonne pour la santé.</text></sentence><sentence><infon key="sentnum">2</infon><offset>-1</offset><text>Ce type d'intolérance à l'exercice a des causes génétiques entre autres et ne signifie pas forcément un renoncement au mouvement, mais doit être considéré comme un effet secondaire d'un traitement qui doit être optimisé.</text></sentence><sentence><infon key="sentnum">3</infon><offset>-1</offset><text>L'individualisation de la prescription d'exercice tiendra compte du suivi et se fait de façon dynamique en adaptant les conseils selon l'évolution.</text></sentence></passage></document><document><id>doc6</id><passage><infon key="language">FR</infon><infon key="section">abstract</infon><offset>-1</offset><sentence><infon key="sentnum">0</infon><offset>-1</offset><text>Le suivi du couple infertile ne se limite pas au diagnostic des causes et aux aspects techniques des traitements de procréation médicalement assistée.</text></sentence><sentence><infon key="sentnum">1</infon><offset>-1</offset><text>Les abandons de traitement sont une cause majeure d’absence de grossesse.</text></sentence><sentence><infon key="sentnum">2</infon><offset>-1</offset><text>Ainsi la prise en charge des aspects émotionnels et l’identification des couples à risque de détresse psychologique sont donc essentielles pour prévenir les abandons.</text></sentence><sentence><infon key="sentnum">3</infon><offset>-1</offset><text>Le counselling psychologique s’envisage à plusieurs niveaux.</text></sentence><sentence><infon key="sentnum">4</infon><offset>-1</offset><text>L’équipe gynécologique mettra l’accent sur l’information, la communication positive et l’identification des couples pouvant bénéficier de stratégies de gestion du stress.</text></sentence><sentence><infon key="sentnum">5</infon><offset>-1</offset><text>Enfin, le psychiatre de liaison prendra en charge les couples souffrant d’une pathologie psychiatrique préexistante ou qui développent des symptômes anxieux/dépressifs suite aux traitements.</text></sentence></passage></document><document><id>doc8</id><passage><infon key="language">FR</infon><infon key="section">abstract</infon><offset>-1</offset><sentence><infon key="sentnum">0</infon><offset>-1</offset><text>La révision 2017 des recommandations GOLD introduit ce qui peut être vu comme un changement de paradigme dans le traitement des patients BPCO stables.</text></sentence><sentence><infon key="sentnum">1</infon><offset>-1</offset><text>L’état de santé et la prévention d’évènements aigus (exacerbation, hospitalisation, décès) prennent le pas sur la spirométrie dans l’approche pharmacologique de ces patients.</text></sentence><sentence><infon key="sentnum">2</infon><offset>-1</offset><text>Ce changement se reflète dans la définition et le classement des patients.</text></sentence><sentence><infon key="sentnum">3</infon><offset>-1</offset><text>Les groupes ABCD sont maintenant basés exclusivement sur les symptômes et les exacerbations ; l’évaluation de la sévérité de l’obstruction bronchique reste nécessaire à l’établissement du diagnostic et du pronostic, ainsi qu’au traitement non-pharmacologique des patients, mais n’intervient plus dans l’algorithme décisionnel du traitement pharmacologique.</text></sentence><sentence><infon key="sentnum">4</infon><offset>-1</offset><text>Ce traitement pharmacologique réserve une place importante aux bronchodilatateurs de longue durée d’action et à leur association.</text></sentence><sentence><infon key="sentnum">5</infon><offset>-1</offset><text>Ils apportent une bronchodilatation couvrant le nycthémère, améliorant la dyspnée et la qualité de vie des patients.</text></sentence><sentence><infon key="sentnum">6</infon><offset>-1</offset><text>Un nombre plus important de patients atteignent une amélioration jugée cliniquement importante avec l’association LABA+LAMA qu’avec les monothérapies bronchodilatatrices.</text></sentence><sentence><infon key="sentnum">7</infon><offset>-1</offset><text>Le LAMA reste une molécule de choix dans la prévention des exacerbations et l’association LABA+LAMA permet une réduction moyenne plus importante du risque d’exacerbations que l’association LABA + ICS.</text></sentence><sentence><infon key="sentnum">8</infon><offset>-1</offset><text>Comme cette association augmente de manière significative le risque de pneumonie, l’utilisation de l’association LABA+ICS n’est plus conseillée en premier choix que chez des patients cortico-sensibles.</text></sentence><sentence><infon key="sentnum">9</infon><offset>-1</offset><text>Chez les patients pour qui cette association contenant un corticoïde topique n’est plus un premier choix, le passage vers l’association LABA+LAMA est possible sans augmentation significative du risque d’exacerbation.</text></sentence><sentence><infon key="sentnum">10</infon><offset>-1</offset><text>La place de la triple association LABA+LAMA+ICS reste à déterminer.</text></sentence></passage></document><document><id>doc9</id><passage><infon key="language">FR</infon><infon key="section">abstract</infon><offset>-1</offset><sentence><infon key="sentnum">0</infon><offset>-1</offset><text>L’embolie cérébrale est la complication la plus sévère de la fibrillation auriculaire (FA).</text></sentence><sentence><infon key="sentnum">1</infon><offset>-1</offset><text>L’anticoagulation orale représente le traitement de choix pour la prophylaxie thromboembolique (TE) chez les patients avec un score CHADS2VASc ≥ 1 mais s’accompagne d’une augmentation significative des événements hémorragiques.</text></sentence><sentence><infon key="sentnum">2</infon><offset>-1</offset><text>Environ 90 % des thrombi se forment au niveau de l’auricule gauche.</text></sentence><sentence><infon key="sentnum">3</infon><offset>-1</offset><text>Différents registres ont montré que la fermeture percutanée de cet appendice par une prothèse permet de diminuer le risque TE chez les patients qui présentent un haut risque TE (score CHADS2VASc ≥ 2) et hémorragique (score HAS-BLED ≥ 3).</text></sentence><sentence><infon key="sentnum">4</infon><offset>-1</offset><text>Cependant, les études randomisées actuellement disponibles concernant cette technique n’ont pas inclus des patients avec une contre-indication aux anticoagulants oraux.</text></sentence></passage></document><document><id>doc14</id><passage><infon key="language">FR</infon><infon key="section">abstract</infon><offset>-1</offset><sentence><infon key="sentnum">0</infon><offset>-1</offset><text>Il n'existe pas de traitement personnalisé du cancer sans individualisation de la dose.</text></sentence><sentence><infon key="sentnum">1</infon><offset>-1</offset><text>La détermination de la dose de chimiothérapie tenant compte de la surface corporelle n'améliore pas substantiellement la variabilité pharmacocinétique des médicaments individuels.</text></sentence><sentence><infon key="sentnum">2</infon><offset>-1</offset><text>Par ailleurs, les nouveaux inhibiteurs de la tyrosine kinase actifs par voie orale et les substances endocriniennes montrent une grande variabilité sur le plan de la pharmacocinétique en raison de la variabilité de l'absorption, du métabolisme hépatique et des interactions potentielles entre différents médicaments et la nourriture.</text></sentence><sentence><infon key="sentnum">3</infon><offset>-1</offset><text>Le monitorage thérapeutique des médicaments et le typage génétique peuvent améliorer dans le futur le dosage individualisé des médicaments anticancéreux.</text></sentence><sentence><infon key="sentnum">4</infon><offset>-1</offset><text>Néanmoins, un grand nombre de ces médicaments approuvés récemment pour un usage clinique ou en phase de développement préclinique représentent un challenge important en ce qui concerne le développement d'algorithmes tenant compte du dosage spécifique de chaque substance.</text></sentence><sentence><infon key="sentnum">5</infon><offset>-1</offset><text>Il va être nécessaire d'implémenter des stratégies de dosage spécifique précocement au cours du développement clinique des nouveaux médicaments anticancéreux afin d'en informer les cliniciens au moment de leur mise à disposition sur le marché.</text></sentence></passage></document><document><id>doc15</id><passage><infon key="language">FR</infon><infon key="section">abstract</infon><offset>-1</offset><sentence><infon key="sentnum">0</infon><offset>-1</offset><text>La prise en charge du diabète, que ce soit de type 1 ou de type 2, ne cesse de se complexifier avec l’apparition de nouveaux traitements, mais aussi de nouveaux outils technologiques.</text></sentence><sentence><infon key="sentnum">1</infon><offset>-1</offset><text>Parmi ces derniers, les appareils mesurant la glycémie en continu permettent d’améliorer le contrôle glycémique et diminuent le risque d’hypoglycémie chez les patients diabétiques de type 1.</text></sentence><sentence><infon key="sentnum">2</infon><offset>-1</offset><text>Chez les patients diabétiques de type 2, les études sont moins nombreuses mais semblent aussi montrer un bénéfice, notamment chez les patients traités par insuline.</text></sentence><sentence><infon key="sentnum">3</infon><offset>-1</offset><text>Il convient cependant de bien définir quels patients diabétiques de type 2 seront de bons candidats au CGMS ( continuous glucose monitoring system).</text></sentence><sentence><infon key="sentnum">4</infon><offset>-1</offset><text>Dans tous les cas, une prise en charge multidisciplinaire est nécessaire pour la pose de l’appareil et l’interprétation des tracés.</text></sentence></passage></document><document><id>doc20</id><passage><infon key="language">FR</infon><infon key="section">abstract</infon><offset>-1</offset><sentence><infon key="sentnum">0</infon><offset>-1</offset><text>Même si la vaccination a réduit l’incidence de pneumonie bactérienne chez les enfants vaccinés, la pneumonie demeure courante chez les enfants en santé.</text></sentence><sentence><infon key="sentnum">1</infon><offset>-1</offset><text>Les symptômes de pneumonie bactérienne sont souvent similaires à ceux des infections virales ou d’une maladie réactive des voies respiratoires.</text></sentence><sentence><infon key="sentnum">2</infon><offset>-1</offset><text>Dans l’idéal, il faut confirmer le diagnostic de pneumonie bactérienne par une radiographie pulmonaire avant de prescrire des antimicrobiens.</text></sentence><sentence><infon key="sentnum">3</infon><offset>-1</offset><text>Il est essentiel de tenir compte de facteurs comme l’âge, les signes vitaux et d’autres mesures de gravité de la maladie pour décider ou non d’hospitaliser un patient.</text></sentence><sentence><infon key="sentnum">4</infon><offset>-1</offset><text>Puisque le Streptococcus pneumoniae continue d’être la principale cause de pneumonie bactérienne chez les enfants, le pilier du traitement empirique de la pneumonie bénigne demeure la prescription d’amoxicilline ou d’ampicilline sur une période de sept à dix jours.</text></sentence><sentence><infon key="sentnum">5</infon><offset>-1</offset><text>En l’absence d’amélioration, il faut envisager des complications (empyème ou abcès du poumon).</text></sentence><sentence><infon key="sentnum">6</infon><offset>-1</offset><text>La radiographie pulmonaire systématique n’est pas recommandée à la fin du traitement, à moins d’une indication clinique.</text></sentence></passage></document><document><id>doc21</id><passage><infon key="language">FR</infon><infon key="section">abstract</infon><offset>-1</offset><sentence><infon key="sentnum">0</infon><offset>-1</offset><text>Les tendons extenseurs de l’index, du majeur, de l’annulaire et de l’auriculaire sont mus par le muscle extenseur commun des doigts.</text></sentence><sentence><infon key="sentnum">1</infon><offset>-1</offset><text>Mais celuici ne peut fonctionner adéquatement que si l’amplitude de glissement de chacun des quatre tendons extenseurs est normale.</text></sentence><sentence><infon key="sentnum">2</infon><offset>-1</offset><text>En corollaire, une restriction de mouvement de l’un ou l’autre des quatre tendons, due à des adhérences en un foyer de fracture ou au siège de réparation d’un tendon, à une contracture fixe en flexion à une articulation métacarpo-phalangienne ou encore à une rupture, à une faiblesse ou à une lacération d’un ligament sagittal ou du tendon commun, entraîne une restriction de mouvement des tendons extenseurs adjacents.</text></sentence><sentence><infon key="sentnum">3</infon><offset>-1</offset><text>On a donné à ce syndrome le nom de « quadrige des extenseurs » en raison de ses ressemblances avec un syndrome analogue qui touche le muscle fléchisseur commun profond des doigts.</text></sentence><sentence><infon key="sentnum">4</infon><offset>-1</offset><text>Un traitement inapproprié de ce trouble clinique peut conduire à un déséquilibre de la chaîne cinématique pathomécanique.</text></sentence><sentence><infon key="sentnum">5</infon><offset>-1</offset><text>Aussi est-il crucial de reconnaître et de traiter précocement ce syndrome afin d’en assurer une prise en charge adéquate.</text></sentence></passage></document><document><id>doc22</id><passage><infon key="language">FR</infon><infon key="section">abstract</infon><offset>-1</offset><sentence><infon key="sentnum">0</infon><offset>-1</offset><text>Les dépendances comportementales se caractérisent par une incapacité à résister à une motivation ou une pulsion entraînant des actions qui sont nuisibles pour soi ou les autres.</text></sentence><sentence><infon key="sentnum">1</infon><offset>-1</offset><text>Les dépendances comportementales ont des caractéristiques en commun avec l’abus de substances et d’alcool, et avec des domaines comme l’évolution naturelle, la phénoménologie, et les conséquences indésirables.</text></sentence><sentence><infon key="sentnum">2</infon><offset>-1</offset><text>Les dépendances comportementales sont notamment le jeu pathologique, la cleptomanie, la pyromanie, les achats compulsifs, le comportement sexuel compulsif, la dépendance à Internet, et la suralimentation compulsive.</text></sentence><sentence><infon key="sentnum">3</infon><offset>-1</offset><text>Peu d’études ont examiné l’efficacité du traitement pharmacologique et psychologique des diverses dépendances comportementales et par conséquent, aucune recommandation de traitement ne peut être faite à l’heure actuelle.</text></sentence></passage></document><document><id>doc24</id><passage><infon key="language">FR</infon><infon key="section">abstract</infon><offset>-1</offset><sentence><infon key="sentnum">0</infon><offset>-1</offset><text>La période intermédiaire de l’enfance, de six à 12 ans, est souvent connue comme « les années oubliées » du développement, car une bonne partie de la recherche est axée sur le développement de la petite enfance ou la croissance à l’adolescence.</text></sentence><sentence><infon key="sentnum">1</infon><offset>-1</offset><text>Cependant, cette période est riche en potentiel sur le plan du progrès cognitif, social, affectif et physique.</text></sentence><sentence><infon key="sentnum">2</infon><offset>-1</offset><text>Le cerveau subit activement un élagage synaptique et devient donc de plus en plus raffiné, un processus qui dépend lourdement de l’environnement de l’enfant.</text></sentence><sentence><infon key="sentnum">3</infon><offset>-1</offset><text>Cette découverte ouvre la porte à l’optimisation des expériences que vit l’enfant afin d’établir des assises solides pour l’âge adulte.</text></sentence><sentence><infon key="sentnum">4</infon><offset>-1</offset><text>Le présent article aborde les changements neurologiques qui se produisent pendant la période intermédiaire de l’enfance, leurs répercussions sur le développement global et la mise en œuvre de ces connaissances pour accroître les capacités de l’enfant.</text></sentence></passage></document><document><id>doc27</id><passage><infon key="language">FR</infon><infon key="section">abstract</infon><offset>-1</offset><sentence><infon key="sentnum">0</infon><offset>-1</offset><text>D’ordinaire, la compression aiguë du nerf médian de l’avant-bras est causée par un syndrome de loge.</text></sentence><sentence><infon key="sentnum">1</infon><offset>-1</offset><text>Un cas de neuropathie de compression aiguë du nerf médian imputable à un corps étranger, sans trace de syndrome de loge, est décrit.</text></sentence><sentence><infon key="sentnum">2</infon><offset>-1</offset><text>Le diagnostic a été posé grâce aux symptômes du patient et à des radiographies.</text></sentence><sentence><infon key="sentnum">3</infon><offset>-1</offset><text>Un dépistage précoce et une décompression de l’avant-bras avec retrait du corps étranger ont permis un rétablissement total.</text></sentence></passage></document><document><id>doc28</id><passage><infon key="language">FR</infon><infon key="section">abstract</infon><offset>-1</offset><sentence><infon key="sentnum">0</infon><offset>-1</offset><text>De 2000 à 2012, le Malawi a étendu la thérapie antirétrovirale (ART) de</text></sentence></passage></document><document><id>doc34</id><passage><infon key="language">FR</infon><infon key="section">abstract</infon><offset>-1</offset><sentence><infon key="sentnum">0</infon><offset>-1</offset><text>Face aux algies diffuses, le médecin doit évoquer un large éventail de pathologies.</text></sentence><sentence><infon key="sentnum">1</infon><offset>-1</offset><text>Il faut penser à la fois aux maladies rares comme les myopathies ou les vasculites, mais aussi aux maladies plus fréquentes comme la fibromyalgie.</text></sentence><sentence><infon key="sentnum">2</infon><offset>-1</offset><text>Contrairement aux idées reçues, le diagnostic de fibromyalgie est difficile à poser, en moyenne 2 ans après le début des symptômes.</text></sentence><sentence><infon key="sentnum">3</infon><offset>-1</offset><text>Ceci s’explique par des plaintes hétérogènes, mais aussi par le médecin lui-même qui retarde le diagnostic par des examens complémentaires inutiles.</text></sentence><sentence><infon key="sentnum">4</infon><offset>-1</offset><text>L’éducation du patient et l’activité physique sont les étapes les plus importantes de la prise en charge.</text></sentence><sentence><infon key="sentnum">5</infon><offset>-1</offset><text>Peu de médicaments ont prouvé leur efficacité et leur utilisation est limitée par d’importants effets secondaires.</text></sentence><sentence><infon key="sentnum">6</infon><offset>-1</offset><text>L’évolution de la fibromyalgie est chronique avec un pronostic plutôt mitigé.</text></sentence></passage></document><document><id>doc38</id><passage><infon key="language">FR</infon><infon key="section">abstract</infon><offset>-1</offset><sentence><infon key="sentnum">0</infon><offset>-1</offset><text>Le sepsis est une pathologie fréquente, caractérisée par une réponse inflammatoire systémique inappropriée, consécutive à une infection, à l’origine de dysfonctions d’organes mettant en jeu le pronostic vital.</text></sentence><sentence><infon key="sentnum">1</infon><offset>-1</offset><text>Chez le sujet âgé, le sepsis est souvent de diagnostic difficile.</text></sentence><sentence><infon key="sentnum">2</infon><offset>-1</offset><text>De nouvelles définitions, aidées par des scores clinico-biologiques, permettent une reconnaissance plus précoce des états septiques à risque de mauvaise évolution.</text></sentence><sentence><infon key="sentnum">3</infon><offset>-1</offset><text>La précocité de la prise en charge, chez des sujets âgés aux défenses immunitaires et réserves physiologiques diminuées, est un élément essentiel du pronostic.</text></sentence><sentence><infon key="sentnum">4</infon><offset>-1</offset><text>Les principes de prise en charge du sepsis chez le sujet âgé diffèrent peu du sujet plus jeune avec néanmoins la problématique de l’admission ou non en milieu de soins intensifs en fonction du niveau de soins préalablement défini, des comorbidités du patient et des objectifs de soins.</text></sentence></passage></document><document><id>doc39</id><passage><infon key="language">FR</infon><infon key="section">abstract</infon><offset>-1</offset><sentence><infon key="sentnum">0</infon><offset>-1</offset><text>Le syndrome du compartiment abdominal (SCA) est une complication connue du volume liquidien important que reçoivent les patients brûlés pendant la réanimation.</text></sentence><sentence><infon key="sentnum">1</infon><offset>-1</offset><text>Théoriquement, l’ischémie intestinale est liée au SCA, mais elle n’a jamais été décrite dans des publications scientifiques.</text></sentence><sentence><infon key="sentnum">2</infon><offset>-1</offset><text>Les auteurs présentent un cas d’obstruction intestinale tardive liée à une ischémie intestinale associée à un SCA chez une patiente brûlée.</text></sentence><sentence><infon key="sentnum">3</infon><offset>-1</offset><text>Une fillette de quatre ans auparavant en santé a subi des brûlures sur 70 % de la surface totale de son corps, de même que des brûlures par inhalation.</text></sentence><sentence><infon key="sentnum">4</infon><offset>-1</offset><text>Elle était brûlée sur la partie antérieure du cou, la circonférence du torse entre le cou et la taille, le bras gauche, la cuisse gauche et les deux tiers de la cuisse droite.</text></sentence><sentence><infon key="sentnum">5</infon><offset>-1</offset><text>La réanimation liquidienne a d’abord été administrée selon la formule de Parkland modifiée.</text></sentence><sentence><infon key="sentnum">6</infon><offset>-1</offset><text>Le transfert de la patiente d’un hôpital local à l’unité régionale des brûlés a été compliqué par un choc septique précoce causé par une infection liée à un cathéter, ce qui a accru la réanimation liquidienne.</text></sentence><sentence><infon key="sentnum">7</infon><offset>-1</offset><text>L’infection a provoqué de multiples SCA.</text></sentence><sentence><infon key="sentnum">8</infon><offset>-1</offset><text>Un drain percutané a favorisé une amélioration clinique immédiate de la patiente, mais les épisodes de SCA ont entraîné une obstruction tardive de l’intestin grêle attribuable à un rétrécissement, laquelle a exigé une laparotomie et une résection intestinale.</text></sentence></passage></document><document><id>doc41</id><passage><infon key="language">FR</infon><infon key="section">abstract</infon><offset>-1</offset><sentence><infon key="sentnum">0</infon><offset>-1</offset><text>Pendant ces dernières décades, l’excision précoce et totale des brûlures profondes, suivie immédiatement d’autogreffe a constitué le traitement le plus habituel avec souvent, en cas d’échec, des excisions répétées et de nouvelles greffes.</text></sentence><sentence><infon key="sentnum">1</infon><offset>-1</offset><text>Nous avons pensé, cependant, que la couverture par autogreffe retardée, précédée par une couverture temporaire par xénogreffe après des excisions itératives et moins larges permettait d’obtenir un meilleur lit receveur avec moins d’échecs, des sites donneurs plus petits et une durée d’hospitalisation moindre.</text></sentence><sentence><infon key="sentnum">2</infon><offset>-1</offset><text>Nous avons ainsi mené une étude analytique rétrospective dans notre Centre National de Brûlés pendant la période 1997-2011.</text></sentence><sentence><infon key="sentnum">3</infon><offset>-1</offset><text>Les patients qui avaient été traités par une excision précoce totale suivie d’autogreffe ont été comparés à ceux qui avaient eu des petites excisions séquentielles, couvertes de façon temporaire par des xénogreffes jusqu’à ce que la brûlure soit prête pour une autogreffe finale.</text></sentence><sentence><infon key="sentnum">4</infon><offset>-1</offset><text>Le groupe excision séquentielle et xénogreffe (n=42) a nécessité un tiers de moins d’autogreffes que les patients qui avaient une excision totale suivie d’autogreffe (n=45) et plus d’une seule opération (p</text></sentence></passage></document><document><id>doc44</id><passage><infon key="language">FR</infon><infon key="section">abstract</infon><offset>-1</offset><sentence><infon key="sentnum">0</infon><offset>-1</offset><text>La prévalence des infections à nocardia est en augmentation depuis plusieurs années en raison, d’une part, de l’amélioration des techniques de détection de ces germes en laboratoire et, d’autre part, d’un nombre accru de patients immunodéprimés.</text></sentence><sentence><infon key="sentnum">1</infon><offset>-1</offset><text>Nous rapportons ici l’histoire d’un patient porteur d’une infection multifocale à Nocardia Farcinica associant des abcès cérébraux, une infection pulmonaire, une endocardite et une atteinte ophtalmique.</text></sentence><sentence><infon key="sentnum">2</infon><offset>-1</offset><text>Ce cas permet de discuter les principales caractéristiques de ces infections, ainsi que les recommandations thérapeutiques actuelles.</text></sentence></passage></document><document><id>doc45</id><passage><infon key="language">FR</infon><infon key="section">abstract</infon><offset>-1</offset><sentence><infon key="sentnum">0</infon><offset>-1</offset><text>Depuis de nombreuses années, la digoxine est utilisée dans le traitement de l’insuffisance cardiaque en raison de son inotropisme positif, et pour contrôler la réponse ventriculaire en présence de fibrillation auriculaire (FA) via ses propriétés vagotoniques.</text></sentence><sentence><infon key="sentnum">1</infon><offset>-1</offset><text>Caractérisée par une marge thérapeutique étroite, des études observationnelles récentes suggèrent que la digoxine pourrait être associée à une surmortalité chez les patients avec FA.</text></sentence><sentence><infon key="sentnum">2</infon><offset>-1</offset><text>Pour ces raisons, et du fait de nombreuses alternatives thérapeutiques, la digoxine n’est actuellement plus recommandée en première intention lors de FA.</text></sentence><sentence><infon key="sentnum">3</infon><offset>-1</offset><text>Elle peut être envisagée chez les patients présentant une insuffisance cardiaque et une FA à réponse ventriculaire rapide lorsque des traitements alternatifs ne peuvent être poursuivis.</text></sentence></passage></document><document><id>doc47</id><passage><infon key="language">FR</infon><infon key="section">abstract</infon><offset>-1</offset><sentence><infon key="sentnum">0</infon><offset>-1</offset><text>Les données d’observation montrent une association cohérente entre une élévation des lipoprotéines de basse densité (LDL-C) et les maladies cardiovasculaires (MCV).</text></sentence><sentence><infon key="sentnum">1</infon><offset>-1</offset><text>Les statines sont actuellement les médicaments les plus efficaces pour abaisser le LDL-C, mais elles peuvent présenter des effets secondaires qui pourraient limiter les patients d’atteindre les niveaux de LDL-C recommandés.</text></sentence><sentence><infon key="sentnum">2</infon><offset>-1</offset><text>Bien que traités par les statines, un important risque résiduel d’événement cardiovasculaire reste chez les patients en préventions primaire et secondaire.</text></sentence><sentence><infon key="sentnum">3</infon><offset>-1</offset><text>La découverte des anticorps contre la protéase convertase subtilisine / kexine 9 est un nouveau traitement antilipémique très prometteur et le but de cet examen est d’expliquer leur mécanisme d’action et de discuter les données de sécurité et d’efficacité de quelques études de phase III.</text></sentence></passage></document><document><id>doc48</id><passage><infon key="language">FR</infon><infon key="section">abstract</infon><offset>-1</offset><sentence><infon key="sentnum">0</infon><offset>-1</offset><text>C’est avec plaisir que nous vous présentons le second de nos deux numéros spéciaux sur les troubles de l’humeur et d’anxiété, fondés sur les résultats de l’Enquête sur les personnes ayant une maladie chronique au Canada − Composante des troubles de l’humeur et d’anxiété (EPMCC-THA).</text></sentence><sentence><infon key="sentnum">1</infon><offset>-1</offset><text>Le premier numéro, publié en décembre 2016, contenait trois articles brossant un portrait des adultes canadiens ayant déclaré avoir reçu un diagnostic de troubles de l’humeur ou d’anxiété, à savoir leurs caractéristiques sociodémographiques, leur état de santé, les limitations dans leurs activités ainsi que leur degré d’invalidité et enfin les facteurs associés à leur bien-être.</text></sentence><sentence><infon key="sentnum">2</infon><offset>-1</offset><text>Les trois articles publiés ici portent quant à eux sur des thèmes liés à la prise en charge de ces troubles.</text></sentence><sentence><infon key="sentnum">3</infon><offset>-1</offset><text>Globalement, ces articles explorent les facteurs sociodémographiques clés dont on sait qu’ils ont un impact sur les résultats de santé, et ils traitent également des stratégies visant à favoriser la guérison et le mieux-être des adultes canadiens ayant déclaré avoir reçu un diagnostic de troubles de l’humeur ou d’anxiété.</text></sentence></passage></document><document><id>doc49</id><passage><infon key="language">FR</infon><infon key="section">abstract</infon><offset>-1</offset><sentence><infon key="sentnum">0</infon><offset>-1</offset><text>La pancréatite aiguë est une maladie fréquente d’évolution simple dans 80 % des cas, mais grevée de complications et d’une mortalité importante dans sa forme sévère.</text></sentence><sentence><infon key="sentnum">1</infon><offset>-1</offset><text>Les causes biliaires et la consommation excessive d’alcool représentent 80 % des étiologies.</text></sentence><sentence><infon key="sentnum">2</infon><offset>-1</offset><text>Le traitement, hormis l’extraction de calculs par voie endoscopique si l’origine est biliaire, est symptomatique et se concentre sur une réhydratation, une antalgie efficace et une gestion adaptée des apports.</text></sentence><sentence><infon key="sentnum">3</infon><offset>-1</offset><text>Cet article s’intéresse aux nouveautés introduites par la nouvelle Classification d’Atlanta (CA) de 2012 et détaille les directives actuelles de prise en charge.</text></sentence><sentence><infon key="sentnum">4</infon><offset>-1</offset><text>L’évolution du traitement conservateur ces dernières années a permis de diminuer et repousser le recours à la chirurgie et nécessite une étroite collaboration interdisciplinaire entre chirurgiens, gastroentérologues, radiologues interventionnels et intensivistes.</text></sentence></passage></document><document><id>doc50</id><passage><infon key="language">FR</infon><infon key="section">abstract</infon><offset>-1</offset><sentence><infon key="sentnum">0</infon><offset>-1</offset><text>Les séquences de nucléotides des souches de terrain du virus de la fièvre aphteuse nous aident à comprendre la distribution et l’évolution des lignées virales présentes dans les différentes régions du monde.</text></sentence><sentence><infon key="sentnum">1</infon><offset>-1</offset><text>Les auteurs décrivent les grandes lignes d’un protocole pratique, basé sur l’amplification en chaîne par polymérase couplée à une transcription inverse (RT-PCR) et sur le séquençage, qui peut être utilisé pour générer des séquences d’ARN codant pour la région VP1 (1D) du virus de la fièvre aphteuse.</text></sentence><sentence><infon key="sentnum">2</infon><offset>-1</offset><text>Le protocole permet de procéder à une sélection parmi un panel de PCR et de marqueurs de séquençage dans le but de caractériser les gènes de divers isolats représentant les sept sérotypes du virus de la fièvre aphteuse.</text></sentence><sentence><infon key="sentnum">3</infon><offset>-1</offset><text>Les auteurs décrivent également une liste de séquences pouvant servir de cadre à l’analyse phylogénétique, dont des séquences prototypes pour tous les topotypes proposés du virus de la fièvre aphteuse.</text></sentence><sentence><infon key="sentnum">4</infon><offset>-1</offset><text>Les données techniques détaillées et les séquences prototypes fournies par les auteurs peuvent être utilisées par les Laboratoires de référence pour la fièvre aphteuse et d’autres institutions, en vue d’harmoniser l’épidémiologie moléculaire du virus de la fièvre aphteuse.</text></sentence></passage></document><document><id>doc52</id><passage><infon key="language">FR</infon><infon key="section">abstract</infon><offset>-1</offset><sentence><infon key="sentnum">0</infon><offset>-1</offset><text>Malgré des indications claires, les inhibiteurs de la pompe à protons (IPP) sont surprescrits, ce qui engendre des conséquences cliniques et économiques.</text></sentence><sentence><infon key="sentnum">1</infon><offset>-1</offset><text>Cette surprescription s’explique principalement par des indications erronées, dominées par la prévention abusive de l’ulcère de stress, et par la poursuite automatique du traitement, en particulier dans les phases de transition entre services hospitaliers ou à la sortie de l’hôpital.</text></sentence><sentence><infon key="sentnum">2</infon><offset>-1</offset><text>Des symptômes de sevrage à l’arrêt du traitement contribuent aussi peut-être à la difficulté d’interrompre les IPP.</text></sentence><sentence><infon key="sentnum">3</infon><offset>-1</offset><text>Il est donc important d’une part de respecter davantage les indications de ce traitement et d’autre part de réévaluer régulièrement la nécessité de le poursuivre.</text></sentence></passage></document><document><id>doc53</id><passage><infon key="language">FR</infon><infon key="section">abstract</infon><offset>-1</offset><sentence><infon key="sentnum">0</infon><offset>-1</offset><text>L’interniste généraliste ne peut pas être un spectateur passif du bouleversement induit par la médecine de précision.</text></sentence><sentence><infon key="sentnum">1</infon><offset>-1</offset><text>Cette dernière vise à améliorer les aspects prédictifs ou l’évolution clinique d’une personne en intégrant toutes les connaissances biologiques et génétiques, environnementales, phénotypiques et psychosociales qui lui sont propres.</text></sentence><sentence><infon key="sentnum">2</infon><offset>-1</offset><text>Dans cet article, les initiatives nationales et internationales dans ce domaine sont abordées, ainsi que les potentiels enjeux financiers, éthiques et d’équité sociale.</text></sentence><sentence><infon key="sentnum">3</infon><offset>-1</offset><text>Cette médecine de précision fera partie de notre quotidien et il s’agit d’intégrer très tôt l’interniste généraliste dans des plateformes multidisciplinaires pour assurer les restitutions d’informations, les partages de décision, les incertitudes et ultimement contribuer au maintien de la santé de la population et améliorer la qualité des soins pour nos patients.</text></sentence></passage></document><document><id>doc54</id><passage><infon key="language">FR</infon><infon key="section">abstract</infon><offset>-1</offset><sentence><infon key="sentnum">0</infon><offset>-1</offset><text>L’évaluation du développement du jeune enfant doit prendre en compte la détection des troubles neurodéveloppementaux et notamment celle des troubles du spectre autistique.</text></sentence><sentence><infon key="sentnum">1</infon><offset>-1</offset><text>Face à un retard de développement du langage à 18 mois ou face à un défaut de contact social, cette hypothèse doit être considérée afin de réaliser une évaluation plus approfondie.</text></sentence><sentence><infon key="sentnum">2</infon><offset>-1</offset><text>Nous donnons quelques repères cliniques ainsi que les signes précurseurs afin de permettre le cas échéant une prise en charge la plus précoce possible.</text></sentence><sentence><infon key="sentnum">3</infon><offset>-1</offset><text>Ceci permettra souvent une évolution plus favorable avec l’objectif de réduire le déficit mental et de permettre le développement des compétences spécifiques de l’enfant.</text></sentence></passage></document><document><id>doc57</id><passage><infon key="language">FR</infon><infon key="section">abstract</infon><offset>-1</offset><sentence><infon key="sentnum">0</infon><offset>-1</offset><text>La stéréotaxie extracrânienne est une nouvelle technique de radiation qui prend avantage des améliorations effectuées dans la planification radiothérapeutique, la modulation de l'intensité ainsi que de l'imagerie.</text></sentence><sentence><infon key="sentnum">1</infon><offset>-1</offset><text>L'utilisation de la stéréotaxie extracrânienne permet de réduire la durée de la radiothérapie de six semaines à quelques jours.</text></sentence><sentence><infon key="sentnum">2</infon><offset>-1</offset><text>De plus, les études prospectives phase II pour des patients ayant des cancers bronchiques non à petites cellules ont montré que l'utilisation de la stéréotaxie extracrânienne permet d'obtenir un contrôle local de la tumeur de l'ordre de 85% à 95%.</text></sentence><sentence><infon key="sentnum">3</infon><offset>-1</offset><text>L'utilisation de la stéréotaxie extracrânienne est utilisé de plus en plus pour le traitement de métastases dans le poumon, le foie, le rétropéritoine et les os.</text></sentence><sentence><infon key="sentnum">4</infon><offset>-1</offset><text>Puisque la stéréotaxie extracrânienne permet de délivrer une dose curative en seulement quelques fractions, cette technique ouvre de nouvelles perspectives pour les patients souffrant d'oligo-métastases.</text></sentence></passage></document><document><id>doc58</id><passage><infon key="language">FR</infon><infon key="section">abstract</infon><offset>-1</offset><sentence><infon key="sentnum">0</infon><offset>-1</offset><text>Après avoir retracé les changements institutionnels introduits par la Chine dans l’utilisation des prairies depuis 30 ans, les auteurs examinent les effets de ces transformations sur les communautés pastorales, tels qu’ils ressortent d’études de cas conduites respectivement sur deux communautés agropastorales et deux communautés strictement pastorales.</text></sentence><sentence><infon key="sentnum">1</infon><offset>-1</offset><text>Les pasteurs dont les revenus dépendent directement du pâturage sont vulnérables aux effets conjoints de la dégradation des prairies et du changement climatique.</text></sentence><sentence><infon key="sentnum">2</infon><offset>-1</offset><text>D’après les auteurs, les structures de gouvernance « du haut vers le bas », où la participation des communautés locales est exclue, et les solutions institutionnelles « à taille unique », ne se prêtent guère à une gestion efficace du pastoralisme.</text></sentence><sentence><infon key="sentnum">3</infon><offset>-1</offset><text>Ils concluent que l’environnement institutionnel actuel en Chine pourrait entraîner un recul démographique, un déclin des élevages ainsi qu’une aggravation de la pauvreté et des inégalités au sein des communautés pastorales.</text></sentence><sentence><infon key="sentnum">4</infon><offset>-1</offset><text>Sachant que les systèmes pastoraux possèdent des caractéristiques spécifiques qui varient en fonction de la région où ils sont implantés et du contexte local, les auteurs recommandent d’accorder une plus grande attention aux stratégies conçues localement « du bas vers le haut », en les associant si besoin aux dispositifs institutionnels à long terme qui fournissent aux pasteurs nomades et aux agropasteurs les ressources nécessaires pour s’adapter au changement.</text></sentence></passage></document><document><id>doc59</id><passage><infon key="language">FR</infon><infon key="section">abstract</infon><offset>-1</offset><sentence><infon key="sentnum">0</infon><offset>-1</offset><text>Les estimations de la prévalence des maladies cognitives dans les études populationnelles varient en raison de différences dans la définition même des maladies cognitives, dans les méthodologies et sources de données et dans les types de coûts inclus.</text></sentence><sentence><infon key="sentnum">1</infon><offset>-1</offset><text>Une approche commune est nécessaire pour dissiper toute confusion et pour améliorer la confiance du public et des intervenants à l’égard de ces estimations.</text></sentence><sentence><infon key="sentnum">2</infon><offset>-1</offset><text>Depuis 1994, cinq études majeures ont dégagé des estimations largement différentes concernant la prévalence et les coûts financiers des maladies cognitives au Canada.</text></sentence><sentence><infon key="sentnum">3</infon><offset>-1</offset><text>Sur la base de ces études, la prévalence des maladies cognitives a été estimée en 2011 selon une fourchette comprise entre 340 170 (estimation basse) et 747 000 (estimation haute).</text></sentence><sentence><infon key="sentnum">4</infon><offset>-1</offset><text>La principale raison de cette différence est l’inclusion ou non du « déficit cognitif léger » (DCL) dans les projections.</text></sentence><sentence><infon key="sentnum">5</infon><offset>-1</offset><text>Les coûts financiers estimés des troubles cognitifs variaient également, dans une fourchette comprise entre 910 millions de dollars et 33 milliards de dollars.</text></sentence><sentence><infon key="sentnum">6</infon><offset>-1</offset><text>Cette différence s’explique majoritairement par (1) le manque de méthodes communes pour estimer les coûts financiers, (2) l’absence d’estimations de la prévalence aux différents stades de la maladie (léger, modéré et avancé), ce qui a un impact direct sur le montant dépensé, et (3) l’absence d’outils pour mesurer plus précisément les coûts directs, indirects et intangibles.</text></sentence><sentence><infon key="sentnum">7</infon><offset>-1</offset><text>Étant donné le nombre croissant d’enjeux liés aux troubles cognitifs au Canada comme dans le reste du monde, harmoniser ces estimations divergentes est essentiel pour générer les informations fiables pour le public, afin d’orienter l’action publique et l’élaboration de services.</text></sentence></passage></document><document><id>doc60</id><passage><infon key="language">FR</infon><infon key="section">abstract</infon><offset>-1</offset><sentence><infon key="sentnum">0</infon><offset>-1</offset><text>Le but de ce travail était de développer, comme alternative à l'isolation, une méthode de RT-PCR (en temps réel) pour le diagnostic rapide de l'EAV et pour la caractérisation des souches virales.</text></sentence><sentence><infon key="sentnum">1</infon><offset>-1</offset><text>Pour cela, on a adapté deux méthodes de RT-PCR conventionnelles et une de RT-PCR en temps réel, de manière à ce qu'un spectre aussi large que possible d'isolats soit démontrable.</text></sentence><sentence><infon key="sentnum">2</infon><offset>-1</offset><text>Les lignées de dilution avec la souche Bucyrus ont montré une sensibilité cent fois plus élevée avec la RT-PCR en temps réel et avec la RT-PCR heminested qu'avec la RT-PCR simple.</text></sentence><sentence><infon key="sentnum">3</infon><offset>-1</offset><text>L'efficacité des méthodes a pu être démontrée avec 11 surnageants de cultures cellulaires de divers isolats d'EAV et 7 échantillons de sperme positifs à l'EAV.</text></sentence><sentence><infon key="sentnum">4</infon><offset>-1</offset><text>L'analyse phylogénétique des séquences des échantillons par rapport à des séquences connues laisse penser qu'il existe plus de sous-groupes d'EAV que décrit jusqu'à ce jour.</text></sentence></passage></document><document><id>doc63</id><passage><infon key="language">FR</infon><infon key="section">abstract</infon><offset>-1</offset><sentence><infon key="sentnum">0</infon><offset>-1</offset><text>Les avantages des techniques d'imagerie moléculaire sont nombreux pour la recherche physiopathologique et le traitement des troubles du SNC (système nerveux central).</text></sentence><sentence><infon key="sentnum">1</infon><offset>-1</offset><text>Elles permettent tout d'abord d'explorer de façon non invasive les processus physiologiques du cerveau vivant en liant les changements moléculaires aux modifications cliniques.</text></sentence><sentence><infon key="sentnum">2</infon><offset>-1</offset><text>Deuxièmement, une recherche translationnelle est rendue possible mesurant de la même façon dans un trouble donné du SNC, la cible physiopathologique dans des modèles animaux et dans des modèles humains expérimentaux.</text></sentence><sentence><infon key="sentnum">3</infon><offset>-1</offset><text>De plus, l'imagerie moléculaire permet la détection de modifications fonctionnelles précédant la pathologie manifeste, ce qui est particulièrement utile pour le diagnostic précoce et le traitement des troubles du SNC.</text></sentence><sentence><infon key="sentnum">4</infon><offset>-1</offset><text>Dans cet article, nous nous intéressons à la capacité de l'imagerie moléculaire d'informer sur le développement et l'évaluation des traitements dans son application aux troubles du SNC, en particulier pour la schizophrénie, la maladie de Parkinson, la dépression et la démence, troubles majeurs du SNC.</text></sentence><sentence><infon key="sentnum">5</infon><offset>-1</offset><text>Nous analysons également la possibilité de piloter le développement de nouveaux médicaments des troubles du SNC par l'imagerie moléculaire.</text></sentence></passage></document><document><id>doc67</id><passage><infon key="language">FR</infon><infon key="section">abstract</infon><offset>-1</offset><sentence><infon key="sentnum">0</infon><offset>-1</offset><text>L’objectif de la présente étude était de comparer la conductance et la perméabilité au mannitol de la muqueuse du côlon de chien en réponse au carprofène ou au 2,4-dinitrophénol (DNP) avec ou sans prétraitement au tempol.</text></sentence><sentence><infon key="sentnum">1</infon><offset>-1</offset><text>Dix sections de muqueuse du côlon par chien furent montées dans des chambres d’Ussing.</text></sentence><sentence><infon key="sentnum">2</infon><offset>-1</offset><text>Les traitements furent effectués en duplicata.</text></sentence><sentence><infon key="sentnum">3</infon><offset>-1</offset><text>La muqueuse fut exposée à du carprofène (200 μg/mL) ou du DNP (0,25 mM), chacun avec ou sans prétraitement (1 mM) au tempol.</text></sentence><sentence><infon key="sentnum">4</infon><offset>-1</offset><text>La conductance fut calculée à des intervalles de 15 minutes pour 240 minutes.</text></sentence><sentence><infon key="sentnum">5</infon><offset>-1</offset><text>Le flux de mannitol fut calculé sur trois périodes consécutives de 60 minutes.</text></sentence><sentence><infon key="sentnum">6</infon><offset>-1</offset><text>Un examen histologique ou par microscopie électronique fut effectué après l’exposition.</text></sentence><sentence><infon key="sentnum">7</infon><offset>-1</offset><text>La conductance dans le temps, le flux de mannitol, la fréquence des catégories histologiques, et les changements en microscopie électronique furent analysés pour les effets de traitement.</text></sentence><sentence><infon key="sentnum">8</infon><offset>-1</offset><text>La moyenne ± l’écart-type de la conductance dans le temps des côlons traités avec du carprofène ou du DNP n’était pas significativement différente des côlons témoins indépendamment d’un prétraitement au tempol.</text></sentence><sentence><infon key="sentnum">9</infon><offset>-1</offset><text>Les flux de mannitol à la période 3 pour les côlons traités avec du carprofène ou du DNP n’étaient pas significativement différents l’un de l’autre, mais étaient plus élevés que pour les témoins.</text></sentence><sentence><infon key="sentnum">10</infon><offset>-1</offset><text>Le flux de mannitol pour la période 3 pour le traitement tempol + carprofène était significativement moindre que celui des côlons traités avec DNP + tempol.</text></sentence><sentence><infon key="sentnum">11</infon><offset>-1</offset><text>La perte de cellules et des érosions furent observées dans la muqueuse des côlons traités avec du carprofène.</text></sentence><sentence><infon key="sentnum">12</infon><offset>-1</offset><text>Des dommages aux mitochondries ont été vus plus souvent dans les côlons traités avec du carprofène que ceux traités avec du DNP ou les témoins.</text></sentence><sentence><infon key="sentnum">13</infon><offset>-1</offset><text>Le prétraitement au tempol a résulté en plus de mitochondries rupturées dans les côlons traités avec du carprofène; toutefois, les autres dommages mitochondriaux n’étaient pas significativement affectés par un prétraitement au tempol autant pour les côlons traités avec du carprofène que du DNP.</text></sentence><sentence><infon key="sentnum">14</infon><offset>-1</offset><text>Un traitement avec du carprofène ou du DNP augmenta le flux de mannitol, mais le prétraitement avec du tempol a réduit l’effet du carprofène.</text></sentence><sentence><infon key="sentnum">15</infon><offset>-1</offset><text>Il est évident que des dommages mitochondriaux structuraux se produisent dans la muqueuse du côlon de chien suite à une exposition à du carprofrène ou du DNP.</text></sentence><sentence><infon key="sentnum">16</infon><offset>-1</offset><text>(Traduit par Docteur Serge Messier).</text></sentence></passage></document><document><id>doc68</id><passage><infon key="language">FR</infon><infon key="section">abstract</infon><offset>-1</offset><sentence><infon key="sentnum">0</infon><offset>-1</offset><text>Nous présentons une brûlure chimique causée par l’ail utilisé comme une médecine naturopathique antalgique du genou.</text></sentence></passage></document><document><id>doc69</id><passage><infon key="language">FR</infon><infon key="section">abstract</infon><offset>-1</offset><sentence><infon key="sentnum">0</infon><offset>-1</offset><text>Le séquençage de nouvelle génération (également désigné « séquençage à très haut débit » ou « séquençage massivement parallèle ») est un nouvel outil extrêmement puissant permettant de procéder à des diagnostics sophistiqués et d’assurer un contrôle vétérinaire intensif de maladies infectieuses complexes.</text></sentence><sentence><infon key="sentnum">1</infon><offset>-1</offset><text>Les technologies du séquençage de nouvelle génération sont également d’un grand secours pour étudier l’étiologie, la génomique, l’évolution et l’épidémiologie des maladies infectieuses ainsi que les interactions hôtes–agents pathogènes et bien d’autres aspects de la biologie des maladies infectieuses.</text></sentence><sentence><infon key="sentnum">2</infon><offset>-1</offset><text>Pour présenter les progrès et les accomplissements les plus récents dans ce domaine, les auteurs décrivent d’abord une série de techniques innovantes puis quelques exemples d’applications du séquençage de nouvelle génération dans le champ de la biologie des maladies animales infectieuses.</text></sentence><sentence><infon key="sentnum">3</infon><offset>-1</offset><text>Ils exposent un certain nombre d’étapes et de processus opérationnels régissant la sélection et la préparation des échantillons, l’analyse séquentielle et les études de génomique comparative, ainsi que ceux qui permettent d’améliorer la justesse prédictive de la génomique ; les exigences particulières de la bio-informatique sont également évoquées.</text></sentence><sentence><infon key="sentnum">4</infon><offset>-1</offset><text>Cette analyse est complétée par quelques exemples d’applications de l’analyse séquentielle et de la génomique comparative en médecine vétérinaire.</text></sentence><sentence><infon key="sentnum">5</infon><offset>-1</offset><text>Cette synthèse est basée sur une sélection de références bibliographiques récentes ainsi que sur l’expérience acquise par le Centre collaborateur de l’Organisation mondiale de la santé animale (OIE) pour le diagnostic basé sur la biotechnologie des maladies infectieuses en médecine vétérinaire, situé à Uppsala (Suède).</text></sentence></passage></document><document><id>doc70</id><passage><infon key="language">FR</infon><infon key="section">abstract</infon><offset>-1</offset><sentence><infon key="sentnum">0</infon><offset>-1</offset><text>Les chutes présentent un risque commun et grave chez une population vieillissante.</text></sentence><sentence><infon key="sentnum">1</infon><offset>-1</offset><text>Les chiropraticiens constatent habituellement directement les effets des chutes et les blessures conséquentes chez leurs patients âgés; et ils peuvent en réduire les risques grâce à un dépistage actif.</text></sentence><sentence><infon key="sentnum">2</infon><offset>-1</offset><text>Des recherches continues fournissent des méthodes vérifiées de réduction de la probabilité de chutes.</text></sentence><sentence><infon key="sentnum">3</infon><offset>-1</offset><text>Un dépistage des risques de chute doit être effectué chaque année pour tous les patients de 65 ans et plus, ou pour ceux dont l’état de santé les prédispose.</text></sentence><sentence><infon key="sentnum">4</infon><offset>-1</offset><text>Une formation professionnelle supplémentaire spécifique dans la prévention des chutes permettrait au chiropraticien de mieux aider ces patients.</text></sentence><sentence><infon key="sentnum">5</infon><offset>-1</offset><text>La collaboration et la communication avec le médecin de famille du patient offrent une occasion d’améliorer le dialogue interprofessionnel au profit de meilleurs soins prodigués au patient sur les risques de chute.</text></sentence><sentence><infon key="sentnum">6</infon><offset>-1</offset><text>Souvent les stratégies en matière de prévention des chutes sont mises en place par une équipe interprofessionnelle.</text></sentence><sentence><infon key="sentnum">7</infon><offset>-1</offset><text>Les chiropraticiens œuvrent de plus en plus au sein d’équipes multidisciplinaires.</text></sentence><sentence><infon key="sentnum">8</infon><offset>-1</offset><text>La collaboration des chiropraticiens nécessite des compétences pour de simples dépistages, ainsi que des connaissances pour s’orienter dans le système des soins de santé.</text></sentence><sentence><infon key="sentnum">9</infon><offset>-1</offset><text>De telles connaissances permettront au chiropraticien une participation optimale aux soins de son patient et l’obtention des meilleurs résultats.</text></sentence></passage></document><document><id>doc71</id><passage><infon key="language">FR</infon><infon key="section">abstract</infon><offset>-1</offset><sentence><infon key="sentnum">0</infon><offset>-1</offset><text>Les données probantes sont claires : les interventions et le soutien pendant la petite enfance ont des effets à long terme sur la santé et la situation sociale.</text></sentence><sentence><infon key="sentnum">1</infon><offset>-1</offset><text>Des mesures coordonnées s’imposent pour s’assurer que chaque enfant du Canada en tire profit.</text></sentence><sentence><infon key="sentnum">2</infon><offset>-1</offset><text>De nombreux progrès ont été réalisés pour accroître les chances que les enfants canadiens profitent d’un sain développement pendant la petite enfance, mais il reste beaucoup à faire pour qu’ils aient accès aux meilleures occasions possible.</text></sentence><sentence><infon key="sentnum">3</infon><offset>-1</offset><text>Pour que chaque enfant puisse réaliser son plein potentiel, les enfants canadiens devraient voir se concrétiser les souhaits suivants : un partage plus équitable du produit intérieur brut pour les enfants canadiens, la mise sur pied d’un système solide de la petite enfance, la désignation d’un chef de file national à l’enfance et à l’adolescence, un accent sur la prévention et l’élaboration de systèmes pour surveiller les réussites et les échecs.</text></sentence></passage></document><document><id>doc75</id><passage><infon key="language">FR</infon><infon key="section">abstract</infon><offset>-1</offset><sentence><infon key="sentnum">0</infon><offset>-1</offset><text>L’insuffisance de la recherche opérationnelle au sein des programmes et des systèmes de santé des pays à faibles ou moyens revenus provient en partie des compétences et capacités limitées à entreprendre et à publier la recherche opérationnelle dans des revues avec évaluation par des pairs.</text></sentence><sentence><infon key="sentnum">1</infon><offset>-1</offset><text>Pour répondre à ce problème, un cours comportant trois modules a été mené par l’Union Internationale Contre la Tuberculose et les Maladies Respiratoires et par Médecins sans Frontières en 2009-2010, auquel 12 personnes ont participé.</text></sentence><sentence><infon key="sentnum">2</infon><offset>-1</offset><text>Cinq d’entre elles ont bénéficié d’une formation et d’un soutien financier comme boursiers en recherche opérationnelle.</text></sentence><sentence><infon key="sentnum">3</infon><offset>-1</offset><text>Onze des 12 participants ont soumis un article à une revue avec évaluation par des pairs dans les 4 semaines qui ont suivi la fin du cours.</text></sentence><sentence><infon key="sentnum">4</infon><offset>-1</offset><text>L’évaluation montre que les participants ont poursuivi des activités de recherche opérationnelle au-delà du cours.</text></sentence><sentence><infon key="sentnum">5</infon><offset>-1</offset><text>Au cours de l’année suivante, ils ont soumis et/ou publié 19 articles et élaboré 10 posters et/ou présentations.</text></sentence><sentence><infon key="sentnum">6</infon><offset>-1</offset><text>Beaucoup ont contribué à des formations, à des suivis et/ou à la relecture d’articles.</text></sentence><sentence><infon key="sentnum">7</infon><offset>-1</offset><text>Certains ont décrit des modifications de politique et de pratique influencées par leur recherche, ainsi que des modifications dans leur approche de l’organisation de la recherche opérationnelle.</text></sentence><sentence><infon key="sentnum">8</infon><offset>-1</offset><text>Ils ont élaboré des recommandations pour améliorer et étendre la recherche opérationnelle.</text></sentence><sentence><infon key="sentnum">9</infon><offset>-1</offset><text>Nous concluons que les participants peuvent, moyennant certaines conditions de capacitation, mener des questions de recherche jusqu’à la publication, utiliser les compétences acquises pour entreprendre et promouvoir ensuite la recherche opérationnelle et contribuer à l’amélioration des politiques et des pratiques.</text></sentence><sentence><infon key="sentnum">10</infon><offset>-1</offset><text>Un réseau sur internet fournira aux participants et aux diplômés une plateforme pour la collecte des résultats du cours et un soutien, des ressources et des incitants grâce à des pairs et à des formateurs.</text></sentence></passage></document><document><id>doc76</id><passage><infon key="language">FR</infon><infon key="section">abstract</infon><offset>-1</offset><sentence><infon key="sentnum">0</infon><offset>-1</offset><text>Introduite en 2015, la gestion des événements critiques et indésirables recueillis par un système informatisé (application informatique RECI) se poursuit dans notre service, avec un intérêt constant des collaborateurs (1 événement / 100 jours d’hospitalisation, soit presque 2 événements / jour).</text></sentence><sentence><infon key="sentnum">1</infon><offset>-1</offset><text>Tous les événements sont analysés.</text></sentence><sentence><infon key="sentnum">2</infon><offset>-1</offset><text>Quelques-uns, choisis selon leur impact et leur potentiel d’amélioration pratique, sont transmis aux collaborateurs sous forme de colloques morbidité-mortalité (M</text></sentence></passage></document><document><id>doc78</id><passage><infon key="language">FR</infon><infon key="section">abstract</infon><offset>-1</offset><sentence><infon key="sentnum">0</infon><offset>-1</offset><text>L’apparition de la fragilité devient l’expression la plus problématique du vieillissement de la population.</text></sentence><sentence><infon key="sentnum">1</infon><offset>-1</offset><text>La fragilité se développe comme une conséquence du déclin lié à l’âge de nombreux systèmes physiologiques qui, ensemble, peuvent provoquer une vulnérabilité responsable de changements soudains dans l’état de santé face à des événements stressants pouvant être mineurs, conduisant le patient dans un état de dépendance fonctionnelle.</text></sentence><sentence><infon key="sentnum">2</infon><offset>-1</offset><text>C’est en amont de ces situations de dépendance fonctionnelle que la détection de la fragilité par le médecin généraliste est primordiale dans le but de tenter de comprimer la morbidité.</text></sentence><sentence><infon key="sentnum">3</infon><offset>-1</offset><text>Après une tentative de définition opérationnelle de la fragilité, cet article revoit les écueils méthodologiques, sémantiques et logistiques du dépistage de la fragilité en médecine générale.</text></sentence><sentence><infon key="sentnum">4</infon><offset>-1</offset><text>L’utilisation du concept de fragilité en médecine générale devrait permettre d’ introduire des interventions préventives précoces pour éviter les effets indésirables et les coûts en santé publique.</text></sentence></passage></document><document><id>doc83</id><passage><infon key="language">FR</infon><infon key="section">abstract</infon><offset>-1</offset><sentence><infon key="sentnum">0</infon><offset>-1</offset><text>La cholécystectomie par laparoscopie est le standard de soin en médecine humaine pour les maladies de la vésicule biliaire.</text></sentence><sentence><infon key="sentnum">1</infon><offset>-1</offset><text>Bien que rapportée peu fréquemment dans la littérature vétérinaire, la cholécystectomie par laparoscopie est une option pour les maladies non-compliquées de la vésicule biliaire chez les patients canins.</text></sentence><sentence><infon key="sentnum">2</infon><offset>-1</offset><text>Due au risque de glissement de la ligature du canal cholédoque ou au déplacement de l’agrafe, nous avons voulu explorer l’utilisation de LigaTie; un nouveau dispositif médical résorbable modélisé d’après une attache de câble.</text></sentence><sentence><infon key="sentnum">3</infon><offset>-1</offset><text>Notre objectif était de décrire l’utilisation de LigaTie dans une étude sur des cadavres de chèvres de cholécystectomies comme modèle pour des patients canins et de démontrer la pression de fuite du canal cholédoque comparativement à des cholécystectomies réalisées avec deux larges agrafes hémostatiques endoscopiques.</text></sentence><sentence><infon key="sentnum">4</infon><offset>-1</offset><text>Des échantillons de vésicules biliaires, de foies et de canal cholédoques caprins ont été prélevés.</text></sentence><sentence><infon key="sentnum">5</infon><offset>-1</offset><text>Le canal cholédoque était ligaturé avec soit deux larges agrafes hémostatiques endoscopiques ou du LigaTie.</text></sentence><sentence><infon key="sentnum">6</infon><offset>-1</offset><text>La pression maximale dans le canal cholédoque fut enregistrée.</text></sentence><sentence><infon key="sentnum">7</infon><offset>-1</offset><text>Les résultats ont montré qu’il n’y avait pas de différence statistiquement significative dans la pression maximale atteinte dans le canal cholédoque par les deux méthodes de ligature ( P = 0,865).</text></sentence><sentence><infon key="sentnum">8</infon><offset>-1</offset><text>Aucune fuite ne fut observée des sites de ligature du canal cholédoque que ce soit du groupe avec agrafes ou celui avec LigaTie.</text></sentence><sentence><infon key="sentnum">9</infon><offset>-1</offset><text>Des pressions supra-physiologiques ont été atteintes dans les deux groupes et l’occlusion de la pompe à infusion due à la haute pression a déterminé la pression intraluminale maximale atteinte.</text></sentence><sentence><infon key="sentnum">10</infon><offset>-1</offset><text>En fonction de ces résultats, le LigaTie est avantageux comme méthode chirurgicale minimalement invasive, surtout si l’on considère la ligature d’un canal cholédoque friable ou épaissi durant une cholécystectomie par laparoscopie.</text></sentence><sentence><infon key="sentnum">11</infon><offset>-1</offset><text>Des études in vivo ultérieures sont nécessaires afin de déterminer la manoeuvrabilité invasive minimale, l’interaction tissulaire, les complications et les résultats.</text></sentence><sentence><infon key="sentnum">12</infon><offset>-1</offset><text>(Traduit par Docteur Serge Messier).</text></sentence></passage></document><document><id>doc84</id><passage><infon key="language">FR</infon><infon key="section">abstract</infon><offset>-1</offset><sentence><infon key="sentnum">0</infon><offset>-1</offset><text>Les anomalies de l’arc aortique, relativement fréquentes, représentent 15 à 20 % de toutes les maladies cardiovasculaires congénitales.</text></sentence><sentence><infon key="sentnum">1</infon><offset>-1</offset><text>Elles peuvent être découvertes face à des symptômes de compression oesophagienne et/ou des voies respiratoires, tels que dysphagie, toux chronique, stridor, wheezing, voire infections respiratoires à répétition.</text></sentence><sentence><infon key="sentnum">2</infon><offset>-1</offset><text>Nous rapportons deux cas d’anomalie encerclante des arcs aortiques.</text></sentence><sentence><infon key="sentnum">3</infon><offset>-1</offset><text>Le premier patient, âgé de 3 ans, présentait, depuis l’âge de 4 mois, des symptômes respiratoires avec multiples épisodes étiquetés de laryngites et d’asthme.</text></sentence><sentence><infon key="sentnum">4</infon><offset>-1</offset><text>Le deuxième, âgé de 20 mois, présentait un stridor intermittent, de la dysphagie ainsi que des vomissements fréquents.</text></sentence><sentence><infon key="sentnum">5</infon><offset>-1</offset><text>Chez ces deux patients, le scanner cervico-thoracique démontra un arc aortique droit avec une artère sous-clavière gauche rétro-oesophagienne au départ d’un diverticule de Kommerell.</text></sentence><sentence><infon key="sentnum">6</infon><offset>-1</offset><text>Dans les deux cas, la cure chirurgicale fut suivie de la disparition des symptômes.</text></sentence><sentence><infon key="sentnum">7</infon><offset>-1</offset><text>La compréhension du développement embryologique normal et anormal des arcs aortiques, ainsi que la connaissance des manifestations cliniques des compressions vasculaires sont indispensables à leur diagnostic précoce et traitement adéquat.</text></sentence></passage></document><document><id>doc87</id><passage><infon key="language">FR</infon><infon key="section">abstract</infon><offset>-1</offset><sentence><infon key="sentnum">0</infon><offset>-1</offset><text>Un siècle et demi après sa première description, la capsulite rétractile de l’épaule n’a dévoilé qu’une partie de ses secrets.</text></sentence><sentence><infon key="sentnum">1</infon><offset>-1</offset><text>Sa définition reste clinique puisqu’on ne dispose d’aucune méthode d’imagerie suffisamment sensible et spécifique.</text></sentence><sentence><infon key="sentnum">2</infon><offset>-1</offset><text>A côté de la forme idiopathique, la plus fréquente et la mieux caractérisée, il existe une multitude de situations induisant une limitation fonctionnelle de l’articulation gléno-humérale et de son environnement.</text></sentence><sentence><infon key="sentnum">3</infon><offset>-1</offset><text>L’évolution se déroule inexorablement sur un à deux ans et comporte trois phases où dominent successivement la douleur, la rétraction puis la récupération en principe complète.</text></sentence><sentence><infon key="sentnum">4</infon><offset>-1</offset><text>Aucun traitement n’est susceptible de l’écourter.</text></sentence><sentence><infon key="sentnum">5</infon><offset>-1</offset><text>En l’absence de preuve clairement établie, l’approche thérapeutique doit être prudente et conservatrice.</text></sentence></passage></document><document><id>doc88</id><passage><infon key="language">FR</infon><infon key="section">abstract</infon><offset>-1</offset><sentence><infon key="sentnum">0</infon><offset>-1</offset><text>Le diabète sucré (DM) et le tabagisme sont des facteurs de risque de mauvais résultats dans le traitement de la tuberculose (TB).</text></sentence><sentence><infon key="sentnum">1</infon><offset>-1</offset><text>Dans un hôpital de soins tertiaires à Belgaum dans l’Etat de Karnataka en Inde du Sud, tous les patients TB âgés de ≥18 ans et diagnostiqués consécutivement entre février et septembre 2012 ont été évalués en matière de DM et de tabagisme.</text></sentence><sentence><infon key="sentnum">2</infon><offset>-1</offset><text>Sur 307 patients TB, on a trouvé un DM chez 35,5%, un tabagisme actuel chez 9,8% et chez 3,6%, à la fois un DM et un tabagisme actuel.</text></sentence><sentence><infon key="sentnum">3</infon><offset>-1</offset><text>Il est indispensable d’incorporer des mesures d’évaluation et de réaction à ces deux facteurs au cours du traitement de la TB.</text></sentence></passage></document><document><id>doc89</id><passage><infon key="language">FR</infon><infon key="section">abstract</infon><offset>-1</offset><sentence><infon key="sentnum">0</infon><offset>-1</offset><text>La télémédecine comprend différents concepts visant à supprimer la distance spatiale entre le praticien, le personnel médical et le patient.</text></sentence><sentence><infon key="sentnum">1</infon><offset>-1</offset><text>C'est une fonctionnalité qui peut inclure une simple transmission de données, mais s'étendre aussi bien au déclenchement d'alarmes ou permettre une consultation et des suggestions thérapeutiques.</text></sentence><sentence><infon key="sentnum">2</infon><offset>-1</offset><text>Une forme particulière d'application de la télémedicinal est la télésurveillance décentralisée interventionnelle.</text></sentence><sentence><infon key="sentnum">3</infon><offset>-1</offset><text>Ici, la communication médecin-patient est caractérisée par la collecte de données qui permettent du contrôler et d'optimiser le traitement.</text></sentence><sentence><infon key="sentnum">4</infon><offset>-1</offset><text>Pour identifier les indications possibles de la télésurveillance une définition détaillée des paramètres communiqués, les règles d'alarme et des algorithmes d'intervention sont nécessaires, ainsi qu'une analyse coûts-bénéfices.</text></sentence><sentence><infon key="sentnum">5</infon><offset>-1</offset><text>La qualité de l'application de la télémédecine est déterminée par la qualité médicale des actions qui en découlent.</text></sentence></passage></document><document><id>doc90</id><passage><infon key="language">FR</infon><infon key="section">abstract</infon><offset>-1</offset><sentence><infon key="sentnum">0</infon><offset>-1</offset><text>La médecine actuelle est à l’aube de changements majeurs rendus incontournables par des statistiques peu enviables.</text></sentence><sentence><infon key="sentnum">1</infon><offset>-1</offset><text>Les moteurs des changements sont externes.</text></sentence><sentence><infon key="sentnum">2</infon><offset>-1</offset><text>Ils sont au nombre de trois : le contexte économique, les rapports rendus publics sur l’inefficience et la demande croissante pour une transparence accrue, demande exprimée par les usagers, le pouvoir politique et les payeurs.</text></sentence><sentence><infon key="sentnum">3</infon><offset>-1</offset><text>Le monde médical doit impérativement se réveiller et œuvrer à une réforme de l’écosystème en santé publique.</text></sentence></passage></document><document><id>doc93</id><passage><infon key="language">FR</infon><infon key="section">abstract</infon><offset>-1</offset><sentence><infon key="sentnum">0</infon><offset>-1</offset><text>Les brûlures à la main chez les enfants sont fréquentes et graves, et nécessitent un traitement adéquat.</text></sentence><sentence><infon key="sentnum">1</infon><offset>-1</offset><text>Un aspect fondamental de ce traitement est l’évaluation de la profondeur de la brûlure, car cela détermine la stratégie chirurgicale.</text></sentence><sentence><infon key="sentnum">2</infon><offset>-1</offset><text>D’une étude rétrospective de 369 brûlures à la main admis à notre clinique, nous avons pu identifier certaines tendances.</text></sentence><sentence><infon key="sentnum">3</infon><offset>-1</offset><text>Un total de 14,91% de ces cas, avec des étiologies varies, ont nécessité une chirurgie.</text></sentence><sentence><infon key="sentnum">4</infon><offset>-1</offset><text>On a remarqué également des différences dans le nombre de jours aprés la brûlure avant l’intervention chirurgicale.</text></sentence><sentence><infon key="sentnum">5</infon><offset>-1</offset><text>Ces résultats sont revus afin d’améliorer la stratégie thérapeutique.</text></sentence></passage></document><document><id>doc95</id><passage><infon key="language">FR</infon><infon key="section">abstract</infon><offset>-1</offset><sentence><infon key="sentnum">0</infon><offset>-1</offset><text>Malgré les progrès effectués dans le domaine des traitements antirétroviraux, la prise en charge psychosociale des patients vivant avec le VIH reste complexe et nécessite une approche multidisciplinaire.</text></sentence><sentence><infon key="sentnum">1</infon><offset>-1</offset><text>Une échelle d’auto-évaluation des difficultés et besoins d’aides psychosociaux a été utilisée par une équipe d’infirmières travaillant dans une consultation ambulatoire VIH.</text></sentence><sentence><infon key="sentnum">2</infon><offset>-1</offset><text>Après 3 ans d’expérience, cet outil, très bien accepté par les patients, a permis de révéler une prévalence importante de difficultés psychosociales dans cette population, touchant notamment la santé psychique, la situation financière et la sexualité.</text></sentence><sentence><infon key="sentnum">3</infon><offset>-1</offset><text>Cet outil a permis en outre de mettre en place un certain nombre d’interventions infirmières ciblées pour améliorer la prise en charge des patients.</text></sentence></passage></document><document><id>doc96</id><passage><infon key="language">FR</infon><infon key="section">abstract</infon><offset>-1</offset><sentence><infon key="sentnum">0</infon><offset>-1</offset><text>Les symptômes neurologiques sont très courants chez les enfants ayant des problèmes limitant l’espérance de vie, et le fardeau de la maladie est difficile à prendre en charge.</text></sentence><sentence><infon key="sentnum">1</infon><offset>-1</offset><text>De plus, les symptômes neurologiques peuvent avoir des effets marqués sur la qualité de vie de l’enfant et contribuer à la détresse des parents, des familles, des soignants et des dispensateurs de soins.</text></sentence><sentence><infon key="sentnum">2</infon><offset>-1</offset><text>Il est essentiel de savoir comment prendre en charge et soulager ses symptômes pour offrir de bons soins palliatifs.</text></sentence><sentence><infon key="sentnum">3</infon><offset>-1</offset><text>Dans le présent article, les symptômes neurologiques plus courants d’agitation ou d’irritabilité, de spasticité et de dystonie sont abordés.</text></sentence><sentence><infon key="sentnum">4</infon><offset>-1</offset><text>L’analyse qui y est présentée vise à proposer une conduite de base pour déterminer et traiter ces symptômes neurologiques.</text></sentence><sentence><infon key="sentnum">5</infon><offset>-1</offset><text>Un tableau de médicaments facilite la consultation.</text></sentence><sentence><infon key="sentnum">6</infon><offset>-1</offset><text>Un bref commentaire et des conseils sur la prise en charge de la douleur sont également proposés, de même que des références vers d’autres publications.</text></sentence></passage></document></collection>