<?xml version="1.0" encoding="UTF-8"?><!DOCTYPE collection SYSTEM "BioC.dtd"><collection><source></source><date></date><key></key><document><id>doc1</id><passage><infon key="language">RO</infon><infon key="section">abstract</infon><offset>-1</offset><sentence><infon key="sentnum">0</infon><offset>-1</offset><text>Procesele biochimice de bioproducţie a radicalilor liberi (FR) cresc semnificativ în cazul pacientului critic politraumatizat.</text></sentence><sentence><infon key="sentnum">1</infon><offset>-1</offset><text>Scăderea concentraţiei plasmatice de antioxidanţi şi perturbarea echilibrului redox sunt responsabile de instalarea fenomenului numit stres oxidativ (OS).</text></sentence><sentence><infon key="sentnum">2</infon><offset>-1</offset><text>Acţiunea OS este asociată cu o serie de complicaţii secundare ce au implicaţii directe în reducerea ratei de supravieţuire, precum şi în creşterea morbidităţii.</text></sentence><sentence><infon key="sentnum">3</infon><offset>-1</offset><text>Obiectivele acestui studiu au fost de a evidenţia existenţa unor modificări umoral-biochimice/biomarkeri serici (ALT, AST, APPT, LDH, uree, leucocite, trombocite), timpul de ventilaţie mecanică, timpul de staţionare în unitatea de terapie intensivă (UTI), precum şi a mortalităţii la pacientul politraumatizat.</text></sentence><sentence><infon key="sentnum">4</infon><offset>-1</offset><text>În acest studiu retrospectiv dintr-un singur centru, au fost analizate foile de observaţie a unui număr de 64 de pacienţi politraumatizaţi internaţi în ICU „Casa Austria”.</text></sentence><sentence><infon key="sentnum">5</infon><offset>-1</offset><text>Criteriile de selecţie au fost: Injury Severity Score (ISS) Nu au fost semnalate diferenţe semnificative cu privire la datele demografice, magnitudinea sau mecanismul traumei între cele două grupuri.</text></sentence><sentence><infon key="sentnum">6</infon><offset>-1</offset><text>În comparaţie cu pacienţii din grupul Contr, pacienţii care au beneficiat de terapie antioxidantă au prezentat valori mai scăzute pentru leucocite (p = 0,0066), uree (p = 0,0076), LDH (p = 0,0238), AST (p = 0,0070) şi ALT (p La pacienţii politraumatizaţi, terapia antioxidantă prelungită aduce beneficii statusului clinic şi rezultatelor de laborator.</text></sentence></passage></document><document><id>doc2</id><passage><infon key="language">RO</infon><infon key="section">abstract</infon><offset>-1</offset><sentence><infon key="sentnum">0</infon><offset>-1</offset><text>În anestezia spinală, administrarea intratecală a fentanylului sau a morfinei ca adjuvanţi ai bupivacainei pentru operaţia cezariană este în prezent o practică comună.</text></sentence><sentence><infon key="sentnum">1</infon><offset>-1</offset><text>Totuşi este încă controversată administrarea combinaţiei de fentanyl şi morfină, ca adjuvanţi ai bupivacainei pentru operaţia cezariană de elecţie.</text></sentence><sentence><infon key="sentnum">2</infon><offset>-1</offset><text>Am pornit de la ipoteza că atâta vreme cât asocierea intratecală a fentanylului la morfină cu bupivacaină determină creşterea incidenţei efectelor secundare, nici nu îmbunătăţeşte calitatea anesteziei sau analgeziei în cazul naşterilor prin operaţie cezariană electivă.</text></sentence><sentence><infon key="sentnum">3</infon><offset>-1</offset><text>În acest studiu case-control, dublu orb femeile supuse cezarienei de elecţie au primit anestezie spinală cu fentanyl plus morfină şi bupivacaină (Grup 1) sau cu morfină şi bupivacaină (Grup 2).</text></sentence><sentence><infon key="sentnum">4</infon><offset>-1</offset><text>S-au evaluat la 4 ore scorurile de durere în repaus şi la mişcare utilizând scala analog vizuală (VAS), timpul necesar pentru instalarea blocului la T6 şi efectele secundare.</text></sentence><sentence><infon key="sentnum">5</infon><offset>-1</offset><text>Cincizeci de paciente au fost randomizate în Grupul 1 (n = 25) şi Grupul 2 (n = 25).</text></sentence><sentence><infon key="sentnum">6</infon><offset>-1</offset><text>Nu au existat diferenţe în ce priveşte media scorurilor de durere VAS în repaus sau la mişcare, între cele două grupuri.</text></sentence><sentence><infon key="sentnum">7</infon><offset>-1</offset><text>Media (SD) scorurilor de durere VAS, în repaus, la 4 ore a fost 13,2 (13,7) mm în Grupul 1 şi 12 (11,5) mm în Grupul 2 (P = 0,739).</text></sentence><sentence><infon key="sentnum">8</infon><offset>-1</offset><text>Media (SD) scorurilor de durere VAS, cu mişcare a fost în Grupul 1 de 38 (18,2) mm iar în Grupul 2 de 28,4 (12,4) mm (P = 0,349).</text></sentence><sentence><infon key="sentnum">9</infon><offset>-1</offset><text>Primul analgezic la cerere a fost solicitat la 7,34 ore în Grupul 1 şi la 7,08 ore în Grupul 2 (P = 0,749).</text></sentence><sentence><infon key="sentnum">10</infon><offset>-1</offset><text>Corespunzător, cotele de satisfacţie ale pacientelor au fost comparabile între cele două grupuri, cu o medie (SD) în Grupul 1 de 84,4 (11,11) în comparaţie cu Grupul 2 de 87,6 (9,02) (P = 0,269).</text></sentence><sentence><infon key="sentnum">11</infon><offset>-1</offset><text>Durata de instalare a blocurilor la T6 a fost similară între cele două grupuri.</text></sentence><sentence><infon key="sentnum">12</infon><offset>-1</offset><text>Incidenţa efectelor secundare a fost mai mare la Grupul 1 comparativ cu Grupul 2.</text></sentence><sentence><infon key="sentnum">13</infon><offset>-1</offset><text>Rezultatele studiului nostru au arătat că asocierea de fentanyl la amestecul de morfină şi bupivacaină nu a oferit avantaje pe termen scurt, privind analgezia postoperatorie, dar a crescut incidenţa efectelor secundare, asociate opioidelor şi astfel a ridicat costul îngrijirii populaţiei materne supuse operaţiei cezariene de elecţie.</text></sentence></passage></document><document><id>doc3</id><passage><infon key="language">RO</infon><infon key="section">abstract</infon><offset>-1</offset><sentence><infon key="sentnum">0</infon><offset>-1</offset><text>Politrauma continuă să reprezinte una din principalele cauze de deces în primele patru decenii de viaţă.</text></sentence><sentence><infon key="sentnum">1</infon><offset>-1</offset><text>Complicaţiile septice reprezintă cauzele preponderente de deces tardiv în cazul pacienţilor politraumatizaţi.</text></sentence><sentence><infon key="sentnum">2</infon><offset>-1</offset><text>Diagnosticul precoce şi tratamentul infecţiei este asociat cu o evoluţie clinică favorabilă şi o mortalitate redusă.</text></sentence><sentence><infon key="sentnum">3</infon><offset>-1</offset><text>Diferiţi biomarkeri au fost evaluaţi în scopul diagnosticului precoce al sepsisului.</text></sentence><sentence><infon key="sentnum">4</infon><offset>-1</offset><text>Indiciile actuale nu susţin un anume biomarker pentru diagnosticul complicaţiilor septice.</text></sentence><sentence><infon key="sentnum">5</infon><offset>-1</offset><text>Opţiunea pentru procalcitonină s-a dovedit utilă ca element de diagnosticare precoce a sepsisului posttraumatic.</text></sentence></passage></document><document><id>doc4</id><passage><infon key="language">RO</infon><infon key="section">abstract</infon><offset>-1</offset><sentence><infon key="sentnum">0</infon><offset>-1</offset><text>Scorurile de prognostic utilizate în Terapie Intensivă au fost dezvoltate cu scopul de a cuantifica severitatea boli şi prognosticul pacientului.</text></sentence><sentence><infon key="sentnum">1</infon><offset>-1</offset><text>Obiectivul acestui studiu a fost de a aprecia validitatea scorurile utilizate în prezent (APACHE II, SOFA şi SAPS II) în cazul pacienţilor cu şoc septic.</text></sentence><sentence><infon key="sentnum">2</infon><offset>-1</offset><text>Au fost calculate în primele 24 de ore de la internare, scorurile APACHE II, SOFA şi SAPS II pentru toţi cei 56 de pacienţi, cu şoc septic, care au fost înrolaţi prospectiv în studiu.</text></sentence><sentence><infon key="sentnum">3</infon><offset>-1</offset><text>Datele obţinute au fost evaluate statistic iar puterea de diferenţiere dintre supravieţuitori vs decedaţi a fost calculată conform curbelor ROC (receiver operating characteristic).</text></sentence><sentence><infon key="sentnum">4</infon><offset>-1</offset><text>Mortalitatea generală a celor 56 de pacienţi cu şoc septic a fost de 60,71% (34 decese).</text></sentence><sentence><infon key="sentnum">5</infon><offset>-1</offset><text>Scorul mediu APACHE II a fost de 25,36 ± 7,477, scorul mediu SOFA a fost de 7,679 ± 3,197 iar scorul mediu SAPS II de 44,45 ± 16,97.</text></sentence><sentence><infon key="sentnum">6</infon><offset>-1</offset><text>Pentru scorurile APACHE II şi SOFA diferenţele dintre supravieţuitori şi decedaţi nu au fost semnificative statistic (APACHE II: 26,76 ± 6,742 vs 23,18 ± 8,175 respectiv pentru SOFA: 8,029 ± 3,099 vs 7,136 ± 3,342).</text></sentence><sentence><infon key="sentnum">7</infon><offset>-1</offset><text>Scorurile SAPS II medii au fost în cazul decedaţilor de 49,12 ± 16,61 vs 37, 23 ± 15,20 în cazul supravieţuitorilor, cu o diferenţă semnificativă statistic între grupuri (p = 0,0092).</text></sentence><sentence><infon key="sentnum">8</infon><offset>-1</offset><text>Ariile de sub curbele ROC pentru cele trei scoruri au fost 0,622 pentru APACHE II, 0,575 pentru SAPS II şi 0,705 pentru SOFA.</text></sentence><sentence><infon key="sentnum">9</infon><offset>-1</offset><text>În studiul nostru scorul SAPS II a fost superior celorlalte scoruri în ce priveşte capacitatea de predicţie a supravieţuirii la pacientul cu şoc septic.</text></sentence></passage></document><document><id>doc5</id><passage><infon key="language">RO</infon><infon key="section">abstract</infon><offset>-1</offset><sentence><infon key="sentnum">0</infon><offset>-1</offset><text>Descriem cazurile a doi pacienţi politraumatizaţi internaţi în terapia noastră intensivă care au dezvoltat pe parcursul internării sindrom cerebral de pierdere de sare (CSWS) caracterizat prin pierdere de sare pe cale urinară, hiponatremie şi hipovolemie.</text></sentence><sentence><infon key="sentnum">1</infon><offset>-1</offset><text>Hiponatremia întâlnită în cadrul sindromului de secreţie inadecvată de hormon antidiuretic (SIADH) şi CSWS apare frecvent la pacienţii cu traumatism cerebral sever, hemoragie subarahnoidiană, tumori cerebrale, infecţii ale sistemului nervos central.</text></sentence><sentence><infon key="sentnum">2</infon><offset>-1</offset><text>CSWS a fost o surpriză la cei doi pacienţi cu traumatism craniocerebral minor.</text></sentence><sentence><infon key="sentnum">3</infon><offset>-1</offset><text>Excluderea altor cauze de hiponatremie (SIADH, insuficienţă corticosuprarenaliană secundară, disfuncţie tiroidiană) este necesară pentru stabilirea diagnosticului; tratamentul adecvat al CSWS, cu reînlocuirea pierderilor de sodiu şi apă, scade riscul de mortalitate şi morbiditate.</text></sentence><sentence><infon key="sentnum">4</infon><offset>-1</offset><text>În concluzie, CSWS trebuie să fie luat în considerare la pacienţii politraumatizaţi care au suferit traumatism cerebral minor şi prezintă hiponatremie.</text></sentence></passage></document><document><id>doc6</id><passage><infon key="language">RO</infon><infon key="section">abstract</infon><offset>-1</offset><sentence><infon key="sentnum">0</infon><offset>-1</offset><text>Pacienţii cu sindrom de apnee în somn de tip obstructiv (OSA) prezintă un risc crescut de complicaţii postoperatorii.</text></sentence><sentence><infon key="sentnum">1</infon><offset>-1</offset><text>Scopul acestui studiu a fost să înregistreze spectrul şi frecvenţa complicaţiilor postoperatorii la pacienţii cu OSA vs cei fără OSA în acord cu tipul de intervenţie chirurgicală şi de anestezie, într-o largă cohortă de pacienţi.</text></sentence><sentence><infon key="sentnum">2</infon><offset>-1</offset><text>Am derulat un studiu prospectiv şi descriptiv (n = 400).</text></sentence><sentence><infon key="sentnum">3</infon><offset>-1</offset><text>Au fost obţinute aprobarea Comitetului de Etică şi consimţământul scris, informat al pacienţilor.</text></sentence><sentence><infon key="sentnum">4</infon><offset>-1</offset><text>S-a utilizat chestionarul Berlin pentru depistarea OSA (77,2% – OSA [+]).</text></sentence><sentence><infon key="sentnum">5</infon><offset>-1</offset><text>Evenimentele adverse şi complicaţiile au fost înregistrate postoperator (OSA [+] Rata maximă de complicaţii a fost înregistrată la pacienţii care au suferit intervenţii abdominale în anestezie generală, complicaţii OSA [+] Pacienţii cu OSA care au suferit intervenţii chirurgicale abdominale în anestezie generală au avut o rată mai crescută a complicaţiilor în comparaţie cu pacienţii OSA [−] şi cu pacienţii care au suferit intervenţii chirurgicale la nivelul membrelor.</text></sentence><sentence><infon key="sentnum">6</infon><offset>-1</offset><text>Chirurgia sistemului musculoscheletal este mult mai bine tolerată de către pacienţii cu OSA, aceştia înregistrând un număr mai redus de evenimente şi complicaţii postoperatorii.</text></sentence><sentence><infon key="sentnum">7</infon><offset>-1</offset><text>Datorită acestui fapt considerăm că anestezia loco-regională reprezintă o opţiune prioritară în cazul pacienţilor cu OSA.</text></sentence></passage></document><document><id>doc7</id><passage><infon key="language">RO</infon><infon key="section">abstract</infon><offset>-1</offset><sentence><infon key="sentnum">0</infon><offset>-1</offset><text>EasyTube este un dispozitiv esofago-traheal cu dublu lumen destinat menţinerii căii aeriene care combină un tub endotraheal cu un dispozitiv supraglotic de menţinere a căii aeriene, asigurând posibilitatea ventilaţiei pacientului indiferent de modul de inserţie: traheală sau esofagiană.</text></sentence><sentence><infon key="sentnum">1</infon><offset>-1</offset><text>EasyTube poate fi inserat orb sau utilizând laringoscopia.</text></sentence><sentence><infon key="sentnum">2</infon><offset>-1</offset><text>Indicaţia principală a acestui dispozitiv o constituie calea aeriană dificilă în urgenţă, atât în prespital cât şi în situaţiile intraspitaliceşti.</text></sentence><sentence><infon key="sentnum">3</infon><offset>-1</offset><text>Acest articol şi-a propus să treacă în revistă stadiul actual al cunoaşterii în ceea ce priveşte utilizarea clinică a dispozitivului EasyTube.</text></sentence></passage></document><document><id>doc8</id><passage><infon key="language">RO</infon><infon key="section">abstract</infon><offset>-1</offset><sentence><infon key="sentnum">0</infon><offset>-1</offset><text>Scopul studiului este influenţa tipului de opioid, remifentanil vs sufentanil TCI, asupra profilului hemodinamic în chirurgia colorectală.</text></sentence><sentence><infon key="sentnum">1</infon><offset>-1</offset><text>60 de pacienţi ASA I-III supuşi chirurgiei colorectale au fost randomizaţi în două loturi: lotul R (remifentanil) (n = 30) a inclus pacienţi supuşi TIVA-TCI cu propofol-remifentanil şi lotul S (sufentanil) (n = 30) a inclus pacienţi supuşi TIVA-TCI cu propofol-sufentanil.</text></sentence><sentence><infon key="sentnum">2</infon><offset>-1</offset><text>Modificările tensiunii arteriale medii (TAM) şi ale frecvenţei cardiace (FC) au fost urmărite atât pe parcursul inducţiei cât şi al menţinerii anesteziei.</text></sentence><sentence><infon key="sentnum">3</infon><offset>-1</offset><text>Răspunsul la intubaţia orotraheală a fost evaluat prin modificările FC, TAM, indexului bispectral (BIS), transpiraţie, lăcrimare şi tuse.</text></sentence><sentence><infon key="sentnum">4</infon><offset>-1</offset><text>Pe parcursul menţinerii anesteziei a fost înregistrat numărul de ajustări ale concentraţiei plasmatice (Cp) ale propofolului şi opioidului.</text></sentence><sentence><infon key="sentnum">5</infon><offset>-1</offset><text>Timpul de trezire apreciat ca timpul scurs între sfârşitul intervenţiei chirurgicale şi extubarea fost de asemenea evaluat.</text></sentence><sentence><infon key="sentnum">6</infon><offset>-1</offset><text>TAM şi FC, exprimate ca arie de sub curbă (AUC), nu au prezentat diferenţe semnificative între grupuri pe parcursul anesteziei.</text></sentence><sentence><infon key="sentnum">7</infon><offset>-1</offset><text>În timpul inducţiei anestezice, TAM a scăzut semnificativ faţă de valoarea de referinţă la ambele loturi de studiu (p Remifentanil TCI şi sufentanil TCI au asigurat o bună stabilitate hemodinamică în chirurgia colorectală, însă sufentanil TCI a fost asociat cu o scădere mai redusă a TAM şi FC în cursul inducţiei anesteziei şi a necesitat un număr mai mic de ajustări ale Cp pe tot parcursul anesteziei.</text></sentence></passage></document><document><id>doc9</id><passage><infon key="language">RO</infon><infon key="section">abstract</infon><offset>-1</offset><sentence><infon key="sentnum">0</infon><offset>-1</offset><text>Noile modele de servicii medicale propun o varietate de modificări pentru anestezişti, de la nevoia de a îmbunătăţi calitatea serviciilor la restrângerea costurilor, dezvoltând astfel conceptul de “Perioperative Surgical Home” (PSH).</text></sentence><sentence><infon key="sentnum">1</infon><offset>-1</offset><text>Creat după modelul intensificării recuperării postoperatorii (ERAS), conceptul de PSH face un pas mai departe şi propune ca îngrijirea coordonată a pacientului, începută o dată cu decizia intervenţiei chirurgicale, să continue timp de 30 de zile postoperator, şi să fie precedată de o judicioasă evaluare preoperatorie bazată pe dovezile stabilite în literatura de specialitate.</text></sentence><sentence><infon key="sentnum">2</infon><offset>-1</offset><text>PSH se bazează de asemenea în mare măsură pe ingineriile de strategie importate, cum ar fi metodologiile Lean Six Sigma, şi astfel implică participarea activă a tuturor organizaţiilor administrative interesate direct.</text></sentence><sentence><infon key="sentnum">3</infon><offset>-1</offset><text>Prin comparaţie, ERAS reprezintă o sumă de protocoale clinice bine definite care nu se referă şi la perioada care depăşeşte episodul intervenţiei chirurgicale.</text></sentence><sentence><infon key="sentnum">4</infon><offset>-1</offset><text>Ca un beneficiu adiţional PSH determină o îmbunătăţire a controlului costurilor prin scăderea testelor care nu sunt necesare şi a contramandărilor de intervenţii chirurgicale determinând astfel un acces sporit în sălile de operaţii pentru pacienţii internaţi.</text></sentence></passage></document><document><id>doc10</id><passage><infon key="language">RO</infon><infon key="section">abstract</infon><offset>-1</offset><sentence><infon key="sentnum">0</infon><offset>-1</offset><text>Constatăm o prevalenţă crescută a sindromului de apnee în somn de tip obstructiv (OSA) la pacienţii chirurgicali obezi.</text></sentence><sentence><infon key="sentnum">1</infon><offset>-1</offset><text>Am studiat în ce măsură măsurătorile antropometrice pot fi utilizate cu scopul identificării OSA semnificativ (Index de Apnee/Hipopnee (AHI ≥ 20) la pacienţii adulţi chirurgicali.</text></sentence><sentence><infon key="sentnum">2</infon><offset>-1</offset><text>Am studiat în mod prospectiv 1357 de pacienţi adulţi programaţi pentru chirurgie bariatrică laparoscopică.</text></sentence><sentence><infon key="sentnum">3</infon><offset>-1</offset><text>S-au înregistrat preoperator: indicele de masă corporală (BMI), sexul, circumferinţa gâtului, scorul STOP-Bang, SpO Au fost înregistraţi un total de 1357 pacienţi din care 345 au efectuat polisomnografie preoperatorie, iar 190 au avut AHI ≥ 20/h şi au fost supuşi terapiei APAP.</text></sentence><sentence><infon key="sentnum">4</infon><offset>-1</offset><text>Noul scor RX dual – sindrom de apnee în somn de tip obstructiv (DX-OSA) a fost elaborat prin utilizarea datelor măsurate la aceşti pacienţi.</text></sentence><sentence><infon key="sentnum">5</infon><offset>-1</offset><text>Scorul a inclus 6 criterii: scorul STOP-Bang, BMI, grăsimea gâtului, grăsimea trunchiului, valoarea SpO Scorul DX-OSA ar putea fi util pentru identificarea pacienţilor obezi cu OSA semnificativ care necesită CPAP (presiune pozitivă continuă în căile aeriene).</text></sentence><sentence><infon key="sentnum">6</infon><offset>-1</offset><text>Astfel CPAP ar putea fi demarat fără a mai efectua polisomnografia şi fără a mai întârzia intervenţia chirurgicală.</text></sentence></passage></document><document><id>doc11</id><passage><infon key="language">RO</infon><infon key="section">abstract</infon><offset>-1</offset><sentence><infon key="sentnum">0</infon><offset>-1</offset><text>Ultrasonografia cardiopulmonară ţintită în anestezie (FUSA) poate reprezenta atât un instrument diagnostic şi procedural, cât şi un instrument de monitorizare care este de real folos în îngrijirea perioperatorie a pacienţilor chirurgicali.</text></sentence><sentence><infon key="sentnum">1</infon><offset>-1</offset><text>Utilizarea acestei metode este recomandată în practica anestezică şi de terapie intensivă.</text></sentence><sentence><infon key="sentnum">2</infon><offset>-1</offset><text>Deşi în prezent există bariere semnificative în utilizarea mai largă a metodei, dovezile privind utilitatea acesteia continuă să apară, astfel încât să asistăm la stabilirea ei ca standard de îngrijire în perioada perioperatorie.</text></sentence><sentence><infon key="sentnum">3</infon><offset>-1</offset><text>În prezent, cele mai frecvente aplicaţii ale FUSA sunt reprezentate de ghidarea şi descrierea şocului perioperator (cord pulmonar acut, insuficienţă ventriculară stângă, tamponadă cardiacă şi hipovolemie), precum şi de insuficienţa respiratorie acută (pneumotorace, edem pulmonar acut, colecţii pleurale masive, atelectazii masive).</text></sentence><sentence><infon key="sentnum">4</infon><offset>-1</offset><text>Acurateţea înaltă a diagnosticului în toate aceste situaţii clinice face importantă utilizarea FUSA în perioada perioperatorie.</text></sentence><sentence><infon key="sentnum">5</infon><offset>-1</offset><text>Mai mult decât atât, FUSA are aplicaţii şi în alte sfere ale practicii anestezice, precum managementul căii aeriene şi evaluarea conţinutului gastric în urgenţele chirurgicale.</text></sentence></passage></document><document><id>doc12</id><passage><infon key="language">RO</infon><infon key="section">abstract</infon><offset>-1</offset><sentence><infon key="sentnum">0</infon><offset>-1</offset><text>În lumea secolului XXI interacţiunile om-robot nu apar aşa cum au fost prevăzute de Asimov în 1942.</text></sentence><sentence><infon key="sentnum">1</infon><offset>-1</offset><text>De fapt, acestea sunt mult mai complicate.</text></sentence><sentence><infon key="sentnum">2</infon><offset>-1</offset><text>În locul roboţilor „simţitori” care să lucreze alături de noi în situaţii dificile, viitorul acestor interacţiuni include hibrizi om-robot cu o fiziologie complexă, lucrând integrat pentru obţinerea unei performanţe fiziologice umane primare superioare.</text></sentence><sentence><infon key="sentnum">3</infon><offset>-1</offset><text>Această performanţă poate fi descrisă ca o „singularitate” biologică.</text></sentence><sentence><infon key="sentnum">4</infon><offset>-1</offset><text>Susţinem că acest tip de Singularitate nu poate fi obţinut prin utilizarea tehnologiilor biologice actuale, iar fiziologia om-robot va trebui integrată pentru ca Singularitatea să fie obţinută.</text></sentence><sentence><infon key="sentnum">5</infon><offset>-1</offset><text>În scopul depăşirii dificultăţilor impuse de noua fiziologie om-robot, avem de identificat mai întâi un model funcţional dintre cele utilizate în prezent.</text></sentence><sentence><infon key="sentnum">6</infon><offset>-1</offset><text>Odată identificat, acest model poate reprezenta baza de studiu, creare, expansiune şi optimizare a fiziologiei hibride om-robot.</text></sentence><sentence><infon key="sentnum">7</infon><offset>-1</offset><text>Această lucrare prezintă şi argumentează faptul că în prezent acest model hibrid (propus să se numească „IshBot”) poate fi studiat cel mai bine cu ajutorul dispozitivelor de asistare ventriculară – VAD.</text></sentence></passage></document><document><id>doc13</id><passage><infon key="language">RO</infon><infon key="section">abstract</infon><offset>-1</offset><sentence><infon key="sentnum">0</infon><offset>-1</offset><text>Expunerea la mercur reprezintă o problemă de mediu actuală, care îngrijorează populaţia din întreaga lume.</text></sentence><sentence><infon key="sentnum">1</infon><offset>-1</offset><text>Emisiile industriale, care conţin mercur, anumite tipuri de produse farmaceutice sau cosmetice sunt surse de expunere pentru intoxicaţia cu mercur.</text></sentence><sentence><infon key="sentnum">2</infon><offset>-1</offset><text>În România, precum şi în multe alte ţări, o cauză suplimentară a intoxicaţiei cu mercur este reprezentată de numeroase ritualuri oculte, în cadrul cărora este practicată ingestia de lichide ce conţin mercur.</text></sentence><sentence><infon key="sentnum">3</infon><offset>-1</offset><text>Prezentăm cazul unei paciente de 28 de ani, transferată în departamentul nostru pentru parestezii bucale, vertij şi sialoree, apărute după ingestia a 100 ml de mercur în timpul unui ritual ocult.</text></sentence><sentence><infon key="sentnum">4</infon><offset>-1</offset><text>După decontaminarea gastrointestinală, care a inclus lavaj gastric, administrarea de cărbune activat şi laxative, statusul clinic a fost favorabil, astfel încât la 48 de ore de la internare pacienta a fost externată.</text></sentence><sentence><infon key="sentnum">5</infon><offset>-1</offset><text>Această prezentare de caz subliniază importanţa decontaminării digestive precoce în cazul intoxicaţiei cu mercur şi riscurile ingestiei de mercur în cadrul diverselor rituale oculte.</text></sentence></passage></document><document><id>doc14</id><passage><infon key="language">RO</infon><infon key="section">abstract</infon><offset>-1</offset><sentence><infon key="sentnum">0</infon><offset>-1</offset><text>În acest studiu ne-am propus să evaluăm conectivitatea frontală intracorticală în timpul anesteziei profunde (
   burst suppression).</text></sentence><sentence><infon key="sentnum">1</infon><offset>-1</offset><text>Experimentele s-au desfăşurat pe şobolani adulţi Sprague Dawlei, în număr de 5.</text></sentence><sentence><infon key="sentnum">2</infon><offset>-1</offset><text>Anestezia a fost indusă şi menţinută cu izofluran.</text></sentence><sentence><infon key="sentnum">3</infon><offset>-1</offset><text>După inducţia anesteziei şobolanul a fost plasat într-un stereotax şi s-a efectuat o gaură de trepan deasupra cortexului frontal prin care au fost introduşi electrozii pentru înregistrarea potenţialelor de câmp.</text></sentence><sentence><infon key="sentnum">4</infon><offset>-1</offset><text>Şobolanii au fost menţinuţi în anestezie profundă (
   burst suppression).</text></sentence><sentence><infon key="sentnum">5</infon><offset>-1</offset><text>Pentru evaluarea conectivităţii corticale am folosit coerenţa spectrală.</text></sentence><sentence><infon key="sentnum">6</infon><offset>-1</offset><text>Conectivitatea frontală intracorticală a fost calculată în timpul perioadelor de Conectivitatea corticală globală (0,5–100 Hz) a fost de 0,61 ± 0,078 în timpul perioadelor de 
   burst în comparaţie cu 0,55 ± 0,032 în timpul perioadelor de „supresie” (p Conectivitatea corticală a crescut în timpul perioadelor de 
   burst în comparaţie cu perioadele de non-</text></sentence></passage></document><document><id>doc15</id><passage><infon key="language">RO</infon><infon key="section">abstract</infon><offset>-1</offset><sentence><infon key="sentnum">0</infon><offset>-1</offset><text>Inhibitorii recaptării de serotonină şi noradrenalină sunt antidepresanţi larg utilizaţi în prezent datorită unei bune toleranţe şi a efectelor secundare reduse.</text></sentence><sentence><infon key="sentnum">1</infon><offset>-1</offset><text>Două medicamente din această clasă, duloxetina şi venlafaxina, sunt de asemenea utilizate în terapia durerii cronice.</text></sentence><sentence><infon key="sentnum">2</infon><offset>-1</offset><text>Această analiză prezintă datele recente privind efectele duloxetinei asupra sistemului nervos central, legate de tratamentul durerii acute şi eficienţa sa în reducerea durerii cronice postoperatorii.</text></sentence><sentence><infon key="sentnum">3</infon><offset>-1</offset><text>Eficacitatea terapeutică a duloxetinei rezultă din efectul său modulator asupra căilor descendente inhibitorii ale durerii şi de asemenea prin inhibiţia accentuată a aferenţelor nociceptive.</text></sentence><sentence><infon key="sentnum">4</infon><offset>-1</offset><text>Efectul analgezic al duloxetinei a fost confirmat de o serie de studii dar sunt necesare studii viitoare randomizate care să clarifice eficienţa duloxetinei în tratamentul durerii acute postoperatorii şi mai departe asupra durerii cronice postoperatorii.</text></sentence></passage></document><document><id>doc16</id><passage><infon key="language">RO</infon><infon key="section">abstract</infon><offset>-1</offset><sentence><infon key="sentnum">0</infon><offset>-1</offset><text>Studii sistematice pe animale au arătat că există două reflexe suplimentare ale căii aeriene pe lângă reflexul de tuse.</text></sentence><sentence><infon key="sentnum">1</infon><offset>-1</offset><text>Reflexul de aspiraţie (AspR) este caracterizat printr-o inspiraţie rapidă şi puternică (“gasp-like”) provocată de stimularea nazofaringelui, filtrului nazal sau a pavilionului urechii.</text></sentence><sentence><infon key="sentnum">2</infon><offset>-1</offset><text>Reflexul expirator (ExpR) se manifestă printr-o expiraţie promptă indusă de stimularea laringiană.</text></sentence><sentence><infon key="sentnum">3</infon><offset>-1</offset><text>Ambele reflexe activează puternic centrii respiratori care generează inspiraţia, respectiv expiraţia, inhibând reflexul opus precum şi alte variate tulburări funcţionale.</text></sentence><sentence><infon key="sentnum">4</infon><offset>-1</offset><text>Această lucrare semnalează câteva tulburări funcţionale care apar pe parcursul manipulării instrumentale a căii aeriene în timpul practicii anestezice şi care pot fi influenţate pozitiv sau negativ prin aplicarea acestor reflexe particulare (asfixia, apneea voluntară, laringospasmul, bronhospasmul, episoadele de apnee de somn, aritmii, colaps etc.).</text></sentence><sentence><infon key="sentnum">5</infon><offset>-1</offset><text>AspR, ExpR şi reflexul de tuse au o importanţă particulară în practica anestezică şi în medicina de urgenţă, cu aplicabilitate şi în terapia la domiciliu, chiar şi în locuri aflate la distanţă mai mare de spital, prin utilizarea unei legături telefonice mobile cu pacientul.</text></sentence></passage></document><document><id>doc17</id><passage><infon key="language">RO</infon><infon key="section">abstract</infon><offset>-1</offset><sentence><infon key="sentnum">0</infon><offset>-1</offset><text>Lucrarea îşi propune să sublinieze importanţa examenului preanestezic, decisiv în acest caz în descoperirea unei patologii rare, cu potenţial letal, determinând o cascadă de explorări paraclinice, care au condus la stabilirea diagnosticului şi modificarea conduitei terapeutice.</text></sentence><sentence><infon key="sentnum">1</infon><offset>-1</offset><text>Pacientă în vârstă de 21 de ani, internată pentru fractură de gleznă dreaptă, cu ECG normal, fără alte comorbidităţi şi simptomatologie minimă relatată după un interogatoriu insistent, la examenul clinic prezintă un suflu sistolo-diastolic gradul V pe toată aria toracică anterioară.</text></sentence><sentence><infon key="sentnum">2</infon><offset>-1</offset><text>Concluziile coronarografiei şi ale cateterismului cardiac: fistulă coronariană, şunt stânga-dreapta semnificativ hemodinamic.</text></sentence><sentence><infon key="sentnum">3</infon><offset>-1</offset><text>Cazul prezentat confirmă că examenul clinic preanestezic reprezintă un gold standard, orice pacient tânăr, aparent sănătos, putând ascunde o problemă serioasă medicală.</text></sentence></passage></document><document><id>doc18</id><passage><infon key="language">RO</infon><infon key="section">abstract</infon><offset>-1</offset><sentence><infon key="sentnum">0</infon><offset>-1</offset><text>Cardiomiopatia Takotsubo este o disfuncţie hemodinamică rareori întâlnită, de curând semnalată în perioada perioperatorie.</text></sentence><sentence><infon key="sentnum">1</infon><offset>-1</offset><text>Deşi criteriile pentru diagnostic au fost stabilite iar evoluţia este considerată ca fiind favorabilă, mecanismul fiziopatologic este încă insuficient cunoscut.</text></sentence><sentence><infon key="sentnum">2</infon><offset>-1</offset><text>Prezentăm cazul unei paciente operate laparoscopic pentru histerectomie şi anexectomie, care a dezvoltat imediat postoperator o cardiomiopatie Takotsubo, declanşată cel mai probabil de o criză hipertensivă acută consecutivă unei supraîncărcări lichidiene intraoperatorii.</text></sentence></passage></document><document><id>doc19</id><passage><infon key="language">RO</infon><infon key="section">abstract</infon><offset>-1</offset><sentence><infon key="sentnum">0</infon><offset>-1</offset><text>Cercetările ultimilor 20 de ani s-au axat pe studiul fiziopatologiei traumei şi consecinţelor pe termen scurt şi lung ale acesteia.</text></sentence><sentence><infon key="sentnum">1</infon><offset>-1</offset><text>Au existat o serie de teorii diferite privind factorii asociaţi cu morbiditatea şi mortalitatea crescută la pacienţii cu politraumă.</text></sentence><sentence><infon key="sentnum">2</infon><offset>-1</offset><text>Odată ce a fost acceptat modelul bifazic, a devenit evident că pacienţii, deşi resuscitaţi iniţial corect, se găsesc într-o condiţie de maximă vulnerabilitate şi există un risc crescut ca o nouă agresiune (de ex.</text></sentence><sentence><infon key="sentnum">3</infon><offset>-1</offset><text>, intervenţii chirurgicale) să precipite apariţia unui sindrom inflamator exagerat şi apariţia MODS precoce.</text></sentence><sentence><infon key="sentnum">4</infon><offset>-1</offset><text>Obiectivul acestui studiu este analiza fenomenului “second hit”, respectiv a consecinţelor clinice ale intervenţiilor chirurgicale ortopedice precoce posttraumatic.</text></sentence><sentence><infon key="sentnum">5</infon><offset>-1</offset><text>Studiul retrospectiv a inclus pacienţi politraumatizaţi având în bilanţul lezional fractură de diafiză femurală, admişi în secţia de Terapie Intensivă a Spitalului Clinic de Urgenţă Bucureşti pe o perioadă de 2 ani.</text></sentence><sentence><infon key="sentnum">6</infon><offset>-1</offset><text>La toţi pacienţii s-a practicat osteosinteza fracturii de femur în primele 24 de ore de la internare fie prin fixare externă (principiul Damage Control Orthopaedics), fie prin osteosinteză internă cu tijă centromedulară (principiul Early Total Care).</text></sentence><sentence><infon key="sentnum">7</infon><offset>-1</offset><text>Utilizând fişele pacienţilor, au fost urmărite: mortalitatea la 30 de zile, apariţia sindromului de detresă respiratorie (ARDS), a sindromului de disfuncţie multiplă de organ (MODS), a complicaţiilor infecţioase locale (LIC), durata de şedere în reanimare (ICU LOS), numărul de zile de ventilaţie mecanică (MV), necesarul transfuzional în primele 48 de ore.</text></sentence><sentence><infon key="sentnum">8</infon><offset>-1</offset><text>Am decis să analizăm rezultatele pe trei grupuri de pacienţi – grupul pacienţilor DCO cu şoc, DCO fără şoc şi grupul ETC.</text></sentence><sentence><infon key="sentnum">9</infon><offset>-1</offset><text>Am observat diferenţe semnificative statistic între loturi în ceea ce priveşte mortalitatea la 30 de zile (25% în grupul DCO cu şoc faţă de 9,4% în grupul ETC, respectiv 6,7% în grupul DCO fără şoc; p = 0,042/0,015), durata de şedere în terapie (16,29 ± 6,7 faţă de 9,92 ± 4,7, respectiv 10 ± 3,9; p = 0,001/0,002), numărul de zile de ventilaţie mecanică (10,29 ± 5,7 faţă de 6,83 ± 4,7, respectiv 6,8 ± 3,4; p = 0,007/0,04), precum şi numărul de unităţi de masă eritrocitară administrate în primele 48 de ore (15,04 ± 4,3 faţă de 8,08 ± 4,3, respectiv 7,33 ± 1,5; p = 0,001/0,001).</text></sentence><sentence><infon key="sentnum">10</infon><offset>-1</offset><text>Incidenţa MODS şi ARDS a fost de asemenea mai mare în grupul DCO cu şoc (41,7%, respectiv 29,2%) faţă de grupul ETC (22,6%, respectiv 17%) şi faţă de grupul DCO fără şoc (20%, respectiv 20%).</text></sentence><sentence><infon key="sentnum">11</infon><offset>-1</offset><text>Rezultatele se corelează cu o gravitate mai mare a bilanţului lezional.</text></sentence><sentence><infon key="sentnum">12</infon><offset>-1</offset><text>Analiza comparativă a celor două grupuri de pacienţi relativ stabili (ETC şi DCO fără şoc) a arătat rezultate comparabile.</text></sentence><sentence><infon key="sentnum">13</infon><offset>-1</offset><text>Incidenţa complicaţiilor infecţioase locale a fost semnificativ mai mare la pacienţii cu fixator extern (8,3%, respectiv 6,7%) faţă de grupul ETC (1,9%; p = 0,18/0,009).</text></sentence><sentence><infon key="sentnum">14</infon><offset>-1</offset><text>În cazul pacientului politraumatizat stabil, resuscitat corect, osteosinteza internă cu tijă centromedulară reprezintă o opţiune corectă de tratament.</text></sentence><sentence><infon key="sentnum">15</infon><offset>-1</offset><text>Nu s-au înregistrat diferenţe semnificative din punct de vedere al parametrilor evaluaţi la cele două tipuri de proceduri (ETC şi DCO) aplicate pacienţilor relativ stabili.</text></sentence></passage></document><document><id>doc20</id><passage><infon key="language">RO</infon><infon key="section">abstract</infon><offset>-1</offset><sentence><infon key="sentnum">0</infon><offset>-1</offset><text>Să evalueze condiţia bazală a pacienţilor la momentul sosirii în unitatea de îngrijire postoperatorie (UIP) ca o metodă de apreciere a calităţii anesteziei şi pentru a stabili un model pentru comparaţii ulterioare.</text></sentence><sentence><infon key="sentnum">1</infon><offset>-1</offset><text>Studiu prospectiv observaţional.</text></sentence><sentence><infon key="sentnum">2</infon><offset>-1</offset><text>Spital universitar terţiar – unitate de îngrijiri postoperatorii (UIP) chirurgicală.</text></sentence><sentence><infon key="sentnum">3</infon><offset>-1</offset><text>Toţi pacienţii (n = 11 241) internaţi în UIP după intervenţii chirurgicale elective.</text></sentence><sentence><infon key="sentnum">4</infon><offset>-1</offset><text>S-au colectat datele clinice, semnele vitale şi parametrii de confort de la pacienţii chirurgicali care au fost internaţi în UIP.</text></sentence><sentence><infon key="sentnum">5</infon><offset>-1</offset><text>Au fost determinate frecvenţa, distribuţia şi incidenţa pentru fiecare parametru.</text></sentence><sentence><infon key="sentnum">6</infon><offset>-1</offset><text>Incidenţa efectelor secundare asociate cu anestezia (hipoxia, extremităţi reci, frison şi/sau vărsătura) a fost de 5%.</text></sentence><sentence><infon key="sentnum">7</infon><offset>-1</offset><text>Incidenţa apariţiei greţurilor, gât iritat, cefaleei şi/sau a pruritului a fost de 9%.</text></sentence><sentence><infon key="sentnum">8</infon><offset>-1</offset><text>Gâtul iritat a apărut la 4,8% din pacienţii care au fost intubaţi, la 4% după masca laringiană şi la 3,6% din cei la care nu a fost manipulată calea aeriană.</text></sentence><sentence><infon key="sentnum">9</infon><offset>-1</offset><text>Nu au prezentat dureri (VAS 0) 48% din pacienţi, 31% au prezentat scoruri scăzute de durere (VAS 1–3), 16% au avut dureri moderate (VAS 4–6), iar 5% au acuzat dureri intense (VAS 7–10).</text></sentence><sentence><infon key="sentnum">10</infon><offset>-1</offset><text>Din totalul pacienţilor studiaţi, 97,5% au fost normotermici (35–37,3°C), 77% au prezentat frecvenţă cardiacă normală (60–100 bătăi/minut) şi 74% au înregistrat o tensiune arterială sistolică normală (90–140 mmHg).</text></sentence><sentence><infon key="sentnum">11</infon><offset>-1</offset><text>În cazul celor la care s-au utilizat relaxante musculare s-au observat semne moderate de curarizare reziduală (2 din 3 criterii pozitive) la 1% din cazuri, iar la 22,4% s-au observat semne clinice uşoare de curarizare reziduală (1 din 3).</text></sentence><sentence><infon key="sentnum">12</infon><offset>-1</offset><text>Aceste determinări au fost înregistrate pentru toţi pacienţii independent de administrarea antagonizării blocului neuromuscular.</text></sentence><sentence><infon key="sentnum">13</infon><offset>-1</offset><text>În comparaţie cu datele publicate în literatură raportăm o incidenţă şi severitate mai redusă a efectelor secundare postanestezice, măsurate ca valori bazale la internarea în UIP.</text></sentence><sentence><infon key="sentnum">14</infon><offset>-1</offset><text>Datele bazale înregistrate pot servi ca referinţă pentru intervenţii ce îşi propun să îmbunătăţească calitatea serviciilor anestezice, care ar putea fi evaluate în cercetări ulterioare.</text></sentence></passage></document><document><id>doc21</id><passage><infon key="language">RO</infon><infon key="section">abstract</infon><offset>-1</offset><sentence><infon key="sentnum">0</infon><offset>-1</offset><text>Răspunsul inflamator asociat sepsisului sever şi şocului septic este responsabil pentru disfuncţiile multiple de organ întâlnite în această patologie.</text></sentence><sentence><infon key="sentnum">1</infon><offset>-1</offset><text>Până în prezent, niciuna din terapiile existente nu şi-a dovedit eficienţa în modularea şi rebalansarea răspunsului imun.</text></sentence><sentence><infon key="sentnum">2</infon><offset>-1</offset><text>Prezentăm cazul unui pacient în vârstă de 50 ani cu şoc septic postoperator (duodeno-pancreatectomie cefalică pentru tumoră chistică pancreatică).</text></sentence><sentence><infon key="sentnum">3</infon><offset>-1</offset><text>Utilizarea filtrelor de hemoadsorbţie (CytoSorb</text></sentence></passage></document><document><id>doc22</id><passage><infon key="language">RO</infon><infon key="section">abstract</infon><offset>-1</offset><sentence><infon key="sentnum">0</infon><offset>-1</offset><text>Problematica aplicării procedurilor de hemodiafiltrare intraoperatorie versus postoperatorie este controversată şi face obiectul a numeroase studii de specialitate.</text></sentence><sentence><infon key="sentnum">1</infon><offset>-1</offset><text>Am descris efectele iniţierii precoce a hemodiafiltrării în cazul unui pacient în vârstă de 50 de ani, cu diabet zaharat de tip 2, non-insulino-dependent care sa prezentat cu sindrom Leriche, tromboză de aortă abdominală, ocluzie de trunchi celiac şi de artere mezenterice şi ischemie severă la nivelul membrelor inferioare.</text></sentence><sentence><infon key="sentnum">2</infon><offset>-1</offset><text>Pacientul a fost propus pentru bypass aortobifemural şi aorto-mezenteric, iar hemofiltrarea a fost demarată intraoperator utilizând un aparat Prismaflex prevăzut cu filtru tip Oxiris şi continuată apoi timp de 48 de ore în terapie intensivă.</text></sentence><sentence><infon key="sentnum">3</infon><offset>-1</offset><text>Rata de filtrare utilizată a fost de 25 ml/kg/h, ultrafiltrat de 50 ml/h şi un timp de clampare aortic de 2 ore.</text></sentence><sentence><infon key="sentnum">4</infon><offset>-1</offset><text>Am obţinut îmbunătăţirea postoperatorie a parametrilor biochimici (enzime de citoliză, acid lactic) şi a funcţiei renale, iar evoluţia pacientului a fost favorabilă.</text></sentence><sentence><infon key="sentnum">5</infon><offset>-1</offset><text>În concluzie, aplicarea procedurii de hemodiafiltrare precoce, intraoperator, în cazul acestui pacient, a fost benefică, cu suprimarea mecanismelor fiziopatologice care ar fi putut determina insuficienţa multiplă de organ.</text></sentence></passage></document><document><id>doc23</id><passage><infon key="language">RO</infon><infon key="section">abstract</infon><offset>-1</offset><sentence><infon key="sentnum">0</infon><offset>-1</offset><text>Detubarea accidentală în cursul intervenţiei chirurgicale reprezintă pentru fiecare anestezist o provocare, în special în chirurgia orală.</text></sentence><sentence><infon key="sentnum">1</infon><offset>-1</offset><text>Asigurarea definitivă a căii aeriene pentru această perioadă nu este doar crucială şi salvatoare de viaţă, dar şi provocatoare pentru medicul curant.</text></sentence><sentence><infon key="sentnum">2</infon><offset>-1</offset><text>Prezentăm un caz care s-a detubat în cursul unei hemimandibulectomii şi a fost reintubat cu succes cu utilizarea videolaringoscopului King Vision.</text></sentence><sentence><infon key="sentnum">3</infon><offset>-1</offset><text>Acest videolaringoscop s-a dovedit un bun dispozitiv de rezolvare a situaţiilor de detubare accidentală în cursul intervenţiilor chirurgicale oro-faciale şi ar putea reprezenta un mijloc util de rezolvare a acestor situaţii de excepţie.</text></sentence></passage></document><document><id>doc24</id><passage><infon key="language">RO</infon><infon key="section">abstract</infon><offset>-1</offset><sentence><infon key="sentnum">0</infon><offset>-1</offset><text>Prezentăm cazul clinic al unui bărbat în vârstă de 53 de ani şi de 128 kg, care a fost programat pentru o intervenţie chirurgicală de gastrectomie longitudinală.</text></sentence><sentence><infon key="sentnum">1</infon><offset>-1</offset><text>A fost încercată intubaţia oro-traheală asistată de videolaringoscop (GlideScope – Verathron).</text></sentence><sentence><infon key="sentnum">2</infon><offset>-1</offset><text>În ciuda repoziţionării capului şi gâtului şi a manipulării externe a laringelui, două tentative de ridicare a epiglotei s-au soldat cu eşec.</text></sentence><sentence><infon key="sentnum">3</infon><offset>-1</offset><text>Un dispozitiv supraglotic i-gel (Intersurgical, Wokingham, Berkshire, United Kingdom) a fost aplicat eficient asigurându-se astfel oxigenarea normală şi ventilaţia pacientului în modul pressure-controlled.</text></sentence><sentence><infon key="sentnum">4</infon><offset>-1</offset><text>Un cateter de intubaţie Aintree (AIC, Cook Medical, USA), preîncărcat pe un bronhoscop fibrooptic pediatric (FOB), a fost avansat de-a lungul dispozitivului i-gel.</text></sentence><sentence><infon key="sentnum">5</infon><offset>-1</offset><text>După vizualizarea fibrooptică a corzilor vocale, AIC şi FOB au fost introduse cu succes în trahee, ulterior plasându-se şi sonda de intubaţie.</text></sentence><sentence><infon key="sentnum">6</infon><offset>-1</offset><text>În concluzie, dispozitivul i-gel este util, atât ca substituent în cazul intubaţiei eşuate cât şi ca ghid în vederea unei intubaţii fibrooptice consecutive.</text></sentence></passage></document><document><id>doc25</id><passage><infon key="language">RO</infon><infon key="section">abstract</infon><offset>-1</offset><sentence><infon key="sentnum">0</infon><offset>-1</offset><text>Acest studiu pilot a avut ca obiectiv stabilirea influenţei flebotomiei iatrogene asupra valorii hemoglobinei a pacienţilor critici din secţia noastră.</text></sentence><sentence><infon key="sentnum">1</infon><offset>-1</offset><text>Au fost înrolaţi prospectiv un număr de 35 de pacienţi care nu s-au prezentat la internare cu hemoragie sau au prezentat un episod hemoragic în timpul internării.</text></sentence><sentence><infon key="sentnum">2</infon><offset>-1</offset><text>Pentru fiecare pacient am documentat: diagnosticul, vârsta, sexul, hemoglobina şi hematocritul la internare, volumul de sânge recoltat în fiecare zi alături de numărul de recoltări, bilanţul hidric, numărul de zile de internare, scorul SOFA şi APACHE.</text></sentence><sentence><infon key="sentnum">3</infon><offset>-1</offset><text>Datele au fost analizate folosind modelul de regresie liniară, testul t, curbe ROC precum şi analiză statistică descriptivă.</text></sentence><sentence><infon key="sentnum">4</infon><offset>-1</offset><text>Softul folosit pentru analiza statistică a fost SPSS v.17 trial version (IBM, NY, USA).</text></sentence><sentence><infon key="sentnum">5</infon><offset>-1</offset><text>Volumul mediu de sânge recoltat per zi a fost de 18,1 (SD ± 14,4) ml şi numărul de recoltări per zi a fost de 3,8 (SD ± 1,75).</text></sentence><sentence><infon key="sentnum">6</infon><offset>-1</offset><text>Folosind modelul de regresie liniară, atât volumul de sânge recoltat per zi (p = 0,04) cât şi numărul de recoltări per zi (p = 0,009) s-au corelat cu o scădere a valorii medii a hemoglobinei.</text></sentence><sentence><infon key="sentnum">7</infon><offset>-1</offset><text>Diferenţa între valoarea hemoglobinei la internare şi externare s-a corelat statistic cu mortalitatea (p = 0,03).</text></sentence><sentence><infon key="sentnum">8</infon><offset>-1</offset><text>Valoarea hemoglobinei la internare asociată cu o creştere a mortalităţii a fost de 10,6 g/dl având o specificitate de 50% şi sensibilitate 82,4% (p = 0,019, AUC = 73,2%).</text></sentence><sentence><infon key="sentnum">9</infon><offset>-1</offset><text>Studiul de faţă demonstrează influenţa flebotomiei iatrogene asupra valorii hemoglobinei la pacienţii critici.</text></sentence><sentence><infon key="sentnum">10</infon><offset>-1</offset><text>În afara obiectivului primar al studiului valoarea hemoglobinei la internare s-a corelat cu o creştere a mortalităţii.</text></sentence><sentence><infon key="sentnum">11</infon><offset>-1</offset><text>Având în vedere numărul de recoltări per zi la pacienţii critici precum şi asocierea anemiei cu o mortalitate crescută, este necesară restricţia acestor teste la numărul minim necesar ghidării terapiei.</text></sentence></passage></document><document><id>doc26</id><passage><infon key="language">RO</infon><infon key="section">abstract</infon><offset>-1</offset><sentence><infon key="sentnum">0</infon><offset>-1</offset><text>Indexul de risc al donatorului (DRI, Donor Risk Index) a devenit principalul scor utilizat la nivel mondial în alocarea grefelor hepatice.</text></sentence><sentence><infon key="sentnum">1</infon><offset>-1</offset><text>Scopul principal al studiului a fost de a evalua influenţa calităţii grefei hepatice măsurată prin DRI, TIR (timpul de ischemie rece), TIC (timpul de ischemie caldă), vârsta donatorului asupra hemodinamicii intraoperatorii (sindromul de reperfuzie) şi rezultatele precoce postoperatorii, definite ca proastă funcţionalitate primară a grefei (în primele 3 zile de la transplantul hepatic) la pacienţii primitori de transplant hepatic de la donatori decedaţi.</text></sentence><sentence><infon key="sentnum">2</infon><offset>-1</offset><text>Scopul secundar a fost de a aprecia impactul calităţii grefei asupra hemostazei intraoperatorii şi din ziua 1 postoperator (evaluare ROTEM).</text></sentence><sentence><infon key="sentnum">3</infon><offset>-1</offset><text>Au fost analizate retrospectiv datele obţinute de la 135 de pacienţi, care au fost supuşi transplantului hepatic de la donator decedat în perioada ianuarie 2013 – decembrie 2014.</text></sentence><sentence><infon key="sentnum">4</infon><offset>-1</offset><text>Au fost luate în calcul următoarele: date demografice (vârstă, sex, cauza patologiei hepatice terminale), date paraclinice preoperatorii (bilirubină totală, creatinină, sodiu seric), scorurile severităţii patologiei hepatice (Model for End-Stage Liver Disease – MELD, MEDL-sodium), hemoragia intraoperatorie şi transfuziile de produse sangvine, incidenţa sindromului de reperfuzie, date biochimice postoperatorii (inclusiv bilirubina totală, transaminaze hepatice, niveluri de lactat) şi rezultate (diagnosticul precoce de nefuncţionalitate a grefei).</text></sentence><sentence><infon key="sentnum">5</infon><offset>-1</offset><text>Caracteristicile donatorilor au fost notate, inclusiv DRI, TIR, TIC.</text></sentence><sentence><infon key="sentnum">6</infon><offset>-1</offset><text>Coagularea a fost apreciată prin tromboelastometrie rotaţională (ROTEM) după reperfuzia grefei şi în ziua 1 postoperator, cu scopul de a determina efectele calităţii grefei hepatice asupra hemostazei.</text></sentence><sentence><infon key="sentnum">7</infon><offset>-1</offset><text>Vârsta donatorului s-a corelat semnificativ cu parametrii scăzuţi derivaţi ROTEM: timpul de velocitate maximă de formare a trombului – MaxVt (p = 0,000), aria sub curbă – AUC (p = 0,008) şi elasticitatea maximă a cheagului – MCE (p = 0,018), deşi nu s-au observat diferenţe semnificative statistic privind necesitatea de transfuzie.</text></sentence><sentence><infon key="sentnum">8</infon><offset>-1</offset><text>Durata TIR a fost direct proporţională cu nivelurile ALAT şi ASAT din perioada postoperatorie precoce: în ziua 1 ALAT (p = 0,032) şi ASAT (p = 0,008), în ziua 2 ALAT (p = 0,001) şi ASAT (p = 0,001), în ziua 3 ALAT (p = 0,001) şi ASAT (p = 0,010).</text></sentence><sentence><infon key="sentnum">9</infon><offset>-1</offset><text>Nivelurile înalte de DRI s-au corelat cu niveluri înalte de bilirubină cuantificate în ziua 1 postoperator (p = 0,027) şi ziua 2 postoperator (p = 0,001).</text></sentence><sentence><infon key="sentnum">10</infon><offset>-1</offset><text>Pacienţii care au dezvoltat iniţial funcţionalitate scăzută a grefei au fost aceia care au beneficiat de grefe hepatice de la donatori cu vârste avansate (p = 0,05) cu valori DRI mai ridicate (p = 0,002).</text></sentence><sentence><infon key="sentnum">11</infon><offset>-1</offset><text>Rezultatele acestui studiu sugerează un impact semnificativ al vârstei donatorilor şi al DRI asupra cineticii coagulării, care ar putea determina funcţionalitate iniţială scăzută a grefei.</text></sentence><sentence><infon key="sentnum">12</infon><offset>-1</offset><text>Deşi TIR şi DRI s-au corelat semnificativ statistic cu severitatea colestazei şi a hepatocitolizei în perioada postoperatorie precoce, aceste rezultate par a nu influenţa supravieţuirea grefei sau a pacienţilor pe termen scurt.</text></sentence></passage></document><document><id>doc27</id><passage><infon key="language">RO</infon><infon key="section">abstract</infon><offset>-1</offset><sentence><infon key="sentnum">0</infon><offset>-1</offset><text>Formatorul din învăţământul medical trebuie să facă faţă unei noi provocări: folosirea simulatoarelor medicale în scopuri educative.</text></sentence><sentence><infon key="sentnum">1</infon><offset>-1</offset><text>Utilizarea simulatoarelor medicale pare atrăgătoare atât pentru student cât şi pentru formator, dar preţurile simulatoarelor pot fi prohibitive.</text></sentence><sentence><infon key="sentnum">2</infon><offset>-1</offset><text>Într-o epocă a resurselor limitate este obligatoriu ca folosirea unor instrumente atât de scumpe să îşi demonstreze beneficiile.</text></sentence><sentence><infon key="sentnum">3</infon><offset>-1</offset><text>Deşi simularea oferă oportunitatea pentru formare, avantajele suplimentare sunt departe de a fi stabilite.</text></sentence><sentence><infon key="sentnum">4</infon><offset>-1</offset><text>Presupusele beneficii ale folosirii simulatoarelor medicale trebuie să fie demonstrate ţinând cont de două aspecte: eficacitate şi eficienţă.</text></sentence></passage></document><document><id>doc28</id><passage><infon key="language">RO</infon><infon key="section">abstract</infon><offset>-1</offset><sentence><infon key="sentnum">0</infon><offset>-1</offset><text>Analgezia bazată pe opioide continuă să reprezinte principala intervenţie farmacologică în tratamentul durerii acute şi a celei neoplazice atât în cazul pacienţilor spitalizaţi, cât şi în ambulator.</text></sentence><sentence><infon key="sentnum">1</infon><offset>-1</offset><text>Utilizarea crescândă a opioidelor în cazul pacienţilor cu durere cronică non-neoplazică a devenit problematică.</text></sentence><sentence><infon key="sentnum">2</infon><offset>-1</offset><text>Tratamentul cu opioide se complică prin prezenţa riscurilor efectelor adverse, în special al disfuncţiei cognitive, depresiei respiratorii, dar şi de riscul toleranţei, abuzului şi interacţiunilor medicamentoase.</text></sentence><sentence><infon key="sentnum">3</infon><offset>-1</offset><text>În ciuda creşterii numărului de opioide din ultimii ani, lipsesc studiile despre rotaţia acestora, iar informaţia existentă este neştiinţifică.</text></sentence><sentence><infon key="sentnum">4</infon><offset>-1</offset><text>Acest articol face o trecere în revistă a dovezilor clinice care se referă la rotaţia de la buprenorfina cu absorbţie transdermică la tapentadol în durerea canceroasă şi noncanceroasă.</text></sentence><sentence><infon key="sentnum">5</infon><offset>-1</offset><text>Tapentadolul acţionează atât pe receptorii μ de opioide (MOR) cât şi asupra recaptării neuronale de noradrenalină cu acţiune limitată în tratamentul durerii acute, iar buprenorfina este un agonist-antagonist, ambele preparate prezentând o serie de avantaje asupra celorlalte opioide.</text></sentence><sentence><infon key="sentnum">6</infon><offset>-1</offset><text>Ambele posedă caracteristici farmacodinamice şi farmacocinetice care reduc riscul dezvoltării toleranţei, a abuzului de opioide, diversiunii şi determină mai puţine modificări hormonale raportat la „opioidele clasice”, devenind mai atractive pentru tratamentul de lungă durată cu această clasă de preparate.</text></sentence><sentence><infon key="sentnum">7</infon><offset>-1</offset><text>Cu toate acestea, în absenţa studiilor cu putere statistică, dovezile care susţin trecerea de la buprenorfina transdermică la tapantadol sunt insuficiente.</text></sentence></passage></document><document><id>doc29</id><passage><infon key="language">RO</infon><infon key="section">abstract</infon><offset>-1</offset><sentence><infon key="sentnum">0</infon><offset>-1</offset><text>Formularul de verificare al Organizaţiei Mondiale a Sănătăţii pentru siguranţa pacientului, utilizat în cazul intervenţiilor chirurgicale, este un instrument universal care s-a dovedit că ajută la reducerea morbidităţii şi mortalităţii, augmentând siguranţa pacientului; totuşi, simpla implementare a formularului poate să nu însemne implicit utilizarea acestuia în mod curent.</text></sentence><sentence><infon key="sentnum">1</infon><offset>-1</offset><text>Ne-am propus să evaluăm gradul de completare a acestui formular şi să căutăm problemele legate de complianţă în implementare şi de metode de îmbunătăţire a acestora.</text></sentence><sentence><infon key="sentnum">2</infon><offset>-1</offset><text>În iulie 2015, la Spitalul de copii din Braşov s-a demarat înregistrarea datelor privind complianţa pentru fiecare din componentele formularului de verificare a siguranţei în domeniul chirurgical.</text></sentence><sentence><infon key="sentnum">3</infon><offset>-1</offset><text>Timp de zece zile s-au urmărit 40 de intervenţii chirurgicale, s-au colectat date legate de specialitatea chirurgicală, numărul zilnic de intervenţii chirurgicale, numărul de persoane prezent în sala de operaţie precum şi de tipul intervenţiei: de elecţie sau de urgenţă.</text></sentence><sentence><infon key="sentnum">4</infon><offset>-1</offset><text>La sfârşitul celor 10 zile, prin chestionare adresate către 15 membri din colectivul clinicii, s-au solicitat opinii legate de formularul de verificare.</text></sentence><sentence><infon key="sentnum">5</infon><offset>-1</offset><text>Analiza datelor s-a realizat utilizând testul Chi-patrat, iar un p Nici un formular de verificare din foile de observaţie ale pacienţilor nu a fost completat în întregime; totuşi, componente din acest formular au fost puse în aplicare în proporţie de 55%.</text></sentence><sentence><infon key="sentnum">6</infon><offset>-1</offset><text>Procentul de completare a formularului nu s-a corelat cu numărul personalului din sala de operaţie, specialitatea chirurgicală, sau cu tipul de intervenţie chirurgicală, de elecţie sau de urgenţă.</text></sentence><sentence><infon key="sentnum">7</infon><offset>-1</offset><text>Succesul implementării acestui formular depinde de capacitatea personalului de a-şi îmbunătăţi cunoaştinţele şi complianţa.</text></sentence><sentence><infon key="sentnum">8</infon><offset>-1</offset><text>Nu se poate considera că introducerea formularului de verificare va conduce automat la obţinerea de rezultate superioare.</text></sentence><sentence><infon key="sentnum">9</infon><offset>-1</offset><text>Pentru a asigura şi îmbunătăţi complianţa, comunicarea cu personalul este esenţială.</text></sentence></passage></document><document><id>doc30</id><passage><infon key="language">RO</infon><infon key="section">abstract</infon><offset>-1</offset><sentence><infon key="sentnum">0</infon><offset>-1</offset><text>Acest articol abordează subiectul tratamentului inutil în cazul pacienţilor în stare extrem de gravă, fără speranţă de recuperare.</text></sentence><sentence><infon key="sentnum">1</infon><offset>-1</offset><text>Subiectul are faţete multiple care includ principiile etice de evitare a tratamentului inutil, dar şi impactul economic şi logistic al tratării pacienţilor care nu au şanse reale de a beneficia de rezultatul aplicării tratamentului.</text></sentence><sentence><infon key="sentnum">2</infon><offset>-1</offset><text>Articolul prezintă cazul unui pacient în vârstă de 75 de ani aflat într-un stadiu avansat de boală Alzheimer, cu tabloul clinic de abdomen acut chirurgical, şi discută două alternative de abordare terapeutică ale acestui caz.</text></sentence><sentence><infon key="sentnum">3</infon><offset>-1</offset><text>Primul scenariu se referă la tratamentul intensiv al acestui pacient, incluzând laparotomia de urgenţă şi internarea în terapie intensivă, scenariu care nu prezintă şanse reale de a salva viaţa pacientului.</text></sentence><sentence><infon key="sentnum">4</infon><offset>-1</offset><text>Cel mai favorabil rezultat în acest caz ar putea fi reprezentat de întoarcerea pacientului la starea sa mentală anterioară, fără a fi conectat la realitate şi mediul înconjurător, şi cu o permanentă nevoie de asistenţă şi supraveghere.</text></sentence><sentence><infon key="sentnum">5</infon><offset>-1</offset><text>Cea de a doua opţiune este reprezentată de alegerea de a lăsa pacientul să se stingă cu demnitate, fără dureri şi înconjurat de familie.</text></sentence><sentence><infon key="sentnum">6</infon><offset>-1</offset><text>Este luat în discuţie rolul medicului de familie şi al familiei, sunt prezentate de asemenea câteva principii etice, cu scopul de a accentua importanţa eludării tratamentului inutil în cazul pacientului terminal.</text></sentence></passage></document><document><id>doc31</id><passage><infon key="language">RO</infon><infon key="section">abstract</infon><offset>-1</offset><sentence><infon key="sentnum">0</infon><offset>-1</offset><text>În ciuda largii lor utilizări pentru sedare şi anestezie, emulsiile de propofol au câteva inconveniente nerezolvate, care includ durerea la injectare, probleme legate de stabilitate şi de susceptibilitatea de a favoriza dezvoltarea bacteriană.</text></sentence><sentence><infon key="sentnum">1</infon><offset>-1</offset><text>Durerea pe care o provoacă injectarea de propofol a fost atribuită concentraţiei libere de propofol din sânge, care poate fi diferită de la un preparat la altul.</text></sentence><sentence><infon key="sentnum">2</infon><offset>-1</offset><text>Emulsiile sunt prin definiţie forme chimice instabile şi sunt predispuse la diverse forme de destabilizare, însă mecanismul acestei destabilizări poate fi variabil, în funcţie de forma farmaceutică şi/sau lotul de fabricaţie.</text></sentence><sentence><infon key="sentnum">3</infon><offset>-1</offset><text>Concentraţia liberă de propofol şi stabilitatea emulsiei în loturi diferite de emulsii de propofol nu a fost larg studiată până la această dată.</text></sentence><sentence><infon key="sentnum">4</infon><offset>-1</offset><text>Verificarea faptului că variabilitatea de la un lot la altul a emulsiei de propofol poate reprezenta un factor care contribuie la determinarea durerii la injectare sau a instabilităţii emulsiei ne va ajuta să apreciem mai corect cauzele şi va ghida spre eventuale noi formule de preparare a propofolului.</text></sentence><sentence><infon key="sentnum">5</infon><offset>-1</offset><text>Au fost comparate câteva mostre de emulsie de propofol 1% din diferite loturi de fabricaţie.</text></sentence><sentence><infon key="sentnum">6</infon><offset>-1</offset><text>Concentraţia liberă de propofol a fost determinată utilizând o metodă de echilibrare de tip dializă.</text></sentence><sentence><infon key="sentnum">7</infon><offset>-1</offset><text>Stabilitatea emulsiei a fost evaluată prin observaţie macroscopică, măsurând distribuţia picăturilor şi polidispersia de-a lungul depozitării, pe o perioadă de 21 de luni.</text></sentence><sentence><infon key="sentnum">8</infon><offset>-1</offset><text>Au fost observate mici diferenţe de concentraţie a propofolului între mostrele analizate (10,6–16,7 μg/ml), dar aceste diferenţe nu au fost semnificative statistic (p De la un lot la altul, variabilitatea produsului nu a afectat semnificativ concentraţia liberă de propofol sau stabilitatea preparatelor.</text></sentence><sentence><infon key="sentnum">9</infon><offset>-1</offset><text>Dacă durerea de injectare la propofol este legată de fapt de concentraţia liberă de propofol, atunci este puţin probabil ca variabilitatea loturilor să determine modificări în durerea determinată de injectarea de propofol.</text></sentence></passage></document><document><id>doc32</id><passage><infon key="language">RO</infon><infon key="section">abstract</infon><offset>-1</offset><sentence><infon key="sentnum">0</infon><offset>-1</offset><text>Am descris cazul unui adult în vârstă de 19 ani cu o fractură de radius drept, supus intervenţiei de reducere deschisă a fracturii şi fixare internă, datorită deplasării fragmentelor osoase.</text></sentence><sentence><infon key="sentnum">1</infon><offset>-1</offset><text>Pacientul a fost operat în anestezie combinată generală şi bloc de plex brahial în abord supraclavicular.</text></sentence><sentence><infon key="sentnum">2</infon><offset>-1</offset><text>Postoperator, pacientul a prezentat o durere disproporţionat de intensă în ciuda unui bloc anestezic, motor şi senzitiv deplin instalat.</text></sentence><sentence><infon key="sentnum">3</infon><offset>-1</offset><text>La inspecţie, antebraţul era edemaţiat, sensibil şi s-a constatat absenţa pulsului radial.</text></sentence><sentence><infon key="sentnum">4</infon><offset>-1</offset><text>La reexplorarea chirurgicală a fost evacuat un hematom voluminos rezultat prin hemostaza primară incompletă.</text></sentence><sentence><infon key="sentnum">5</infon><offset>-1</offset><text>Evoluţia ulterioară a fost fără sechele.</text></sentence><sentence><infon key="sentnum">6</infon><offset>-1</offset><text>Particularitatea acestui caz este dată de prezenţa durerii disproporţionate cu distribuţie ciudată la nivelul antebraţului în prezenţa unui bloc anestezic complet instalat.</text></sentence><sentence><infon key="sentnum">7</infon><offset>-1</offset><text>Sindromul de compartiment a fost diagnosticat pe baza semnelor şi simptomelor clinice în decurs de două ore de la administrarea blocului.</text></sentence><sentence><infon key="sentnum">8</infon><offset>-1</offset><text>Tratamentul corespunzător a condus la un rezultat satisfăcător.</text></sentence></passage></document><document><id>doc33</id><passage><infon key="language">RO</infon><infon key="section">abstract</infon><offset>-1</offset><sentence><infon key="sentnum">0</infon><offset>-1</offset><text>Scorurile de risc şi prognostic cuantifică riscul de deces sau complicaţie a pacientului pe baza severităţii bolilor.</text></sentence><sentence><infon key="sentnum">1</infon><offset>-1</offset><text>Obiectivul acestui studiu a constat în evaluarea acurateţei predictive a scorurilor O-POSSUM vs ASA şi APACHE II la pacienţii supuşi chirurgiei esofagiene.</text></sentence><sentence><infon key="sentnum">2</infon><offset>-1</offset><text>În acest studiu observaţional, retrospectiv au fost înrolaţi 55 de pacienţi care au necesitat intervenţii chirurgicale de rezecţie şi reconstrucţie esofagiană pentru stenoze de etiologie neoplazică în Clinicile Chirurgie I şi II ale Spitalului Clinic Judeţean de Urgenţă Tîrgu Mureş în perioada 2011 – ianuarie 2014.</text></sentence><sentence><infon key="sentnum">3</infon><offset>-1</offset><text>Am calculat mortalitatea predictivă potrivit scorurilor de prognostic O-POSSUM, ASA şi APACHE II şi am corelato cu evoluţia postoperatorie a pacienţilor.</text></sentence><sentence><infon key="sentnum">4</infon><offset>-1</offset><text>Evaluarea capacităţii discriminatorii a celor trei scoruri s-a realizat utilizând curbele ROC (receiver-operating characteristic).</text></sentence><sentence><infon key="sentnum">5</infon><offset>-1</offset><text>În funcţie de valoarea de cutoff aferentă fiecărui scor, am comparat curbele de supravieţuire Kaplan Meier pe perioada internării.</text></sentence><sentence><infon key="sentnum">6</infon><offset>-1</offset><text>Analiza curbelor ROC a arătat o mai bună capacitate discriminatorie în ceea ce priveşte mortalitatea pentru O-POSSUM (AUC = 0,73 pentru O-POSSUM, AUC = 0,57 pentru APACHE II şi AUC = 0,64 pentru ASA) (p Scorul O-POSSUM a prezentat cea mai bună capacitate de discriminare în predicţia mortalităţii la pacienţii supuşi chirurgiei esofagiene.</text></sentence></passage></document><document><id>doc34</id><passage><infon key="language">RO</infon><infon key="section">abstract</infon><offset>-1</offset><sentence><infon key="sentnum">0</infon><offset>-1</offset><text>În practica modernă, ghidajul ultrasonografic în timp real este frecvent utilizat pentru cateterismul venei jugulare interne.</text></sentence><sentence><infon key="sentnum">1</infon><offset>-1</offset><text>Concomitent cu introducerea acestei noi abordări apare şi necesitatea de a optimiza imaginea ultrasonografică în cursul cateterismului venei jugulare interne.</text></sentence><sentence><infon key="sentnum">2</infon><offset>-1</offset><text>Am descris tehnica de acces a venei jugulare interne cu vizualizarea în ax longitudinal ca pe o alternativă la abordarea în ax transversal, utilizată de regulă pentru canularea venei jugulare interne.</text></sentence><sentence><infon key="sentnum">3</infon><offset>-1</offset><text>Abordul ultrasonoghidat în ax longitudinal pentru cateterismul venei jugulare interne reprezintă o tehnică alternativă ce permite atât vizualizarea acului, cât şi a ghidului metalic, spre deosebire de tehnica clasică de vizualizare ultrasonografică în ax transversal.</text></sentence></passage></document><document><id>doc35</id><passage><infon key="language">RO</infon><infon key="section">abstract</infon><offset>-1</offset><sentence><infon key="sentnum">0</infon><offset>-1</offset><text>În ultima decadă posibilităţile de monitorizare hemodinamică au evoluat enorm şi s-au rafinat tehnic urmând noul tip de abordare clinică prin care s-a renunţat la evaluarea statică în favoarea conceptului dinamic de definire a statusului hemodinamic.</text></sentence><sentence><infon key="sentnum">1</infon><offset>-1</offset><text>Astfel, în practica clinică au intrat tot mai multe metode de monitorizare hemodinamică bazate pe analiza curbei presiunii arteriale (ACPA), unele dintre acestea necesitând o calibrare iniţială, altele nu, multe dintre aceste metode fiind minim-invazive sau chiar noninvazive.</text></sentence><sentence><infon key="sentnum">2</infon><offset>-1</offset><text>În această lucrare am explicat principiile de funcţionare ale acestor noi tehnici de monitorizare şi am analizat în mod sistematic avantajele precum şi limitele acestora, cu un accent special pe fiabilitatea noilor metode în măsurarea unor parametri uzuali precum volumul bătaia şi debitul cardiac, dar şi în măsurarea unor parametri dinamici ai predicţiei răspunsului debitului cardiac la administrarea de volum.</text></sentence><sentence><infon key="sentnum">3</infon><offset>-1</offset><text>De asemenea, am analizat sistematic şi rolul noilor metode ACPA în strategiile de optimizare hemodinamică adresate pacientului de chirurgie cardiacă.</text></sentence><sentence><infon key="sentnum">4</infon><offset>-1</offset><text>În conformitate cu datele din cele trei studii randomizate de optimizare perioperatorie publicate până în prezent şi în care s-au utilizat metode de monitorizare bazate pe tehnologia APCA (2 studii cu PiCCO şi unul cu FloTrac/Vigileo), utilizarea acestei tehnologii în protocoalele respective nu a diminuat mortalitatea pacienţilor de chirurgie cardiacă, ci a produs doar o scădere a perioadei de ventilaţie mecanică postoperatorie, precum şi a duratei şederii în terapie intensivă şi în spital.</text></sentence></passage></document><document><id>doc36</id><passage><infon key="language">RO</infon><infon key="section">abstract</infon><offset>-1</offset><sentence><infon key="sentnum">0</infon><offset>-1</offset><text>În domeniul anesteziei şi terapiei intensive, sistemele de eliberare controlată capabile să livreze constant anestezicul local au devenit de interes datorită avantajelor aduse în special în managementul durerii.</text></sentence><sentence><infon key="sentnum">1</infon><offset>-1</offset><text>În această lucrare dorim să prezentăm profilurile de eliberare din matrice siloxanice a două anestezice des utilizate, lidocaină şi bupivacaină.</text></sentence><sentence><infon key="sentnum">2</infon><offset>-1</offset><text>Analizele experimentale au fost efectuate pe sisteme 
   in vitro.</text></sentence><sentence><infon key="sentnum">3</infon><offset>-1</offset><text>Matricele siloxanice au fost obţinute în concordanţă cu metodele descrise în literatura de specialitate.</text></sentence><sentence><infon key="sentnum">4</infon><offset>-1</offset><text>Pentru sinteza acestora s-au utilizat tetraetoxisilan (TEOS) şi tetrametoxisilan (TMOS) ca precursori.</text></sentence><sentence><infon key="sentnum">5</infon><offset>-1</offset><text>În gelurile astfel sintetizate, s-au înglobat lidocaină şi bupivacaină.</text></sentence><sentence><infon key="sentnum">6</infon><offset>-1</offset><text>Pentru analiza eliberării de anestezice sau realizat sisteme artificiale 
   in vitro, la care s-a variat temperatura (30°C, 36.5°C, 40°C) şi pH-ul (6, 7, 8).</text></sentence><sentence><infon key="sentnum">7</infon><offset>-1</offset><text>În urma analizelor sistemelor artificiale obţinute, au fost evidenţiate profiluri de eliberare asemănătoare pentru ambele anestezice.</text></sentence><sentence><infon key="sentnum">8</infon><offset>-1</offset><text>Au fost identificate diferenţe semnificative statistic pentru sistemele la care eliberarea s-a realizat la temperaturi mai mari de 36.5°C (p În urma acestui studiu experimental s-a evidenţiat că pH-ul, tipul de precursor sau tipul de anestezic local imobilizat nu influenţează semnificativ statistic capacitatea de eliberare.</text></sentence><sentence><infon key="sentnum">9</infon><offset>-1</offset><text>În concluzie, putem afirma că aceste sisteme sunt promiţătoare pentru obţinerea de preparate farmaceutice care pot fi utilizate cu succes în practica clinică curentă.</text></sentence><sentence><infon key="sentnum">10</infon><offset>-1</offset><text>Totuşi, trebuie efectuate o serie de studii cu privire la eliberarea controlată de compuşi biologic activi din matricele siloxanice atât pentru sisteme 
   in vitro, cât şi pentru sisteme</text></sentence></passage></document><document><id>doc37</id><passage><infon key="language">RO</infon><infon key="section">abstract</infon><offset>-1</offset><sentence><infon key="sentnum">0</infon><offset>-1</offset><text>Rezultatele studiilor experimentale efectuate pe creierele imature ale unor animale au arătat un efect neurotoxic secundar sedării şi administrării de anestezie generală.</text></sentence><sentence><infon key="sentnum">1</infon><offset>-1</offset><text>Un grad similar de neurotoxicitate a fost sugerat dar nu a fost demonstrat în cazul nou-născuţilor, sugarilor şi copiilor mici care au primit anestezie.</text></sentence><sentence><infon key="sentnum">2</infon><offset>-1</offset><text>Există în prezent o îngrijorare crescândă şi justificată privind administrarea anesteziei generale la pacienţii pediatrici.</text></sentence></passage></document><document><id>doc38</id><passage><infon key="language">RO</infon><infon key="section">abstract</infon><offset>-1</offset><sentence><infon key="sentnum">0</infon><offset>-1</offset><text>Scopul acestui studiu a fost determinarea unei relaţii între nivelul arterial al lactatului şi evoluţia postoperatorie a pacienţilor transplantaţi hepatic: apariţia complicaţiilor, durata internării pe secţia de terapie intensivă şi mortalitatea.</text></sentence><sentence><infon key="sentnum">1</infon><offset>-1</offset><text>Concentraţia arterială a lactatului a fost măsurată la sfârşitul intervenţiei chirurgicale la 48 de pacienţi (dintre care 30 bărbaţi şi 18 femei) supuşi transplantului cu ficat întreg de la donator aflat în moarte cerebrală, în perioada iunie 2013 – decembrie 2013.</text></sentence><sentence><infon key="sentnum">2</infon><offset>-1</offset><text>S-au înregistrat date demografice, de laborator precum şi evoluţia postoperatorie şi complicaţiile apărute.</text></sentence><sentence><infon key="sentnum">3</infon><offset>-1</offset><text>Vârsta medie a fost de 51,14 ani (16–62).</text></sentence><sentence><infon key="sentnum">4</infon><offset>-1</offset><text>Etiologia afectării hepatice a variat: infecţiile virale (VHB şi VHC), ciroza alcoolică, hepatocarcinomul precum şi alte cauze rare (boala Wilson) au fost întâlnite.</text></sentence><sentence><infon key="sentnum">5</infon><offset>-1</offset><text>Durata medie a intervenţiei chirurgicale a fost de 407 minute (240–580).</text></sentence><sentence><infon key="sentnum">6</infon><offset>-1</offset><text>Nivelul mediu al lactatului a fost de 2,77 mmol/l (0,8–7,9) şi a crescut peste valoarea normală de 1,5 mmol/l la 33 (68,75%) dintre pacienţi.</text></sentence><sentence><infon key="sentnum">7</infon><offset>-1</offset><text>Durata internării pe secţia de terapie intensivă a fost prelungită la pacienţii cu nivelul lactatului Concentraţia lactatului la sfârşitul intervenţiei chirurgicale de transplant hepatic a fost asociată cu sângerarea intraoperatorie, creşterea duratei de staţionare în secţia de terapie intensivă şi creşterea mortalităţii.</text></sentence></passage></document><document><id>doc39</id><passage><infon key="language">RO</infon><infon key="section">abstract</infon><offset>-1</offset><sentence><infon key="sentnum">0</infon><offset>-1</offset><text>Endarterectomia carotidiană a fost extensiv utilizată pentru tratamentul chirurgical al stenozelor de carotidă şi poate fi efectuată în anestezie generală sau loco-regională.</text></sentence><sentence><infon key="sentnum">1</infon><offset>-1</offset><text>Cel mai mare risc al endarterectomiei carotidiene sunt complicaţiile neurologice şi riscul de infarct miocardic acut.</text></sentence><sentence><infon key="sentnum">2</infon><offset>-1</offset><text>Tehnicile anestezice şi chirurgicale se află într-o permanentă şi atentă monitorizare în încercarea de a reduce incidenţa ridicată a morbidităţii şi mortalităţii cauzate de o intervenţie chirurgicală aplicată cu scop exclusiv preventiv.</text></sentence><sentence><infon key="sentnum">3</infon><offset>-1</offset><text>Anestezia loco-regională ca o alternativă la anestezia generală a atras o atenţie considerabilă, inclusiv pentru pretenţia de a reduce morbiditatea şi mortalitatea operatorie.</text></sentence><sentence><infon key="sentnum">4</infon><offset>-1</offset><text>Referatul de faţă descrie problemele şi unele soluţii pentru alegerea anesteziei loco-regionale sau generale pentru operaţia de endarterectomie carotidiană.</text></sentence></passage></document><document><id>doc40</id><passage><infon key="language">RO</infon><infon key="section">abstract</infon><offset>-1</offset><sentence><infon key="sentnum">0</infon><offset>-1</offset><text>Leziunile măduvei spinării sunt adesea acompaniate de disfuncţii motorii, vegetative şi senzitive care conduc la scăderea semnificativă a şanselor de recuperare a pacienţilor cu traume severe.</text></sentence><sentence><infon key="sentnum">1</infon><offset>-1</offset><text>Implicaţiile fiziopatologice sunt reprezentate de biosinteza speciilor reactive cu efect extrem de agresiv asupra ţesutului din jur.</text></sentence><sentence><infon key="sentnum">2</infon><offset>-1</offset><text>Coroborarea producţiei masive de radicali liberi cu scăderea concentraţiei de antioxidanţi şi hipermetabolismul prezent la pacienţii critici conduce la instalarea stresului oxidativ.</text></sentence><sentence><infon key="sentnum">3</infon><offset>-1</offset><text>Cercetarea actuală se concentrează asupra acţiunii unei serii de compuşi biologic activi capabili să reducă efectele radicalilor liberi asupra necrozei tisulare, inflamaţiilor sau apoptozei celulare.</text></sentence><sentence><infon key="sentnum">4</infon><offset>-1</offset><text>În această lucrare de actualizare este prezentat mecanismul de acţiune a compuşilor biologic activi capabili să reducă semnificativ stresul oxidativ la pacienţii critici cu leziuni medulare.</text></sentence></passage></document></collection>