<?xml version="1.0" encoding="UTF-8"?><!DOCTYPE collection SYSTEM "BioC.dtd"><collection><source></source><date></date><key></key><document><id>doc4</id><passage><infon key="language">PT</infon><infon key="section">abstract</infon><offset>-1</offset><sentence><infon key="sentnum">0</infon><offset>-1</offset><text>As distonias primárias são um grupo particular de distonias, de etiologia presumivelmente genética e com sintomas que podem surgir em diversas idades e progredir durante um período variável de tempo.</text></sentence><sentence><infon key="sentnum">1</infon><offset>-1</offset><text>O seu diagnóstico constitui, por isso, um desafio, colocando-se frequentemente na prática clínica a questão da realização do estudo genético.</text></sentence><sentence><infon key="sentnum">2</infon><offset>-1</offset><text>Nos últimos anos foram identificadas várias mutações genéticas causadoras de distonia primária.</text></sentence><sentence><infon key="sentnum">3</infon><offset>-1</offset><text>A escolha do teste molecular é complexa, quer pela especificidade clínica e baixa frequência, quer pelo custo associado ao estudo genético.</text></sentence><sentence><infon key="sentnum">4</infon><offset>-1</offset><text>Esta escolha deve ser feita mediante observação especializada por médicos com elevada diferenciação nesta área, apoiada num plano racional de investigação.</text></sentence><sentence><infon key="sentnum">5</infon><offset>-1</offset><text>O Grupo de Neurogenética do Centro Hospitalar São João (grupo multidisciplinar de Neurologistas e Geneticistas com interesse especial na área das doenças neurogenéticas) delineou recomendações de consenso para a investigação da etiologia genética das distonias primárias, tendo por base documentos de consenso internacionais e a evidência científica entretanto publicada.</text></sentence><sentence><infon key="sentnum">6</infon><offset>-1</offset><text>Este documento adota o novo sistema de nomenclatura para as formas genéticas de doenças do movimento, permitindo a sua utilização padronizada e sistemática na prática clínica.</text></sentence></passage></document><document><id>doc8</id><passage><infon key="language">PT</infon><infon key="section">abstract</infon><offset>-1</offset><sentence><infon key="sentnum">0</infon><offset>-1</offset><text>Resumo O artigo analisa os fatores associados à notificação de Acidentes de Trabalho (AT) em unidades sentinelas do município de Fortaleza, nordeste do Brasil.</text></sentence><sentence><infon key="sentnum">1</infon><offset>-1</offset><text>Estudo transversal, analítico, realizado em cinco unidades sentinela para acidentes de trabalho graves e fatais.</text></sentence><sentence><infon key="sentnum">2</infon><offset>-1</offset><text>Foram aplicados 354 questionários em profissionais responsáveis pelas notificações dos AT.</text></sentence><sentence><infon key="sentnum">3</infon><offset>-1</offset><text>Utilizou-se a Razão de Prevalência, com intervalo de confiança de 95% e os testes de Qui-quadrado de Pearson e/ou exato de Fischer.</text></sentence><sentence><infon key="sentnum">4</infon><offset>-1</offset><text>Após essa etapa, utilizou-se a análise estratificada e análise múltipla através da Regressão de Poisson adotando o método Stepwise Forward.</text></sentence><sentence><infon key="sentnum">5</infon><offset>-1</offset><text>No modelo final, foram mantidas as variáveis que apresentaram nível de significância menor ou igual a 0,05.</text></sentence><sentence><infon key="sentnum">6</infon><offset>-1</offset><text>Foram associados significativamente à maior chance de notificação dos AT as variáveis: tempo de atuação na área, ter participado pelo menos de três cursos, ter conhecimento sobre as portarias e a legislação relacionadas aos AT, sobre a ficha do SINAN, saber que os AT são eventos de notificação compulsória e discutir esse tema com a equipe de trabalho.</text></sentence><sentence><infon key="sentnum">7</infon><offset>-1</offset><text>Ações de capacitação contribuem para a sensibilização dos profissionais.</text></sentence></passage></document><document><id>doc11</id><passage><infon key="language">PT</infon><infon key="section">abstract</infon><offset>-1</offset><sentence><infon key="sentnum">0</infon><offset>-1</offset><text>Os eventos trombóticos e embólicos contribuem para a morbilidade e mortalidade associada à Insuficiência Cardíaca Crónica (IC).</text></sentence><sentence><infon key="sentnum">1</infon><offset>-1</offset><text>Diferentemente da associação da fibrilhação auricular (FA) com IC, em que o benefício da anticoagulação está bem documentada, a utilização desta classe farmacoterapêutica naqueles que se apresentam em ritmo sinusal (sem história pregressa de FA) é discutível.</text></sentence><sentence><infon key="sentnum">2</infon><offset>-1</offset><text>Nesta revisão sistemática da Cochrane Collaboration, os autores avaliaram os benefícios e riscos associados à anticoagulação oral (versus placebo) nesta população.</text></sentence><sentence><infon key="sentnum">3</infon><offset>-1</offset><text>Apenas foram publicados 2 ensaios clínicos aleatorizados e controlados (um dos quais com desenho aberto) incluindo um total de 324 doentes.</text></sentence><sentence><infon key="sentnum">4</infon><offset>-1</offset><text>Os resultados da meta-análise baseados na melhor evidência disponível não suporta o uso sistemático de anticoagulantes orais em doentes com IC e ritmo sinusal na prevenção de morte (global ou cardiovascular) ou eventos cardiovasculares não- fatais.</text></sentence><sentence><infon key="sentnum">5</infon><offset>-1</offset><text>A anticoagulação aumentou significativamente o risco de hemorragia grave.</text></sentence></passage></document><document><id>doc12</id><passage><infon key="language">PT</infon><infon key="section">abstract</infon><offset>-1</offset><sentence><infon key="sentnum">0</infon><offset>-1</offset><text>Este trabalho tem por objetivos alertar os médicos sobre a existência da lesão de Turco e discorrer sobre os tratamentos existentes descritos na literatura mundial.</text></sentence><sentence><infon key="sentnum">1</infon><offset>-1</offset><text>Foi feito levantamento bibliográfico da lesão de Lisfranc e da lesão de Turco de 1985 a 2013 nas bases de dados Scielo e Pubmed.</text></sentence><sentence><infon key="sentnum">2</infon><offset>-1</offset><text>Dos 193 artigos, foram excluídos os com lesão osteoligamentar da articulação de Lisfranc, os por traumas de alta energia, os relatos de caso.</text></sentence><sentence><infon key="sentnum">3</infon><offset>-1</offset><text>Foram selecionados pacientes atletas profissionais ou amadores, com lesão ligamentar exclusiva da articulação de Lisfranc (lesão de Turco), a qual foi diagnosticada pela história, pelo exame físico, pelas radiografias e pela ressonância magnética.</text></sentence><sentence><infon key="sentnum">4</infon><offset>-1</offset><text>Como fatores de exclusão, pacientes não atletas e com lesões ósseas associadas (10).</text></sentence><sentence><infon key="sentnum">5</infon><offset>-1</offset><text>De acordo com a classificação da lesão, os pacientes foram tratados cruenta ou incruentamente e submetidos a um protocolo-padrão de reabilitação.</text></sentence><sentence><infon key="sentnum">6</infon><offset>-1</offset><text>Dos 10 pacientes, cinco foram submetidos a tratamento conservador e cinco a tratamento cirúrgico, por diferentes técnicas e materiais de síntese.</text></sentence><sentence><infon key="sentnum">7</infon><offset>-1</offset><text>Obtiveram-se dois resultados ruins, um satisfatório, cinco bons e dois excelentes.</text></sentence><sentence><infon key="sentnum">8</infon><offset>-1</offset><text>Concluímos que o diagnóstico correto influencia diretamente no tratamento e no resultado final obtido e que o desconhecimento da lesão é o principal responsável pelo subdiagnóstico da lesão de Turco.</text></sentence><sentence><infon key="sentnum">9</infon><offset>-1</offset><text>Há necessidade de estudos prospectivos randomizados que comparem os tipos de síntese e a evolução dos casos tratados para uma definição do melhor tratamento para tal lesão.</text></sentence></passage></document><document><id>doc14</id><passage><infon key="language">PT</infon><infon key="section">abstract</infon><offset>-1</offset><sentence><infon key="sentnum">0</infon><offset>-1</offset><text>As manifestações neurológicas na doença de Lyme ocorrem em 3% - 12% dos doentes, sendo a forma de apresentação mais comum a meningorradiculite.</text></sentence><sentence><infon key="sentnum">1</infon><offset>-1</offset><text>Outros sintomas de envolvimento do sistema nervoso central, como encefalomielite ou mielite são raros (</text></sentence></passage></document><document><id>doc16</id><passage><infon key="language">PT</infon><infon key="section">abstract</infon><offset>-1</offset><sentence><infon key="sentnum">0</infon><offset>-1</offset><text>O objetivo deste estudo é revisar na literatura todos os casos de pseudoaneurisma em procedimentos predominantemente artroscópicos do joelho e relatar um caso de pseudoaneurisma tratado pelos autores.</text></sentence><sentence><infon key="sentnum">1</infon><offset>-1</offset><text>Foi feita uma pesquisa bibliográfica por meio de artigos científicos publicados em periódicos nacionais e internacionais nos últimos 23 anos.</text></sentence><sentence><infon key="sentnum">2</infon><offset>-1</offset><text>Foram levantados 47 casos, em 40 artigos.</text></sentence><sentence><infon key="sentnum">3</infon><offset>-1</offset><text>Somou-se aos 47 um caso dos autores deste estudo que foi incluído nos dados.</text></sentence><sentence><infon key="sentnum">4</infon><offset>-1</offset><text>Das cirurgias que cursaram com pseudoaneurisma, 60% se tratavam de lesões meniscais e 23% de lesões do ligamento cruzado anterior.</text></sentence><sentence><infon key="sentnum">5</infon><offset>-1</offset><text>Em 46% dos casos a artéria acometida foi poplítea e em 21% a artéria genicular inferomedial.</text></sentence><sentence><infon key="sentnum">6</infon><offset>-1</offset><text>O sintoma clínico mais comum foi dor (37%), seguido de tumor pulsátil (31%), edema de panturrilha (12%) e hemartrose (11%).</text></sentence><sentence><infon key="sentnum">7</infon><offset>-1</offset><text>A mediana do tempo para diagnóstico foi de 11 dias, mas variou de um dia até 10 semanas após o procedimento.</text></sentence><sentence><infon key="sentnum">8</infon><offset>-1</offset><text>Apesar de raro, o pseudoaneurisma é um risco inerente à cirurgia artroscópica.</text></sentence><sentence><infon key="sentnum">9</infon><offset>-1</offset><text>Todo paciente deve ser notificado dos riscos vasculares, mesmo em procedimentos de pequeno porte.</text></sentence></passage></document><document><id>doc20</id><passage><infon key="language">PT</infon><infon key="section">abstract</infon><offset>-1</offset><sentence><infon key="sentnum">0</infon><offset>-1</offset><text>Os autores relatam um caso de fratura diafisária de tíbia associado à lesão do tornozelo.</text></sentence><sentence><infon key="sentnum">1</infon><offset>-1</offset><text>As características clínicas, radiológicas e cirúrgicas são discutidas.</text></sentence><sentence><infon key="sentnum">2</infon><offset>-1</offset><text>A avaliação de lesões associadas são muitas vezes negligenciadas e de difícil diagnóstico.</text></sentence><sentence><infon key="sentnum">3</infon><offset>-1</offset><text>Quando um torque no membro inferior ocorre, o tornozelo fica suscetível a uma lesão simultânea.</text></sentence><sentence><infon key="sentnum">4</infon><offset>-1</offset><text>É essencial uma avaliação cuidadosa baseada no aspecto clínico, radiográfico, intra e pós-operatório para recuperação funcional.</text></sentence></passage></document><document><id>doc21</id><passage><infon key="language">PT</infon><infon key="section">abstract</infon><offset>-1</offset><sentence><infon key="sentnum">0</infon><offset>-1</offset><text>Tumores ou lesões pseudotumorais, apesar de raros, podem acometer a gordura infrapatelar.</text></sentence><sentence><infon key="sentnum">1</infon><offset>-1</offset><text>O osteocondroma é o tumor ósseo benigno mais comum.</text></sentence><sentence><infon key="sentnum">2</infon><offset>-1</offset><text>Entretanto, sua apresentação extraesquelética é rara.</text></sentence><sentence><infon key="sentnum">3</infon><offset>-1</offset><text>Três são as variantes do osteocondroma extraesquelético: a condromatose sinovial, o condroma para-articular e o condroma de partes moles.</text></sentence><sentence><infon key="sentnum">4</infon><offset>-1</offset><text>Apresentamos um caso de lesão intra-articular única na topografia da gordura de Hoffa em uma paciente feminina de 78 anos com queixa de dor progressiva em joelho associada a artrose grave.</text></sentence><sentence><infon key="sentnum">5</infon><offset>-1</offset><text>Pelos achados clínicos e radiológicos o diagnóstico foi de osteocondroma para-articular.</text></sentence><sentence><infon key="sentnum">6</infon><offset>-1</offset><text>Entretanto, os achados histopatológicos – após exérese da lesão – evidenciaram condromatose sinovial secundária a osteoartrose.</text></sentence></passage></document><document><id>doc22</id><passage><infon key="language">PT</infon><infon key="section">abstract</infon><offset>-1</offset><sentence><infon key="sentnum">0</infon><offset>-1</offset><text>Em países com diversos níveis socioeconómicos, o assegurar dos cuidados de saúde requer a consideração de uma variedade de estratégias, nas quais pode incluir-se a prescrição não-médica.</text></sentence><sentence><infon key="sentnum">1</infon><offset>-1</offset><text>O objetivo desta revisão foi averiguar se a prescrição por profissionais de saúde não-médicos está associada a resultados (outcomes) clínicos e de relevância para o doente comparáveis à prescrição médica.</text></sentence><sentence><infon key="sentnum">2</infon><offset>-1</offset><text>Revisão sistemática de acordo com a metodologia preconizada pela Cochrane.</text></sentence><sentence><infon key="sentnum">3</infon><offset>-1</offset><text>Foram comparados os outcomes em saúde quando a prescrição médica era realizada por um qualquer profissional de saúde não médico (que prescrevesse com um alto grau de autonomia) versus por um médico, no contexto dos cuidados de saúde primários e secundários, e em países de baixo, médio e alto nível socioeconómico.</text></sentence><sentence><infon key="sentnum">4</infon><offset>-1</offset><text>Foram incluídos para análise 46 ensaios clínicos de diferentes desenhos que avaliaram um total de 37 337 indivíduos.</text></sentence><sentence><infon key="sentnum">5</infon><offset>-1</offset><text>A maioria dos estudos baseou-se na gestão da doença crónica em países de nível socioeconómico mais elevado, onde existe evidência que suporta que os outcomes são comparáveis para os marcadores substitutivos de controlo de doença relativos à hipertensão (evidência moderada), controlo de diabetes (evidência elevada) e hipercolesterolemia (evidência moderada), entre outros.</text></sentence><sentence><infon key="sentnum">6</infon><offset>-1</offset><text>A prescrição por enfermeiros e farmacêuticos com níveis variados de formação (pré-graduada, específica e pós-graduada) esteve também associada a outcomes globalmente comparáveis aos obtidos com a prescrição médica relativamente à adesão à medicação, eventos adversos, nível de satisfação global, qualidade de vida e utilização de recursos (hospitalizações, urgências hospitalares e consultas).</text></sentence><sentence><infon key="sentnum">7</infon><offset>-1</offset><text>Os prescritores não médicos frequentemente tiveram suporte médico disponível para facilitar um modelo de prática colaborativa.</text></sentence><sentence><infon key="sentnum">8</infon><offset>-1</offset><text>Com treino e suporte apropriados, a prescrição não-médica por enfermeiros e farmacêuticos é tão efetiva quanto a prescrição médica numa variedade de condições clínicas.</text></sentence></passage></document><document><id>doc25</id><passage><infon key="language">PT</infon><infon key="section">abstract</infon><offset>-1</offset><sentence><infon key="sentnum">0</infon><offset>-1</offset><text>Fasciíte nodular (FN) é uma lesão proliferativa fibroblástica rara, caracterizada clinicamente como uma massa solitária de consistência endurecida, pouco dolorosa à palpação, de crescimento rápido e sem predileção por sexo.</text></sentence><sentence><infon key="sentnum">1</infon><offset>-1</offset><text>O objetivo deste trabalho é relatar o caso de uma paciente com FN no terceiro quirodáctilo da mão esquerda, descrever os achados da radiografia simples, tomografia computadorizada e ressonância magnética e correlacionar com a literatura.</text></sentence><sentence><infon key="sentnum">2</infon><offset>-1</offset><text>Visto que o diagnóstico de FN é um desafio, é necessário conciliar os achados clínicos, radiológicos e patológicos.</text></sentence></passage></document><document><id>doc27</id><passage><infon key="language">PT</infon><infon key="section">abstract</infon><offset>-1</offset><sentence><infon key="sentnum">0</infon><offset>-1</offset><text>Lesões do nervo ciático são causas comuns de dor e de limitação no membro inferior.</text></sentence><sentence><infon key="sentnum">1</infon><offset>-1</offset><text>Em razão da sua anatomia particular e do seu longo trajeto, o nervo ciático é frequentemente envolvido em doenças da pelve e do membro inferior.</text></sentence><sentence><infon key="sentnum">2</infon><offset>-1</offset><text>Nos últimos anos, a neurografia por ressonância magnética tem se firmado como ferramenta importante para o estudo de nervos periféricos, podendo ser amplamente empregada para o estudo do nervo ciático.</text></sentence><sentence><infon key="sentnum">3</infon><offset>-1</offset><text>Para este fim, o conhecimento detalhado de sua anatomia e das principais doenças envolvidas é fundamental para maximizar o desempenho diagnóstico por imagem.</text></sentence></passage></document><document><id>doc29</id><passage><infon key="language">PT</infon><infon key="section">abstract</infon><offset>-1</offset><sentence><infon key="sentnum">0</infon><offset>-1</offset><text>Relatar um caso de fibroma ossificante, uma lesão fibro-óssea benigna caracterizada por crescimento lento e proliferação de tecido celular fibroso, osso, cemento ou uma combinação.Paciente do sexo masculino, 29 anos, foi atendido em um serviço de emergência, após sofrer um acidente automobilístico.</text></sentence><sentence><infon key="sentnum">1</infon><offset>-1</offset><text>Durante o exame clínico observou-se um aumento de volume na região mandibular direita e suspeita de fratura no terço médio da face.</text></sentence><sentence><infon key="sentnum">2</infon><offset>-1</offset><text>O exame tomográfico demonstrou imagem sugestiva de fratura do complexo zigomático esquerdo, sem deslocamento, e imagem radiopaca bem delimitada na mandíbula.</text></sentence><sentence><infon key="sentnum">3</infon><offset>-1</offset><text>O paciente foi levado para o hospital, onde foram feitos uma radiografia panorâmica, PA de face e telerradiografia para melhor documentação do caso.</text></sentence><sentence><infon key="sentnum">4</infon><offset>-1</offset><text>Foi feita uma biópsia incisional.</text></sentence><sentence><infon key="sentnum">5</infon><offset>-1</offset><text>O exame histopatológico teve como resultado lesão óssea benigna, sugestiva de fibroma ossificante.</text></sentence><sentence><infon key="sentnum">6</infon><offset>-1</offset><text>Fez-se uma cirurgia para remoção completa da lesão e fixação com uma placa de reconstrução.</text></sentence><sentence><infon key="sentnum">7</infon><offset>-1</offset><text>O novo exame anatomopatológico confirmou o diagnóstico.</text></sentence></passage></document><document><id>doc34</id><passage><infon key="language">PT</infon><infon key="section">abstract</infon><offset>-1</offset><sentence><infon key="sentnum">0</infon><offset>-1</offset><text>O cancro tem o potencial de induzir estados de hipercoagulabilidade.</text></sentence><sentence><infon key="sentnum">1</infon><offset>-1</offset><text>Por outro lado, o tromboembolismo venoso pode ser o prenúncio de um cancro oculto, pode representar uma complicação de uma doença oncológica já conhecida ou complicar uma hospitalização, cirurgia ou os vários tratamentos sistémicos.</text></sentence><sentence><infon key="sentnum">2</infon><offset>-1</offset><text>A importância do tromboembolismo venoso para os doentes com cancro é frequentemente subestimado resultando em subdiagnóstico, o que pode conduzir a morbilidade e mortalidade significativas.</text></sentence><sentence><infon key="sentnum">3</infon><offset>-1</offset><text>No entanto, muitos doentes oncológicos não recebem a profilaxia e o tratamento apropriados para a tromboembolismo venoso.</text></sentence><sentence><infon key="sentnum">4</infon><offset>-1</offset><text>O autor faz algumas considerações sobre esta patologia, abordando o interesse e os objectivos do ensaio clínico CATCH e da utilização da tinzaparina sódica.</text></sentence><sentence><infon key="sentnum">5</infon><offset>-1</offset><text>Palavras-chave: Neoplasias; Trombose Venosa Profunda.</text></sentence></passage></document><document><id>doc35</id><passage><infon key="language">PT</infon><infon key="section">abstract</infon><offset>-1</offset><sentence><infon key="sentnum">0</infon><offset>-1</offset><text>A luxação crônica da patela é uma patologia rara e o trauma sua principal causa adquirida.</text></sentence><sentence><infon key="sentnum">1</infon><offset>-1</offset><text>Quando negligenciada, leva ao geno valgo progressivo, torção externa da tíbia e subsequente artrose debilitante.</text></sentence><sentence><infon key="sentnum">2</infon><offset>-1</offset><text>Não existe consenso na literatura com relação ao tratamento desses pacientes, porém a artroplastia total de joelho (ATJ) tem se mostrado um procedimento eficaz em casos de gonartrose sintomática dolorosa.</text></sentence><sentence><infon key="sentnum">3</infon><offset>-1</offset><text>Poucos relatos mostraram que a via subvasto associada à liberação lateral é uma opção válida para ATJ, já que permite a correção de deformidades em valgo e da boa excursão patelar, sem interrupção do suprimento sanguíneo.</text></sentence><sentence><infon key="sentnum">4</infon><offset>-1</offset><text>Relatamos um caso de uma paciente com geno valgo e luxação crônica pós-traumática de patela submetida a ATJ associada ao realinhamento do mecanismo extensor, com resultados satisfatórios persistentes após seguimento de dois anos.</text></sentence></passage></document><document><id>doc39</id><passage><infon key="language">PT</infon><infon key="section">abstract</infon><offset>-1</offset><sentence><infon key="sentnum">0</infon><offset>-1</offset><text>A osteonecrose multifocal é uma doença rara.</text></sentence><sentence><infon key="sentnum">1</infon><offset>-1</offset><text>O uso crônico de corticoides é considerado seu principal fator de risco.</text></sentence><sentence><infon key="sentnum">2</infon><offset>-1</offset><text>Em pacientes com insuficiência renal crônica é descrita a intoxicação por alumínio, causando osteomalácia e encefalopatia.</text></sentence><sentence><infon key="sentnum">3</infon><offset>-1</offset><text>A relação entre osteonecrose e toxicidade pelo alumínio já foi relatada em estudos que envolveram pacientes com insuficiência renal dialítica.</text></sentence><sentence><infon key="sentnum">4</infon><offset>-1</offset><text>A exposição ocupacional ao alumínio pode, raramente, ocasionar doenças pulmonares.</text></sentence><sentence><infon key="sentnum">5</infon><offset>-1</offset><text>Não existem casos relatados de lesões ósseas decorrentes da exposição a esse metal.</text></sentence><sentence><infon key="sentnum">6</infon><offset>-1</offset><text>Descrevemos neste artigo, o relato inédito de um paciente com osteonecrose multifocal associada à exposição ocupacional crônica ao alumínio.</text></sentence></passage></document><document><id>doc40</id><passage><infon key="language">PT</infon><infon key="section">abstract</infon><offset>-1</offset><sentence><infon key="sentnum">0</infon><offset>-1</offset><text>No retratamento endodôntico, a completa remoção do material obturador e o acesso ao forame apical são necessários para permitir a limpeza do sistema de canais.</text></sentence><sentence><infon key="sentnum">1</infon><offset>-1</offset><text>O propósito deste estudo foi avaliar a eficácia do sistema reciprocante WaveOne ecomparálaao sistema rotatório ProTaper Universal, com ousem o uso de solvente, na remoção do material obturador.</text></sentence><sentence><infon key="sentnum">2</infon><offset>-1</offset><text>O tempo necessário a cada técnica empregada foi determinado e comparado.</text></sentence><sentence><infon key="sentnum">3</infon><offset>-1</offset><text>Quarenta pré-molares inferiores humanos extraídoscom canal único, reto e achatado foram preparados e obturados.</text></sentence><sentence><infon key="sentnum">4</infon><offset>-1</offset><text>Foram então divididos em quatro grupos (n = 10) de acordo como sistema utilizado, como segue.</text></sentence><sentence><infon key="sentnum">5</infon><offset>-1</offset><text>Grupo 1: ProTaper D Niti; Grupo 2: Sistema ProTaper D com solvente; Grupo 3: Sistema WaveOne instrumento Primary; e Grupo 4: Sistema WaveOne instrumento Primary com solvente, sendo o tempo registrado.</text></sentence><sentence><infon key="sentnum">6</infon><offset>-1</offset><text>Os dentes foram clivados longitudinalmente e fotografados utilizando microscópio operatório com aumento de 5 vezes.</text></sentence><sentence><infon key="sentnum">7</infon><offset>-1</offset><text>A quantidade de material remanescente foi avaliada com o uso do software Image Tool 3.0.</text></sentence><sentence><infon key="sentnum">8</infon><offset>-1</offset><text>Os resultados foram comparados utilizando o teste de Kruskal Wallis(p</text></sentence></passage></document><document><id>doc46</id><passage><infon key="language">PT</infon><infon key="section">abstract</infon><offset>-1</offset><sentence><infon key="sentnum">0</infon><offset>-1</offset><text>A presença de tendões acessórios no pé e no tornozelo necessita de seu reconhecimento, visto que, a depender da localização, podem gerar afecções, seja em processos álgicos ou no manuseio do achado cirúrgico.</text></sentence><sentence><infon key="sentnum">1</infon><offset>-1</offset><text>Descrevemos a presença do tendão flexor acessório dos dedos na exposição cirúrgica para transferência do tendão flexor longo do hálux para o calcâneo na vigência de afecção de tendinopatia insercional do tendão calcâneo associado à afecção de Haglund.</text></sentence></passage></document><document><id>doc48</id><passage><infon key="language">PT</infon><infon key="section">abstract</infon><offset>-1</offset><sentence><infon key="sentnum">0</infon><offset>-1</offset><text>ResumoDescrevemos e ilustramos 
   Paepalanthusserpens, espécie microendêmica de Eriocaulaceae da Cadeia do Espinhaço.</text></sentence><sentence><infon key="sentnum">1</infon><offset>-1</offset><text>Esta espécie é conhecida por apenas uma população, que cresce nos campos rupestres da Serra do Cipó, Minas Gerais.</text></sentence><sentence><infon key="sentnum">2</infon><offset>-1</offset><text>A espécie é classificada em Paepalanthusser.Paepalanthus e é facilmente distinguida das demais espécies do gênero pelo caule alongado e lignificado, espessado pelas bainhas mascescentes das folhas lineares, as quais estão dispostas em roseta no ápice do caule, escapos na altura das folhas e capítulos com brácteas estramíneas.</text></sentence><sentence><infon key="sentnum">3</infon><offset>-1</offset><text>Comparações com as espécies morfologicamente mais próximas são providas, assim como comentários sobre distribuição, ecologia, fenologia e estado de conservação.</text></sentence></passage></document><document><id>doc52</id><passage><infon key="language">PT</infon><infon key="section">abstract</infon><offset>-1</offset><sentence><infon key="sentnum">0</infon><offset>-1</offset><text>Os doentes com leucemia mielóide crónica em fase crónica, tratados com imatinib mesilato obtêm na maioria dos casos uma respostaclínica.</text></sentence><sentence><infon key="sentnum">1</infon><offset>-1</offset><text>Contudo, nem todos atingem uma resposta óptima ao imatinib mesilato, ou sequer aos mais potentes inibidores da tirosina cinase de segunda geração.</text></sentence><sentence><infon key="sentnum">2</infon><offset>-1</offset><text>Além disso, algumas respostas não são duradouras e ainda não é claro se os inibidores podem ser interrompidos em doentes em remissão prolongada.</text></sentence><sentence><infon key="sentnum">3</infon><offset>-1</offset><text>Os mecanismos de resistência aos inibidores da tirosina cinase de segunda geraçãotornaram-se objecto de numerosos estudos.</text></sentence><sentence><infon key="sentnum">4</infon><offset>-1</offset><text>Esta revisão descreve o conhecimento actual sobre como e porquê as células de leucemiamielóide crónica podem desenvolver resistência aos inibidores da tirosina cinase de segunda geração.</text></sentence></passage></document><document><id>doc53</id><passage><infon key="language">PT</infon><infon key="section">abstract</infon><offset>-1</offset><sentence><infon key="sentnum">0</infon><offset>-1</offset><text>A síndrome biopercular anterior caracteriza-se por diplegia facio-faringo-glosso-mastigatória, com dissociação dos movimentos automáticos.</text></sentence><sentence><infon key="sentnum">1</infon><offset>-1</offset><text>Traduz geralmente lesão opercular bilateral, frequentemente de etiologia vascular.</text></sentence><sentence><infon key="sentnum">2</infon><offset>-1</offset><text>Há casos raros descritos de lesão unilateral.</text></sentence><sentence><infon key="sentnum">3</infon><offset>-1</offset><text>Apresentamos o caso de uma doente com uma síndrome opercular anterior bilateral causada por um enfarte unilateral.</text></sentence></passage></document><document><id>doc54</id><passage><infon key="language">PT</infon><infon key="section">abstract</infon><offset>-1</offset><sentence><infon key="sentnum">0</infon><offset>-1</offset><text>A ressonância magnética é um método com alta resolução de contraste e por isso muito utilizada na avaliação de doenças ginecológicas pélvicas.</text></sentence><sentence><infon key="sentnum">1</infon><offset>-1</offset><text>No entanto, seu potencial para diagnóstico de lesões vaginais ainda é subestimado, provavelmente em razão da escassa literatura referente ao tema, da pouca familiaridade dos radiologistas com doenças vaginais, algumas delas relativamente raras, e das muitas peculiaridades em um exame para avaliação desta víscera oca.</text></sentence><sentence><infon key="sentnum">2</infon><offset>-1</offset><text>Desta forma, ilustraremos neste estudo o papel da ressonância magnética na avaliação das doenças vaginais e os principais achados relevantes para a conduta clínica.</text></sentence></passage></document><document><id>doc55</id><passage><infon key="language">PT</infon><infon key="section">abstract</infon><offset>-1</offset><sentence><infon key="sentnum">0</infon><offset>-1</offset><text>A associação da luxação posterior fechada do cotovelo com a lesão traumática da artéria braquial é rara.</text></sentence><sentence><infon key="sentnum">1</infon><offset>-1</offset><text>A ausência do pulso radial à palpação é um importante sinal de alerta e a arteriografia é o exame diagnóstico padrão-ouro.</text></sentence><sentence><infon key="sentnum">2</infon><offset>-1</offset><text>O diagnóstico precoce é essencial para a providência do tratamento adequado, que envolve a redução e a imobilização articular, além do restabelecimento cirúrgico urgente do fluxo arterial.</text></sentence><sentence><infon key="sentnum">3</infon><offset>-1</offset><text>É relatado um caso inédito na literatura brasileira da associação dessas lesões (e do tratamento feito), ocorrida em um paciente de 27 anos, do sexo masculino, após ter sido vítima de agressão física.</text></sentence></passage></document><document><id>doc56</id><passage><infon key="language">PT</infon><infon key="section">abstract</infon><offset>-1</offset><sentence><infon key="sentnum">0</infon><offset>-1</offset><text>As lesões de artéria axilar e consequente compressão de plexo braquial são extremamente raras em pacientes com luxação de glenoumeral e podem ter manifestações clínicas bastante variadas.</text></sentence><sentence><infon key="sentnum">1</infon><offset>-1</offset><text>Essa articulação é uma das mais acometidas por luxação do corpo humano, representando cerca de 45% dos casos.</text></sentence><sentence><infon key="sentnum">2</infon><offset>-1</offset><text>Menos de 1% dos pacientes com luxação de ombro apresentam complicações vasculares; no entanto, quando há lesão da artéria axilar, a incidência de lesão de plexo braquial associada é de 27% a 44%.</text></sentence><sentence><infon key="sentnum">3</infon><offset>-1</offset><text>Relatamos um caso de compressão do plexo braquial por um pseudoaneurisma de artéria axilar após uma luxação glenoumeral.</text></sentence><sentence><infon key="sentnum">4</infon><offset>-1</offset><text>O objetivo é lembrar a existência dessa associação, a fim de diagnosticá-la precocemente e evitar complicações graves, como a lesão neurológica.</text></sentence></passage></document><document><id>doc62</id><passage><infon key="language">PT</infon><infon key="section">abstract</infon><offset>-1</offset><sentence><infon key="sentnum">0</infon><offset>-1</offset><text>A infecção pelo vírus Zika, apesar de conhecida desde 1942, apresentou destaque somente a partir de 2007, quando uma verdadeira pandemia se espalhou pela África, Ásia e Américas.</text></sentence><sentence><infon key="sentnum">1</infon><offset>-1</offset><text>Durante este período, numerosas formas de acometimento do sistema nervoso central têm sido descritas, principalmente as malformações relacionadas a infecção congênita.</text></sentence><sentence><infon key="sentnum">2</infon><offset>-1</offset><text>Apesar de os achados de neuroimagem na síndrome congênita pelo vírus Zika não serem patognomônicos, muitos são bastante sugestivos, devendo o radiologista estar preparado para saber interpretar e sugerir o diagnóstico.</text></sentence><sentence><infon key="sentnum">3</infon><offset>-1</offset><text>O objetivo deste artigo é revisar os achados de tomografia computadorizada e ressonância magnética da síndrome congênita pelo vírus Zika.</text></sentence></passage></document><document><id>doc63</id><passage><infon key="language">PT</infon><infon key="section">abstract</infon><offset>-1</offset><sentence><infon key="sentnum">0</infon><offset>-1</offset><text>O presente estudo avaliou as relações entre condições bucais e o impacto da saúde bucal na qualidade de vida de gestantes, bem como fatores relacionados.</text></sentence><sentence><infon key="sentnum">1</infon><offset>-1</offset><text>Um estudo transversal foi realizado em 119 mulheres que, durante a gravidez, tinham procurado atendimento prénatal no sistema público de saúde do Estado de São Paulo, Brasil.</text></sentence><sentence><infon key="sentnum">2</infon><offset>-1</offset><text>Foram realizados exames clínicos bucais e as gestantes foram entrevistadas utilizando o questionário OHIP14, forma abreviada, e um segundo inquérito, com informações sobre os seus hábitos de status sócioeconômico, gravidez e saúde foi administrado.</text></sentence><sentence><infon key="sentnum">3</infon><offset>-1</offset><text>As maiores pontuações OHIP14 foram encontrados na área de dor física, com uma pontuação média de 10,6.</text></sentence><sentence><infon key="sentnum">4</infon><offset>-1</offset><text>A taxa média de CPOD para a população foi de 12,2 (± 6,1), com a maioria tendo um CPOD de ≥4.5 (89,9%).</text></sentence><sentence><infon key="sentnum">5</infon><offset>-1</offset><text>A maioria das mulheres precisava de algum tipo de prótese dentária (59,7%), tiveram algum tipo de doença periodontal (90,8%), apresentaram cárie dentária (73,9%), falta de dentes (64,7%) e estavam na necessidade de tratamento odontlógico (68,1% ).</text></sentence><sentence><infon key="sentnum">6</infon><offset>-1</offset><text>Os escores do OHIP14 estiveram significativamente associados com a idade (p = 0,02), primeira gravidez (p</text></sentence></passage></document><document><id>doc64</id><passage><infon key="language">PT</infon><infon key="section">abstract</infon><offset>-1</offset><sentence><infon key="sentnum">0</infon><offset>-1</offset><text>A fratura impactada em valgo do úmero proximal é considerada um tipo especial de fratura, pois a impactação metafisária da cabeça umeral, com manutenção do periósteo póstero-medial, melhora seu prognóstico quanto à ocorrência de necrose avascular.</text></sentence><sentence><infon key="sentnum">1</infon><offset>-1</offset><text>Essa característica pode, ainda, facilitar a manobra de redução e aumentar o índice de consolidação dessas fraturas, mesmo nos casos mais complexos.</text></sentence><sentence><infon key="sentnum">2</infon><offset>-1</offset><text>Os estudos incluídos foram pesquisados nas bases de dados Bireme, Medline, PubMed, Cochrane Library e Google Scholar publicados de 1991 a 2013.</text></sentence><sentence><infon key="sentnum">3</infon><offset>-1</offset><text>O objetivo deste estudo foi identificar a definição, classificação e os métodos de tratamento dessas fraturas mais usados na literatura médica ortopédica.</text></sentence></passage></document><document><id>doc66</id><passage><infon key="language">PT</infon><infon key="section">abstract</infon><offset>-1</offset><sentence><infon key="sentnum">0</infon><offset>-1</offset><text>A avaliação eficaz para o tratamento dos pacientes com tumores de Ewing depende de uma avaliação precisa da extensão do tumor primário e da existência de doença metastática.</text></sentence><sentence><infon key="sentnum">1</infon><offset>-1</offset><text>Atualmente, não há sistema de estadiamento universalmente aceito para a avaliação dos tumores de Ewing.</text></sentence><sentence><infon key="sentnum">2</infon><offset>-1</offset><text>O presente estudo tem como objetivo discutir o uso da PET/CT como ferramenta para a realização de estadiamento, reestadiamento e avaliação da resposta terapêutica em pacientes com tumores de Ewing.</text></sentence><sentence><infon key="sentnum">3</infon><offset>-1</offset><text>Embora a PET/CT apresente algumas limitações em comparação com os métodos de imagens anatômicos, a importância do exame na avaliação desses pacientes decorre de sua capacidade de fornecer informações adicionais fisiológicas, o que muitas vezes gera implicações clínicas importantes.</text></sentence><sentence><infon key="sentnum">4</infon><offset>-1</offset><text>A avaliação atual dos pacientes com tumor de Ewing deve ser composta do estudo com PET/CT combinado com as outras modalidades de imagem anatômica, como radiografia, tomografia computadorizada e ressonância magnética.</text></sentence></passage></document><document><id>doc67</id><passage><infon key="language">PT</infon><infon key="section">abstract</infon><offset>-1</offset><sentence><infon key="sentnum">0</infon><offset>-1</offset><text>A doença intersticial pulmonar ocorre em até cerca de 25% dos doentes com síndrome de Sjögren e em 2% - 8% dos doentes com lúpus eritematoso sistémico.</text></sentence><sentence><infon key="sentnum">1</infon><offset>-1</offset><text>Os corticosteróides permanecem como pilar de tratamento do lúpus eritematoso sistémico mas podem associar-se a complicações neuropsiquiátricas, sobretudo com doses de prednisolona superiores a 40 mg/dia.</text></sentence><sentence><infon key="sentnum">2</infon><offset>-1</offset><text>Apresentamos o caso de uma doente de 51 anos com síndrome depressiva, lúpus eritematoso sistémico e síndrome de Sjögren secundária que desenvolveu envolvimento pulmonar grave evidente quatro anos após o diagnóstico, com tomografia computadorizada de tórax a revelar padrão de neofibrose e vidro despolido.</text></sentence><sentence><infon key="sentnum">3</infon><offset>-1</offset><text>Com o aumento da prednisolona para 60 mg/dia a doente iniciou um quadro maníaco com necessidade de internamento e que foi admitido no contexto de corticoterapia em dose elevada.</text></sentence><sentence><infon key="sentnum">4</infon><offset>-1</offset><text>Foi excluído envolvimento neurológico central por doença orgânica.</text></sentence><sentence><infon key="sentnum">5</infon><offset>-1</offset><text>Iniciou ciclofosfamida endovenosa mensal durante seis meses seguida de micofenolato de mofetil, tendo-se reduzido prednisolona até 10 mg/dia e mantido hidroxicloroquina 400 mg/dia, com controlo da atividade da doença.</text></sentence></passage></document><document><id>doc71</id><passage><infon key="language">PT</infon><infon key="section">abstract</infon><offset>-1</offset><sentence><infon key="sentnum">0</infon><offset>-1</offset><text>Prognosticar é uma competência médica crucial para a adequação de planos terapêuticos e a gestão de expectativas e prioridades dos doentes e famílias.</text></sentence><sentence><infon key="sentnum">1</infon><offset>-1</offset><text>Em 2005, a European Association of Palliative Care (EAPC) publicou recomendações sobre a formulação do prognóstico vital em doentes com cancro avançado.</text></sentence><sentence><infon key="sentnum">2</infon><offset>-1</offset><text>É objetivo deste estudo analisar a literatura subsequente a esta revisão e atualizar as recomendações apresentadas.</text></sentence><sentence><infon key="sentnum">3</infon><offset>-1</offset><text>Usando a mesma estratégia do grupo da EAPC, efetuamos uma pesquisa sistemática da literatura nas bases de dados eletrónicas PubMed e Scopus incluindo estudos originais em adultos com cancro avançado, sem tratamento dirigido à neoplasia, com sobrevivência mediana inferior a 90 dias.</text></sentence><sentence><infon key="sentnum">4</infon><offset>-1</offset><text>Os artigos foram analisados e classificados quanto ao grau de evidência por dois revisores independentes.</text></sentence><sentence><infon key="sentnum">5</infon><offset>-1</offset><text>Os 41 artigos analisados permitiram manter recomendações com evidência grau A para a estimativa clínica da sobrevivência e para o Palliative Prognostic score e agora também para o Palliative Prognostic Index, estado funcional, dispneia, linfopenia e desidrogenase lática.</text></sentence><sentence><infon key="sentnum">6</infon><offset>-1</offset><text>Recomendações quanto ao uso de preditores como proteína C reativa, leucocitose, azotemia, hipoalbuminemia e sexo masculino apresentaram uma força grau B. Formular o prognóstico vital e comunicá-lo adequadamente ao doente e família são competências cruciais dos médicos, particularmente daqueles que lidam com doentes em fimde vida.</text></sentence><sentence><infon key="sentnum">7</infon><offset>-1</offset><text>A impressão clínica combinada com a evidência científica permite estimar com maior acuidade o tempo de vida restante dos doentes com cancro avançado, permitindo estabelecer prioridades e gerir de forma mais adequada os recursos existentes.</text></sentence></passage></document><document><id>doc72</id><passage><infon key="language">PT</infon><infon key="section">abstract</infon><offset>-1</offset><sentence><infon key="sentnum">0</infon><offset>-1</offset><text>O sangramento uterino anormal é uma afecção frequente que pode afetar negativamente aspectos físicos, emocionais, sexuais e profissionais, piorando a qualidade de vida das mulheres.</text></sentence><sentence><infon key="sentnum">1</infon><offset>-1</offset><text>Nos casos de sangramento intenso e agudo, as mulheres podem necessitar de tratamento de urgência, com reposição volumétrica e substâncias hemostáticas.</text></sentence><sentence><infon key="sentnum">2</infon><offset>-1</offset><text>Há situações que necessitam de tratamento prolongado, e ainda situações em que o tratamento cirúrgico pode ser necessário.</text></sentence><sentence><infon key="sentnum">3</infon><offset>-1</offset><text>O objetivo deste estudo é descrever as principais evidências sobre o tratamento das mulheres com sangramento uterino anormal, tanto na fase aguda quanto na crônica.</text></sentence><sentence><infon key="sentnum">4</infon><offset>-1</offset><text>A apresentação do tratamento foi baseada no sistema de classificação (PALM-COEIN, na sigla em inglês) da Federação Internacional de Ginecologia e Obstetrícia (FIGO).</text></sentence><sentence><infon key="sentnum">5</infon><offset>-1</offset><text>As etiologias do PALM-COEIN são: Pólipo uterino (P), Adenomiose (A), Leiomiomia (L), lesões precursoras e Malignas do corpo uterino (M), Coagulopatias (C), distúrbios da Ovulação (O), disfunção Endometrial (E), Iatrogênicas (I), e não classificadas nos itens anteriores (N).</text></sentence><sentence><infon key="sentnum">6</infon><offset>-1</offset><text>Os artigos foram selecionados conforme os graus de recomendação das bases de dados PubMed, Cochrane e Embase que tivessem como objetivo o tratamento do sangramento uterino anormal em mulheres.</text></sentence><sentence><infon key="sentnum">7</infon><offset>-1</offset><text>Somente artigos escritos em inglês foram incluídos.</text></sentence><sentence><infon key="sentnum">8</infon><offset>-1</offset><text>Todos os editoriais ou 
   papers completos que não tratassem de sangramento uterino anormal, ou estudos baseados em modelos animais, foram excluídos.</text></sentence><sentence><infon key="sentnum">9</infon><offset>-1</offset><text>O tratamento tem como objetivo a redução do fluxo menstrual, reduzindo morbidade e melhorando a qualidade de vida.</text></sentence><sentence><infon key="sentnum">10</infon><offset>-1</offset><text>O tratamento na fase aguda visa estabilizar hemodinamicamente a paciente e estancar o sangramento excessivo, enquanto a terapia da fase crônica é baseada na correção da disfunção menstrual, conforme sua etiologia ou conforme a manifestação clínica.</text></sentence><sentence><infon key="sentnum">11</infon><offset>-1</offset><text>O tratamento pode ser cirúrgico ou medicamentoso, sendo o segundo baseado principalmente em fármacos hormonais, anti-inflamatórios ou antifibrinolíticos.</text></sentence></passage></document><document><id>doc75</id><passage><infon key="language">PT</infon><infon key="section">abstract</infon><offset>-1</offset><sentence><infon key="sentnum">0</infon><offset>-1</offset><text>Os angiomas cavernosos são malformações do sistema nervoso central cujas manifestações mais comuns são crises epiléticas e défices neurológicos agudos.</text></sentence><sentence><infon key="sentnum">1</infon><offset>-1</offset><text>Apresentamos o caso clínico de um doente de 71 anos com uma história com dois meses de evolução de alteração do comportamento, défice de atenção e apatia, sucedidas por marcada instabilidade da marcha.</text></sentence><sentence><infon key="sentnum">2</infon><offset>-1</offset><text>A avaliação neuropsicológica revelava alterações cognitivas e disfunção executiva marcadas.</text></sentence><sentence><infon key="sentnum">3</infon><offset>-1</offset><text>Na Tomografia Computorizada Cerebral observava-se hidrocefalia supraventricular enquanto na Ressonância Magnética cerebral era possível observar uma pequena hemorragia que obstruía o aqueduto de Sylvius localizada contiguamente a um angioma cavernoso mesencefálico.</text></sentence><sentence><infon key="sentnum">4</infon><offset>-1</offset><text>Quatro meses após o tratamento com ventriculocisternostomia endoscópica, o doente apresentava melhoria significativa na avaliação neuropsicológica tendo voltado a adquirir a autonomia prévia.</text></sentence><sentence><infon key="sentnum">5</infon><offset>-1</offset><text>A apresentação de um angioma cavernoso parenquimatoso como uma obstrução do aqueduto de Sylvius secundária a hemorragia é invulgar.</text></sentence><sentence><infon key="sentnum">6</infon><offset>-1</offset><text>Rara é também a sua apresentação como alterações do comportamento e do estado mental subagudas.</text></sentence><sentence><infon key="sentnum">7</infon><offset>-1</offset><text>Uma avaliação neuroimagiológica e uma intervenção neurocirúrgica precoces foram essenciais para a melhoria cognitiva observada.</text></sentence></passage></document><document><id>doc76</id><passage><infon key="language">PT</infon><infon key="section">abstract</infon><offset>-1</offset><sentence><infon key="sentnum">0</infon><offset>-1</offset><text>A doença falciforme (DF) é a doença monogênica e afeta milhões de pessoas em todo o mundo.</text></sentence><sentence><infon key="sentnum">1</infon><offset>-1</offset><text>Este estudo analisou a eficácia do clareamento e a presença de sensibilidade dentinária após clareamento dental em portadores de DF.</text></sentence><sentence><infon key="sentnum">2</infon><offset>-1</offset><text>Quarenta voluntários distribuídos aleatoriamente em quatro grupos com diferentes fontes de luz foram submetidos à técnica de clareamento em consultório, utilizando peróxido de hidrogênio a 35%.</text></sentence><sentence><infon key="sentnum">3</infon><offset>-1</offset><text>Não foram encontradas diferenças estatisticamente significativas em relação á presença de sensibilidade, com ou sem a utilização de uma fonte de luz para acelerar a ativação do peróxido e todos os clareamentos foram efetivos, independentemente da técnica utilizada e da presença/ausência de DF.</text></sentence><sentence><infon key="sentnum">4</infon><offset>-1</offset><text>Os dados mostraram que o clareamento dental em consultório, utilizando peróxido de hidrogênio a 35% é uma alternativa viável para melhoria da estética em pacientes com DF.</text></sentence></passage></document><document><id>doc77</id><passage><infon key="language">PT</infon><infon key="section">abstract</infon><offset>-1</offset><sentence><infon key="sentnum">0</infon><offset>-1</offset><text>A esclerose múltipla é uma doença inflamatória e desmielinizante do sistema nervoso central.</text></sentence><sentence><infon key="sentnum">1</infon><offset>-1</offset><text>Tem apresentação variável e os respectivos curso clínico e prognóstico são heterogéneos.</text></sentence><sentence><infon key="sentnum">2</infon><offset>-1</offset><text>Cerca de 85% dos doentes apresentam uma evolução em surto e remissão, mas alguns podem assumir posteriormente um curso progressivo, com acumulação irreversível de incapacidade, definindo a forma secundariamente progressiva da doença.</text></sentence><sentence><infon key="sentnum">3</infon><offset>-1</offset><text>Apesar de todos os avanços conseguidos em termos de diagnóstico, muitas decisões práticas continuam a ser baseadas em aspectos puramente clínicos.</text></sentence><sentence><infon key="sentnum">4</infon><offset>-1</offset><text>Apresentamos o caso de uma doente que, depois do diagnóstico de um síndrome clínico isolado há vários anos, parecia entrar numa fase secundariamente progressiva, desenvolvendo um quadro clínico dominado por uma limitação progressiva da marcha.</text></sentence><sentence><infon key="sentnum">5</infon><offset>-1</offset><text>Mas a esclerose múltipla requer alguma experiência, no sentido de excluir os diagnósticos alternativos, que podem justificar as queixas dos doentes.</text></sentence><sentence><infon key="sentnum">6</infon><offset>-1</offset><text>Aqui apresentamos um importante alerta para o diagnóstico diferencial de esclerose múltipla secundariamente progressiva.</text></sentence></passage></document><document><id>doc78</id><passage><infon key="language">PT</infon><infon key="section">abstract</infon><offset>-1</offset><sentence><infon key="sentnum">0</infon><offset>-1</offset><text>Descrição de caso de neurofibroma plexiforme localizado na região pélvica comprometendo bexiga, próstata e coluna lombossacra, com evolução de três anos e seis meses.</text></sentence><sentence><infon key="sentnum">1</infon><offset>-1</offset><text>Diante de contraindicação de remoção cirúrgica, foi realizado acompanhamento clínico e radiológico semestral, sem constatação de crescimento tumoral.</text></sentence><sentence><infon key="sentnum">2</infon><offset>-1</offset><text>Na neurofibromatose tipo 1, as manifestações clínicas são diversas e a equipe médica deve estar atenta à investigação complementar e pode ser surpreendida por um achado raro.</text></sentence><sentence><infon key="sentnum">3</infon><offset>-1</offset><text>As massas pélvicas volumosas podem, eventualmente, corresponder a neurofibromas plexiformes, sendo útil a investigação de neurofibromatose caso o paciente ainda não tenha esse diagnóstico.</text></sentence></passage></document><document><id>doc81</id><passage><infon key="language">PT</infon><infon key="section">abstract</infon><offset>-1</offset><sentence><infon key="sentnum">0</infon><offset>-1</offset><text>A Síndrome nefrite túbulo intersticial e uveíte é uma síndrome rara e provavelmente sub-diagnosticado na prática clinica.</text></sentence><sentence><infon key="sentnum">1</infon><offset>-1</offset><text>É caracterizada pela ocorrência de nefrite intersticial e de uveíte, sendo um diagnóstico de exclusão.</text></sentence><sentence><infon key="sentnum">2</infon><offset>-1</offset><text>Granulomas não caseosos nos vários tecidos são raros, estando descritos apenas seis casos de granulomas não caseosos na medula óssea.</text></sentence><sentence><infon key="sentnum">3</infon><offset>-1</offset><text>Apresentamos um caso de uma mulher de 55 anos, com quadro de três meses de evolução de astenia e emagrecimento.</text></sentence><sentence><infon key="sentnum">4</infon><offset>-1</offset><text>Laboratorialmente apresentava anemia e insuficiência renal.</text></sentence><sentence><infon key="sentnum">5</infon><offset>-1</offset><text>A biopsia renal revelou nefrite intersticial e a biópsia da medula óssea mostrou granulomas não caseosos.</text></sentence><sentence><infon key="sentnum">6</infon><offset>-1</offset><text>Um mês depois surgiu uveíte anterior do olho esquerdo.</text></sentence><sentence><infon key="sentnum">7</infon><offset>-1</offset><text>A exclusão de todas as possíveis etiologias permitiu o diagnóstico final de Síndrome nefrite túbulo intersticial e uveíte com granulomas não caseosos na medula óssea.</text></sentence><sentence><infon key="sentnum">8</infon><offset>-1</offset><text>Considerando que as manifestações oculares e renais podem não ocorrer simultaneamente, a Síndrome nefrite túbulo intersticial e uveíte deve ser sistematicamente equacionada emdoentes com nefrite intersticial e/ou uveíte, podendo os granulomas fazer parte desta rara patologia.</text></sentence></passage></document><document><id>doc82</id><passage><infon key="language">PT</infon><infon key="section">abstract</infon><offset>-1</offset><sentence><infon key="sentnum">0</infon><offset>-1</offset><text>Resumo 
   Pentamera paraibanensis</text></sentence></passage></document><document><id>doc85</id><passage><infon key="language">PT</infon><infon key="section">abstract</infon><offset>-1</offset><sentence><infon key="sentnum">0</infon><offset>-1</offset><text>O estudo por ressonância magnética multiparamétrica, ou funcional, vem evoluindo para se tornar o pilar fundamental no manejo diagnóstico de pacientes com câncer de próstata.</text></sentence><sentence><infon key="sentnum">1</infon><offset>-1</offset><text>Geralmente, o exame consiste em imagens pesadas em T2, difusão, realce dinâmico pelo contraste (permeabilidade), e cada vez menos frequentemente espectroscopia de prótons.</text></sentence><sentence><infon key="sentnum">2</infon><offset>-1</offset><text>Tais técnicas funcionais relacionam-se com propriedades biológicas do tumor, de modo que a difusão se relaciona com a celularidade e os escores de Gleason, a permeabilidade se relaciona com a angiogênese, e a espectroscopia de prótons se relaciona com o metabolismo da membrana celular.</text></sentence><sentence><infon key="sentnum">3</infon><offset>-1</offset><text>O uso destas técnicas em combinação aumenta a confiança diagnóstica e permite uma melhor caracterização do câncer de próstata.</text></sentence><sentence><infon key="sentnum">4</infon><offset>-1</offset><text>Este artigo tem o objetivo de revisar e ilustrar os aspectos técnicos e as aplicações clínicas de cada componente do estudo de ressonância magnética multiparamétrica da próstata, mediante uma abordagem prática.</text></sentence></passage></document><document><id>doc86</id><passage><infon key="language">PT</infon><infon key="section">abstract</infon><offset>-1</offset><sentence><infon key="sentnum">0</infon><offset>-1</offset><text>O presente trabalho analisa as principais técnicas cirúrgicas empregadas no tratamento da luxação recidivante do ombro (LRO), com o objetivo de obter a normalidade da amplitude dos movimentos articulares e associar diferentes tempos cirúrgicos num único procedimento para obter uma capacidade funcional completa, sem comprometer a normalidade dos movimentos, por causa das suturas tensas usadas nas cirurgias de Putti-Platt, Bankart, Latarjet, Dickson-O’Dell e outras.Após cuidadosa revisão desses métodos em uso, chegamos à conclusão de que a LRO pode ser considerada resolvida quanto à porcentagem de cura (97%).</text></sentence><sentence><infon key="sentnum">1</infon><offset>-1</offset><text>Permanecem, no entanto, limitações dos movimentos na grande maioria dos casos, aceitas até como necessárias para evitar recidivas.O nosso objetivo cirúrgico visa à obtenção de uma recuperação funcional completa, atuar simultaneamente sobre as várias lesões anatomopatológicas e abandonar a ideia das chamadas “lesões essenciais”.</text></sentence><sentence><infon key="sentnum">2</infon><offset>-1</offset><text>A imobilização do ombro operado será feita somente durante a cicatrização das partes moles em rotação neutra.</text></sentence><sentence><infon key="sentnum">3</infon><offset>-1</offset><text>Com o uso de um enxerto ósseo pediculado dispensa-se qualquer tipo de imobilização prolongada, por causa da estabilidade obtida pela osteossíntese da coracoide no rebordo da glenoide, como na técnica de Latarjet.Essa nossa conduta, empregada desde 1959, consiste, portanto, na associação das várias técnicas com as quais se obtêm a cura sem limitação dos movimentos, por causa da redução da tensão nas suturas da cápsula e dos músculos subescapular e coracobraquial empregadas nas técnicas acima.</text></sentence></passage></document><document><id>doc88</id><passage><infon key="language">PT</infon><infon key="section">abstract</infon><offset>-1</offset><sentence><infon key="sentnum">0</infon><offset>-1</offset><text>Doenças em estádio terminal cursam tipicamente com distúrbios do eixo hipotálamo-hipófise-ovário, com consequente anovulação e infertilidade.</text></sentence><sentence><infon key="sentnum">1</infon><offset>-1</offset><text>A transplantação de órgãos sólidos aumentou a sobrevida e melhorou a capacidade reprodutiva das mulheres com este tipo de patologia.</text></sentence><sentence><infon key="sentnum">2</infon><offset>-1</offset><text>Embora a adopção seja uma possibilidade, a mulher transplantada infértil tem direito à sua autodeterminação reprodutiva com recurso a técnicas de procriação medicamente assistida.</text></sentence><sentence><infon key="sentnum">3</infon><offset>-1</offset><text>As gravidezes em mulheres transplantadas são de alto risco, mas não parece existir evidência de diferenças no desfecho obstétrico e neonatal nas grávidas transplantadas sujeitas a procriação assistida, comparativamente a gravidezes espontâneas.</text></sentence><sentence><infon key="sentnum">4</infon><offset>-1</offset><text>A utilização de técnicas de procriação assistida em mulheres transplantadas constitui um desafio médico, ético e psicossocial, cuja abordagem deve ser multidisciplinar, para assegurar o sucesso reprodutivo sem comprometer a função do órgão transplantado ou a saúde materna, permitindo o nascimento de uma criança saudável.</text></sentence><sentence><infon key="sentnum">5</infon><offset>-1</offset><text>A literatura existente mantém-se escassa.</text></sentence><sentence><infon key="sentnum">6</infon><offset>-1</offset><text>São apresentados três casos clínicos.</text></sentence></passage></document><document><id>doc89</id><passage><infon key="language">PT</infon><infon key="section">abstract</infon><offset>-1</offset><sentence><infon key="sentnum">0</infon><offset>-1</offset><text>O lipoma é um tumor frequente dos tecidos moles, mas a sua localização na mão é rara.</text></sentence><sentence><infon key="sentnum">1</infon><offset>-1</offset><text>Os lipomas da mão geralmente são assintomáticos; contudo, quando apresentam um grande crescimento ou em determinadas localizações, podem causar sintomas devido à compressão do nervo mediano.</text></sentence><sentence><infon key="sentnum">2</infon><offset>-1</offset><text>Esses tumores devem ser devidamente caracterizados pré-operatoriamente com um exame de imagem e seu correto tratamento baseia-se na sua excisão completa e liberação do nervo mediano.</text></sentence><sentence><infon key="sentnum">3</infon><offset>-1</offset><text>Apresentamos o caso clínico de uma paciente com o diagnóstico de síndrome do túnel carpal resultante de compressão do nervo mediano por um lipoma palmar gigante, tratada com sucesso com lipectomia e descompressão nervosa.</text></sentence></passage></document><document><id>doc90</id><passage><infon key="language">PT</infon><infon key="section">abstract</infon><offset>-1</offset><sentence><infon key="sentnum">0</infon><offset>-1</offset><text>As lesões dos músculos isquiotibiais (IT) são as mais comuns do esporte e estão correlacionadas com um longo tempo de reabilitação e apresentam uma grande tendência de recidiva.</text></sentence><sentence><infon key="sentnum">1</infon><offset>-1</offset><text>Os IT são compostos pela cabeça longa do bíceps femoral, semitendíneo e semimembranoso.</text></sentence><sentence><infon key="sentnum">2</infon><offset>-1</offset><text>A apresentação clínica do paciente depende das características da lesão, que podem variar desde um estiramento até avulsões da inserção proximal.</text></sentence><sentence><infon key="sentnum">3</infon><offset>-1</offset><text>O fator de risco mais reconhecido é a lesão prévia.</text></sentence><sentence><infon key="sentnum">4</infon><offset>-1</offset><text>A ressonância magnética é o exame de escolha para o diagnóstico e classificação da lesão.</text></sentence><sentence><infon key="sentnum">5</infon><offset>-1</offset><text>Muitos sistemas de classificação têm sido propostos; os mais atuais objetivam descrever a lesão e correlacioná-la com o seu prognóstico.</text></sentence><sentence><infon key="sentnum">6</infon><offset>-1</offset><text>O tratamento das lesões é conservador, com o uso de medicações anti-inflamatórias na fase aguda, seguido do programa de reabilitação.</text></sentence><sentence><infon key="sentnum">7</infon><offset>-1</offset><text>As lesões por avulsão proximal têm apresentado melhores resultados com o reparo cirúrgico.</text></sentence><sentence><infon key="sentnum">8</infon><offset>-1</offset><text>Quando o paciente está sem dor, apresenta recuperação da força e do alongamento muscular e consegue fazer os movimentos do esporte, está apto para retornar à atividade física.</text></sentence><sentence><infon key="sentnum">9</infon><offset>-1</offset><text>Programas de prevenção, baseados no fortalecimento excêntrico da musculatura, têm sido indicados tanto para evitar a lesão inicial como a recidiva.</text></sentence></passage></document><document><id>doc91</id><passage><infon key="language">PT</infon><infon key="section">abstract</infon><offset>-1</offset><sentence><infon key="sentnum">0</infon><offset>-1</offset><text>A variabilidade da sintomatologia e o fato de não serem facilmente reconhecidas nos exames de imagem tornam o diagnóstico e o tratamento das lesões das raízes posteriores dos meniscos tarefas desafiadoras para o ortopedista.</text></sentence><sentence><infon key="sentnum">1</infon><offset>-1</offset><text>Nos últimos anos, uma compreensão mais precisa da anatomia e do comprometimento biomecânico da articulação do joelho nessas lesões têm possibilitado grandes avanços nas abordagens terapêuticas.</text></sentence><sentence><infon key="sentnum">2</infon><offset>-1</offset><text>Estudos bem documentados demonstram que o reparo dessas lesões oferece uma melhoria clínica e funcional superior à meniscectomia.</text></sentence><sentence><infon key="sentnum">3</infon><offset>-1</offset><text>Entretanto, os resultados da progressão das alterações degenerativas articulares em longo prazo ainda são conflitantes.</text></sentence></passage></document><document><id>doc93</id><passage><infon key="language">PT</infon><infon key="section">abstract</infon><offset>-1</offset><sentence><infon key="sentnum">0</infon><offset>-1</offset><text>A doença de Gorham, também conhecida por osteólise maciça idiopática, é uma patologia rara, caraterizada por uma proliferação vascular que resulta na destruição e reabsorção da matriz óssea, de etiologia desconhecida.</text></sentence><sentence><infon key="sentnum">1</infon><offset>-1</offset><text>Foi descrita pela primeira vez em 1838 por Jackson, mas foram Gorham e Stout, em 1955, que definiram a doença como uma entidade específica.</text></sentence><sentence><infon key="sentnum">2</infon><offset>-1</offset><text>Com uma apresentação clinica variável, geralmente tem um comportamento progressivo.</text></sentence><sentence><infon key="sentnum">3</infon><offset>-1</offset><text>O tratamento permanece controverso, não há um tratamento padrão.</text></sentence><sentence><infon key="sentnum">4</infon><offset>-1</offset><text>Essa patologia apresenta geralmente um prognóstico favorável.</text></sentence><sentence><infon key="sentnum">5</infon><offset>-1</offset><text>É apresentado um caso de doença de Gorham com envolvimento do quadril esquerdo, num doente do sexo masculino, sem antecedentes de relevo.</text></sentence></passage></document><document><id>doc94</id><passage><infon key="language">PT</infon><infon key="section">abstract</infon><offset>-1</offset><sentence><infon key="sentnum">0</infon><offset>-1</offset><text>A pneumatose intestinal, caracterizada pela presença de gás na parede do cólon, é uma condição incomum com um espectro de apresentação variável.</text></sentence><sentence><infon key="sentnum">1</infon><offset>-1</offset><text>Pode ser idiopática ou secundária a outras doenças.</text></sentence><sentence><infon key="sentnum">2</infon><offset>-1</offset><text>A tomografia computorizada é o método de diagnóstico com maior sensibilidade.</text></sentence><sentence><infon key="sentnum">3</infon><offset>-1</offset><text>Na ausência de sinais e sintomas sugestivos de complicações, como a perfuração e a peritonite, a pneumatose intestinal pode ser tratada de forma conservadora.</text></sentence><sentence><infon key="sentnum">4</infon><offset>-1</offset><text>Apresenta-se o caso de uma mulher de 59 anos com pneumatose cólica secundária a teratoma ovárico benigno.</text></sentence><sentence><infon key="sentnum">5</infon><offset>-1</offset><text>Após a cirurgia, manteve-se sintomática e foi tratada com sucesso com metronidazol e oxigenoterapia hiperbárica.</text></sentence></passage></document><document><id>doc95</id><passage><infon key="language">PT</infon><infon key="section">abstract</infon><offset>-1</offset><sentence><infon key="sentnum">0</infon><offset>-1</offset><text>A Sinovite Vilonodular Pigmentada é uma entidade clínica rara caracterizada como um tumor benigno da membrana sinovial, apesar de possível apresentação agressiva com destruição articular.</text></sentence><sentence><infon key="sentnum">1</infon><offset>-1</offset><text>A variante circunscrita é quatro vezes menos frequente e o envolvimento do ombro é incomum.</text></sentence><sentence><infon key="sentnum">2</infon><offset>-1</offset><text>Apresentamos o caso de uma doente de 59 anos de idade, que apresentava omalgia à esquerda, incaracterística, com tumefacção local e limitação funcional de um mês de duração.</text></sentence><sentence><infon key="sentnum">3</infon><offset>-1</offset><text>A ecografia do ombro mostrou bursite subacromial.</text></sentence><sentence><infon key="sentnum">4</infon><offset>-1</offset><text>Foi efectuada uma aspiração ecoguiada: o líquido sinovial era translúcido e de cor citrina.</text></sentence><sentence><infon key="sentnum">5</infon><offset>-1</offset><text>Um mês mais tarde, a doente mantinha tumefacção, dor e incapacidade funcional do ombro esquerdo.</text></sentence><sentence><infon key="sentnum">6</infon><offset>-1</offset><text>Foi efectuada nova ecografia do ombro, que revelou bursite subacromial exuberante, que foi novamente aspirada com apoio ecográfico.</text></sentence><sentence><infon key="sentnum">7</infon><offset>-1</offset><text>O líquido sinovial era hemático, sem alterações nos exames culturais e citoquímico.</text></sentence><sentence><infon key="sentnum">8</infon><offset>-1</offset><text>Efectuou-se injecção ecoguiada na bursa com 80 mg de hexacetonido de triamcinolona.</text></sentence><sentence><infon key="sentnum">9</infon><offset>-1</offset><text>Dois meses mais tarde houverecorrência de sintomas e a ecografia mostrou uma vez mais bursite subacromial com proliferação sinovial extensa.</text></sentence><sentence><infon key="sentnum">10</infon><offset>-1</offset><text>A RMN do ombro revelou bursite subacromial envolvendo os recessos anteriores, posterior e interno, com distensão do deltóide, mas sem envolvimento tendinoso ou intra-articular.</text></sentence><sentence><infon key="sentnum">11</infon><offset>-1</offset><text>No interior da bursa observaram-se imagens hipointensas em T2, sugerindo o diagnóstico de Sinovite Vilonodular Pigmentada.</text></sentence><sentence><infon key="sentnum">12</infon><offset>-1</offset><text>A doente foi sujeita a bursectomia cirúrgica, com sucesso e sem complicações.</text></sentence><sentence><infon key="sentnum">13</infon><offset>-1</offset><text>O exame histológico da peça operatória confirmou o diagnóstico imagiológico.</text></sentence><sentence><infon key="sentnum">14</infon><offset>-1</offset><text>A Sinovite Vilonodular Pigmentada é incomum, raramente afectando o ombro na variante circunscrita.</text></sentence><sentence><infon key="sentnum">15</infon><offset>-1</offset><text>É um diagnóstico a ser considerado na omalgia, especialmente se associado a bursite subacromial recorrente.</text></sentence></passage></document><document><id>doc96</id><passage><infon key="language">PT</infon><infon key="section">abstract</infon><offset>-1</offset><sentence><infon key="sentnum">0</infon><offset>-1</offset><text>Os hemangiomas hepáticos infantis constituem o terceiro tumor hepático mais frequente na criança e o mais frequente antes dos seis meses.</text></sentence><sentence><infon key="sentnum">1</infon><offset>-1</offset><text>As opções terapêuticas são determinadas pela apresentação clínica, devendo ser individualizadas.</text></sentence><sentence><infon key="sentnum">2</infon><offset>-1</offset><text>Apresenta-se o caso de uma criança actualmente com quatro anos de idade, com diagnóstico neonatal de volumosa malformação hepática vascularizada, com critérios imagiológicos compatíveis com hemangioma hepático infantil.</text></sentence><sentence><infon key="sentnum">3</infon><offset>-1</offset><text>Destaca-se a ocorrência inicial de Síndrome de Kasabach-Merrit (trombocitopenia, anemia) e insuficiência cardíaca que resolveram espontaneamente.</text></sentence><sentence><infon key="sentnum">4</infon><offset>-1</offset><text>Ao longo do período de seguimento, o estudo imagiológico evolutivo (ecografia, doppler ressonância magnética e tomografia computorizada com administração de contraste endovenoso) confirmou a hipótese de HHI ao permitir o mapeamento vascular detalhado.</text></sentence><sentence><infon key="sentnum">5</infon><offset>-1</offset><text>A partir do primeiro ano de vida, constatou-se evolução favorável com redução progressiva da massa.</text></sentence><sentence><infon key="sentnum">6</infon><offset>-1</offset><text>Embora se tenha mantido atitude conservadora, a melhor abordagem e intervenção nesta entidade, permanece controversa.</text></sentence><sentence><infon key="sentnum">7</infon><offset>-1</offset><text>Salientam-se as particularidades deste caso, discutindo a abordagem com melhor relação custo-benefício.</text></sentence></passage></document><document><id>doc97</id><passage><infon key="language">PT</infon><infon key="section">abstract</infon><offset>-1</offset><sentence><infon key="sentnum">0</infon><offset>-1</offset><text>As drogas de abuso sÉo um grupo heterogéneo de xenobióticos ou endobióticos que alteram a organizaçÉo sináptica no sistemanervoso central, de modo transitório ou permanente, conduzindo frequentemente ao consumo da droga de forma compulsiva.</text></sentence><sentence><infon key="sentnum">1</infon><offset>-1</offset><text>O que une os seus membros é o facto de conferirem prazer (hedonismo) a quem consome, nomeadamente por influência no sistema mesolímbico da dopamina.</text></sentence><sentence><infon key="sentnum">2</infon><offset>-1</offset><text>Para exercerem os seus efeitos, as diferentes drogas de abuso vÉo atuar sobre recetores e transportadores de neurotransmissores, modelando a libertaçÉo destes para a fenda sináptica.</text></sentence><sentence><infon key="sentnum">3</infon><offset>-1</offset><text>Além de atuar em neurónios pré-sinápticos, também atuam nos recetores de neurotransmissores e canais iónicos nos neurónios pós-sinápticos, ocorrendo desta forma, uma modificaçÉo das vias de sinalizaçÉo.</text></sentence><sentence><infon key="sentnum">4</infon><offset>-1</offset><text>Nesta revisÉo é discutido a farmacodin'mica de algumas subst'ncias psicoativas que sÉo alvo de consumoabusivo em Portugal.</text></sentence><sentence><infon key="sentnum">5</infon><offset>-1</offset><text>Com esta abordagem é também possível uma discussÉo das drogas de abuso que exibem efeitos toxicológicos tÉo diversos como estimulantes, depressores e alucinogénios.</text></sentence><sentence><infon key="sentnum">6</infon><offset>-1</offset><text>Nomeadamente é discutido o potencial dos (i.e. depressores do sistema nervoso central, estimulantes, antiparkinsónicos anticolinérgicos, opioides, alucinogénios e dos canabinoides) para desenvolverem adiçÉo e dependência, bem como serem alvo de utilizações lícitas e ilícitas.</text></sentence></passage></document><document><id>doc98</id><passage><infon key="language">PT</infon><infon key="section">abstract</infon><offset>-1</offset><sentence><infon key="sentnum">0</infon><offset>-1</offset><text>A disseção isolada da aorta abdominal é um evento raro.</text></sentence><sentence><infon key="sentnum">1</infon><offset>-1</offset><text>A sua história natural e tratamento ideal não estão totalmente esclarecidos.</text></sentence><sentence><infon key="sentnum">2</infon><offset>-1</offset><text>A intervenção endovascular tem ganho uma preponderância crescente.</text></sentence><sentence><infon key="sentnum">3</infon><offset>-1</offset><text>A disseção crónica isolada da aorta abdominal está ainda menos descrita na literatura.</text></sentence><sentence><infon key="sentnum">4</infon><offset>-1</offset><text>Descrevemos três casos de doentes com disseção crónica isolada da aorta abdominal submetidos a tratamento endovascular na nossa instituição.</text></sentence><sentence><infon key="sentnum">5</infon><offset>-1</offset><text>A média de idades dos doentes era de 82 anos.</text></sentence><sentence><infon key="sentnum">6</infon><offset>-1</offset><text>A indicação terapêutica foi degeneração aneurismática.</text></sentence><sentence><infon key="sentnum">7</infon><offset>-1</offset><text>O diâmetro aórtico médio à apresentação era de 46,7 mm.</text></sentence><sentence><infon key="sentnum">8</infon><offset>-1</offset><text>Não houve mortalidade ou reintervenção peri-operatória.</text></sentence><sentence><infon key="sentnum">9</infon><offset>-1</offset><text>O seguimento pós-operatório médio foi de 5,3 anos (2-12 anos).</text></sentence><sentence><infon key="sentnum">10</infon><offset>-1</offset><text>Realizou-se reintervenção tardia num doente, oito anos após a cirurgia inicial, por endofuga tipo I. Segundo a nossa curta experiência o tratamento endovascular representa uma opção terapêutica eficaz na disseção crónica isolada da aorta abdominal.</text></sentence><sentence><infon key="sentnum">11</infon><offset>-1</offset><text>O follow-up alargado é mandatório.</text></sentence><sentence><infon key="sentnum">12</infon><offset>-1</offset><text>São necessários estudos com maiores amostras e follow-up para melhor compreender esta patologia.</text></sentence></passage></document><document><id>doc99</id><passage><infon key="language">PT</infon><infon key="section">abstract</infon><offset>-1</offset><sentence><infon key="sentnum">0</infon><offset>-1</offset><text>A luxação congênita da patela é uma patologia rara, em que a patela se encontra permanentemente luxada e manualmente irredutível.</text></sentence><sentence><infon key="sentnum">1</infon><offset>-1</offset><text>A patela desenvolve-se normalmente como um osso sesamoide do fêmur.</text></sentence><sentence><infon key="sentnum">2</infon><offset>-1</offset><text>A luxação congênita da patela resulta da falência da rotação interna do miótomo que forma o fêmur, músculo quadricípite e o aparelho extensor.</text></sentence><sentence><infon key="sentnum">3</infon><offset>-1</offset><text>Usualmente manifesta-se imediatamente após o nascimento, embora em alguns casos raros o diagnóstico possa ser adiado até a adolescência/idade adulta.</text></sentence><sentence><infon key="sentnum">4</infon><offset>-1</offset><text>O diagnóstico precoce é importante, permite a correção cirúrgica, evita as sequelas tardias, notadamente alterações degenerativas precoces do joelho.</text></sentence><sentence><infon key="sentnum">5</infon><offset>-1</offset><text>É apresentado um caso de luxação permanente da patela, numa criança de sexo feminino, com sete anos.</text></sentence></passage></document><document><id>doc100</id><passage><infon key="language">PT</infon><infon key="section">abstract</infon><offset>-1</offset><sentence><infon key="sentnum">0</infon><offset>-1</offset><text>A enteropatia por Olmesartan não estava reconhecida até ao ano de 2012 quando a “Mayo Clinic” apresentou 22 casos.</text></sentence><sentence><infon key="sentnum">1</infon><offset>-1</offset><text>Apesar de existirem poucos casos publicados, é importante familiarizar os clínicos com aspectos referentes a esta patologia, visto tratar-se de um fármaco muito prescrito e o diagnóstico diferencial da enteropatia “sprue-like” ser muito amplo.Apresentamos o caso de um paciente em tratamento com Olmesartan por hipertensão arterial.</text></sentence><sentence><infon key="sentnum">2</infon><offset>-1</offset><text>É internado 3 vezes num prazo de 4 meses por quadro de diarreia e perda importante de peso.</text></sentence><sentence><infon key="sentnum">3</infon><offset>-1</offset><text>Inicialmente, é diagnosticado de colite linfocítica que não responde ao tratamento com corticóides e, posteriormente, de provável doença celíaca que não responde a dieta sem glúten.</text></sentence><sentence><infon key="sentnum">4</infon><offset>-1</offset><text>Realizam-se inúmeros exames complementários, analíticos e de imagem, sem concluir-se nenhum diagnóstico.</text></sentence><sentence><infon key="sentnum">5</infon><offset>-1</offset><text>Perante a suspeita de uma enteropatia por Olmesartan, retira-se o fármaco definitivamente e reinicia-se o glúten na dieta, confirmando-se uma melhoria espectacular do quadro clínico.</text></sentence><sentence><infon key="sentnum">6</infon><offset>-1</offset><text>Durante os internamentos não tomava Olmesartan, sendo o motivo da melhoria clínica durante os mesmos.Os mecanismos associados a esta patologia são desconhecidos.</text></sentence><sentence><infon key="sentnum">7</infon><offset>-1</offset><text>Pode afectar todo o aparelho digestivo e mimetizar uma doença celíaca refractária e/ou colite linfocítica devido a semelhança dos sintomas e da anatomia patológica.</text></sentence><sentence><infon key="sentnum">8</infon><offset>-1</offset><text>Devido à elevada prescrição deste medicamento, é esperável que no futuro se diagnostiquem mais casos, motivo pelo qual, os clínicos, principalmente os gastroenterologistas, devem de considera-la no diagnóstico diferencial.</text></sentence></passage></document></collection>