<?xml version="1.0" encoding="UTF-8"?><!DOCTYPE collection SYSTEM "BioC.dtd"><collection><source></source><date></date><key></key><document><id>doc1</id><passage><infon key="language">EN</infon><infon key="section">abstract</infon><offset>-1</offset><sentence><infon key="sentnum">0</infon><offset>-1</offset><text>The aim of this paper is to propose indicators of adequacy and to estimate correction factors for deaths reported to SIM.</text></sentence><sentence><infon key="sentnum">1</infon><offset>-1</offset><text>In 2014, we carried out a Proactive Search to capture deaths that occurred in 2012 in a sample of municipalities in the regions North and Northeast, and the states of Minas Gerais, Mato Grosso and Goiás.</text></sentence><sentence><infon key="sentnum">2</infon><offset>-1</offset><text>To characterize the coverage of deaths information, we proposed indicators of adequacy by municipality.</text></sentence><sentence><infon key="sentnum">3</infon><offset>-1</offset><text>Correction factors were estimated for individuals one year of age or older and younger than 1 year old.</text></sentence><sentence><infon key="sentnum">4</infon><offset>-1</offset><text>Among the deaths of people aged one year or more, the coverage was above 90% in 12 states.</text></sentence><sentence><infon key="sentnum">5</infon><offset>-1</offset><text>As for infant deaths, the coverage was less than 80% in 7 states.</text></sentence><sentence><infon key="sentnum">6</infon><offset>-1</offset><text>The results of the regression models showed association between the correction factors estimated and the proposed indicators of adequacy.</text></sentence><sentence><infon key="sentnum">7</infon><offset>-1</offset><text>We found very poor death information in 227 municipalities, for which the reported number of infant deaths even after correction, could not reach the minimum expected.</text></sentence><sentence><infon key="sentnum">8</infon><offset>-1</offset><text>Although the progress made in information of vital data in Brazil is recognized, the results show that our greatest challenge is to reach rural and remote municipalities, which do not yet have adequate vital information.</text></sentence></passage></document><document><id>doc2</id><passage><infon key="language">EN</infon><infon key="section">abstract</infon><offset>-1</offset><sentence><infon key="sentnum">0</infon><offset>-1</offset><text>The authors review the main concepts regarding the importance of cleaning/disinfection of ultrasonography probes, aiming a better comprehension by practitioners and thus enabling strategies to establish a safe practice without compromising the quality of the examination and the operator productivity.</text></sentence><sentence><infon key="sentnum">1</infon><offset>-1</offset><text>In the context of biosafety, it is imperative to assume that contact with blood or body fluids represents a potential source of infection.</text></sentence><sentence><infon key="sentnum">2</infon><offset>-1</offset><text>Thus, in order to implement cleaning/disinfection practice, it is necessary to understand the principles of infection control, to consider the cost/benefit ratio of the measures to be implemented, and most importantly, to comprehend that such measures will not only benefit the health professional and the patient, but the society as a whole.</text></sentence></passage></document><document><id>doc3</id><passage><infon key="language">EN</infon><infon key="section">abstract</infon><offset>-1</offset><sentence><infon key="sentnum">0</infon><offset>-1</offset><text>With the steep increase in the use of cross-sectional imaging in recent years, the incidentally detected adrenal lesion, or "incidentaloma", has become an increasingly common diagnostic problem for the radiologist, and a need for an approach to classifying these lesions as benign, malignant or indeterminate with imaging has spurred an explosion of research.</text></sentence><sentence><infon key="sentnum">1</infon><offset>-1</offset><text>While most incidentalomas represent benign disease, typically an adenoma, the possibility of malignant involvement of the adrenal gland necessitates a reliance on imaging to inform management decisions.</text></sentence><sentence><infon key="sentnum">2</infon><offset>-1</offset><text>In this article, we review the literature on adrenal gland imaging, with particular emphasis on computed tomography, magnetic resonance imaging, and photon-emission tomography, and discuss how these findings relate to clinical practice.</text></sentence><sentence><infon key="sentnum">3</infon><offset>-1</offset><text>Emerging technologies, such as contrast-enhanced ultrasonography, dual-energy computed tomography, and magnetic resonance spectroscopic imaging will also be briefly addressed.</text></sentence></passage></document><document><id>doc5</id><passage><infon key="language">EN</infon><infon key="section">abstract</infon><offset>-1</offset><sentence><infon key="sentnum">0</infon><offset>-1</offset><text>Snapping scapula syndrome has several etiologies, including subscapular osteochondroma.</text></sentence><sentence><infon key="sentnum">1</infon><offset>-1</offset><text>When this tumor needs to be removed, this can be done arthroscopically, a procedure that has restricted indications.</text></sentence><sentence><infon key="sentnum">2</infon><offset>-1</offset><text>The authors present a case of a patient with superomedial subscapular osteochondroma who underwent a scapulothoracic arthroscopy for its removal.</text></sentence></passage></document><document><id>doc6</id><passage><infon key="language">EN</infon><infon key="section">abstract</infon><offset>-1</offset><sentence><infon key="sentnum">0</infon><offset>-1</offset><text>We report a clinical case of a 60 year-old man, asymptomatic to whom was incidentally found two retrovesical cysts.</text></sentence><sentence><infon key="sentnum">1</infon><offset>-1</offset><text>Physical examination revealed hypogastric, elastic and painless masses; digital rectal examination documented a normal prostate gland.</text></sentence><sentence><infon key="sentnum">2</infon><offset>-1</offset><text>Computerized tomography confirmed the presence of two giant seminal vesicle cysts.</text></sentence></passage></document><document><id>doc7</id><passage><infon key="language">EN</infon><infon key="section">abstract</infon><offset>-1</offset><sentence><infon key="sentnum">0</infon><offset>-1</offset><text>The definition of neglected clubfoot (NC) includes a variable range of complex deformities of the foot that are refractory to conventional treatments or are treated inappropriately.</text></sentence><sentence><infon key="sentnum">1</infon><offset>-1</offset><text>Several etiologies may be related to this.</text></sentence><sentence><infon key="sentnum">2</infon><offset>-1</offset><text>The Ilizarov method has become established as a tool for treating these deformities.</text></sentence><sentence><infon key="sentnum">3</infon><offset>-1</offset><text>It minimizes soft-tissue damage through gradual correction of the deformity, with a high success rate in relation to achieving a plantigrade foot, with low incidence of recurrence.</text></sentence><sentence><infon key="sentnum">4</infon><offset>-1</offset><text>The indications for treatment include severe rigid deformities (Dimeglio III and IV), or adverse skin conditions.</text></sentence><sentence><infon key="sentnum">5</infon><offset>-1</offset><text>Careful clinical and radiological examination is fundamental for proper planning and installation of the external fixator.</text></sentence><sentence><infon key="sentnum">6</infon><offset>-1</offset><text>The techniques used include selection of external fixation assemblies, which can be closed when there is a connection between the leg, hindfoot and forefoot.</text></sentence><sentence><infon key="sentnum">7</infon><offset>-1</offset><text>This closed assembly may or may not be constricted, according to whether hinges are provided or whether use of the natural anatomical hinges during correction of the deformity is envisaged.</text></sentence><sentence><infon key="sentnum">8</infon><offset>-1</offset><text>An open assembly makes it possible to add flexibility to the foot through histogenesis, while allowing closed corrections of greater precision later on.</text></sentence><sentence><infon key="sentnum">9</infon><offset>-1</offset><text>Hexapod fixators are an innovation with high potential for accuracy in correcting deformities.</text></sentence><sentence><infon key="sentnum">10</infon><offset>-1</offset><text>Procedures associated with external fixation include soft-tissue release and bone procedures.</text></sentence><sentence><infon key="sentnum">11</infon><offset>-1</offset><text>These procedures enable corrections that are more anatomical, for different degrees of severity and stiffness of deformity.</text></sentence><sentence><infon key="sentnum">12</infon><offset>-1</offset><text>It can be concluded from analyzing this case series that treatment of neglected clubfoot using an external fixator has a high rate of good and excellent results, with low frequency of complications.</text></sentence></passage></document><document><id>doc9</id><passage><infon key="language">EN</infon><infon key="section">abstract</infon><offset>-1</offset><sentence><infon key="sentnum">0</infon><offset>-1</offset><text>Hemosiderotic fibrohistiocytic lipomatous tumors are rare neoplasms that were first described in 2000.</text></sentence><sentence><infon key="sentnum">1</infon><offset>-1</offset><text>Initially considered a benign lipotamous lesion of the soft tissues, nowadays they are considered to be a locally aggressive tumor.</text></sentence><sentence><infon key="sentnum">2</infon><offset>-1</offset><text>They occur mainly in the foot and ankle of women in their fifth and sixth decades, although they may be found in any place in the lower limbs and, more rarely, in other parts of the body.</text></sentence><sentence><infon key="sentnum">3</infon><offset>-1</offset><text>Histologically, hemosiderotic fibrohistiocytic lipomatous tumors consist of a mixture of mature adipose tissue, fusiform cell fascicles, macrophages that often contain cytoplasmic hemosiderin, mononuclear inflammatory infiltrate, and stroma that may be focally myxoid.</text></sentence><sentence><infon key="sentnum">4</infon><offset>-1</offset><text>Local recurrence is observed in nearly one-third of all cases.</text></sentence><sentence><infon key="sentnum">5</infon><offset>-1</offset><text>There is no consensus in the literature whether this tumor is a part of a spectrum that comprises pleomorphic hyalinizing angiectatic tumors and myxoinflammatory fibroblastic malignant tumors, or if it is an independent entity.</text></sentence><sentence><infon key="sentnum">6</infon><offset>-1</offset><text>The authors report a case of a neoplasia after a diagnosis of a hemosiderotic fibrohistiocytic lipomatous tumor in a 38-year-old woman, with two recurrences and later sarcomatous transformation.</text></sentence><sentence><infon key="sentnum">7</infon><offset>-1</offset><text>An immunohistochemical study indicated myofibroblastic differentiation of a malignant neoplasm.</text></sentence><sentence><infon key="sentnum">8</infon><offset>-1</offset><text>To the best of the authors' knowledge, there are only few reported cases of malignant transformation in hemosiderotic fibrohistiocytic lipomatous tumors.</text></sentence></passage></document><document><id>doc10</id><passage><infon key="language">EN</infon><infon key="section">abstract</infon><offset>-1</offset><sentence><infon key="sentnum">0</infon><offset>-1</offset><text>Colorectal cancer (CRC) is one of the most important causes of death in the world.</text></sentence><sentence><infon key="sentnum">1</infon><offset>-1</offset><text>Hereditary CRC is found in 5-10% of CRC patients.</text></sentence><sentence><infon key="sentnum">2</infon><offset>-1</offset><text>In this review, we will focus on the major forms of hereditary CRC and their management according to the most recent literature available.</text></sentence></passage></document><document><id>doc13</id><passage><infon key="language">EN</infon><infon key="section">abstract</infon><offset>-1</offset><sentence><infon key="sentnum">0</infon><offset>-1</offset><text>Approximately 1 in every 76,000 pregnancies develops within a unicornuate uterus with a rudimentary horn.</text></sentence><sentence><infon key="sentnum">1</infon><offset>-1</offset><text>Müllerian uterus anomalies are often asymptomatic, thus, the diagnosis is a challenge, and it is usually made during the gestation or due to its complications, such as uterine rupture, pregnancy-induced hypertension, antepartum, postpartum bleeding and intrauterine growth restriction (IUGR).</text></sentence><sentence><infon key="sentnum">2</infon><offset>-1</offset><text>In order to avoid unnecessary cesarean sections and the risks they involve, the physicians should consider the several approaches and for how long it is feasible to perform labor induction in suspected cases of pregnancy in a unicornuate uterus with a rudimentary horn, despite the rarity of the anomaly.</text></sentence><sentence><infon key="sentnum">3</infon><offset>-1</offset><text>This report describes a case of a unicornuate uterus in which a pregnancy developed in the non-communicating rudimentary horn and the consequences of the delayed diagnosis.</text></sentence></passage></document><document><id>doc15</id><passage><infon key="language">EN</infon><infon key="section">abstract</infon><offset>-1</offset><sentence><infon key="sentnum">0</infon><offset>-1</offset><text>Carpal boss is an uncommon condition whose incidence is underestimated and that is frequently confused with other causes of development of tumor-like lesions on the dorsum of the wrist.</text></sentence><sentence><infon key="sentnum">1</infon><offset>-1</offset><text>From the clinical point of view, the main obstacle to its recognition is the nonspecificity of symptoms, frequently attributed to dorsal ganglion cysts, since both conditions share a similar location on the dorsum of the wrist.</text></sentence><sentence><infon key="sentnum">2</infon><offset>-1</offset><text>The assessment by ultrasonography allows for a correct diagnosis and appropriate management, with better chances of resolution of the clinical complaint and lower probability of iatrogenic worsening of the lesion.</text></sentence><sentence><infon key="sentnum">3</infon><offset>-1</offset><text>The present review is aimed at describing the different sonographic findings of carpal boss.</text></sentence></passage></document><document><id>doc17</id><passage><infon key="language">EN</infon><infon key="section">abstract</infon><offset>-1</offset><sentence><infon key="sentnum">0</infon><offset>-1</offset><text>Fat embolism is frequent following fractures of long bones, however the development of the clinical syndrome of fat embolism (characterized by progressive respiratory distress, mental status depression and petechial rash) is rare, but relevant because of its potential severity.</text></sentence><sentence><infon key="sentnum">1</infon><offset>-1</offset><text>We report a case of a trauma patient with multiple fractures of the right lower limb in whom an emergency computed tomography scan showed fat emboli within the lumen of the homolateral common femoral vein.</text></sentence><sentence><infon key="sentnum">2</infon><offset>-1</offset><text>The imaging detection of macroscopic fat emboli should alert the clinician to the potential for subsequent fat embolism syndrome.</text></sentence></passage></document><document><id>doc18</id><passage><infon key="language">EN</infon><infon key="section">abstract</infon><offset>-1</offset><sentence><infon key="sentnum">0</infon><offset>-1</offset><text>Salivary gland neoplasms are a relatively uncommon disease, with nearly one case per 100.000 adults estimated per year and an overall incidence of 1% of all neoplasms.</text></sentence><sentence><infon key="sentnum">1</infon><offset>-1</offset><text>The benign neoplasms are majority and the prognosis depends on the histologic type, grade, localization, soft tissue infiltration, regional and distant metastasis.</text></sentence><sentence><infon key="sentnum">2</infon><offset>-1</offset><text>The main treatment is surgery with caution to facial nerve in the major salivary glands, followed by radiotherapy and chemotherapy in selected cases.</text></sentence><sentence><infon key="sentnum">3</infon><offset>-1</offset><text>The objective of this review is to provide the lector an historic approach about salivary gland diseases treatment, with special attention to the parotid neoplasms and its peculiarities associated to those who studied these glands in their history course.</text></sentence></passage></document><document><id>doc19</id><passage><infon key="language">EN</infon><infon key="section">abstract</infon><offset>-1</offset><sentence><infon key="sentnum">0</infon><offset>-1</offset><text>Partial tears of the anterior cruciate ligament (ACL) are common and represent 10-27% of the total.</text></sentence><sentence><infon key="sentnum">1</infon><offset>-1</offset><text>The main reasons for attending to cases of non-torn bundles are biomechanical, vascular and proprioceptive.</text></sentence><sentence><infon key="sentnum">2</infon><offset>-1</offset><text>Continued presence of the bundle also serves as protection during the healing process.</text></sentence><sentence><infon key="sentnum">3</infon><offset>-1</offset><text>There is controversy regarding the definition of these injuries, which is based on anatomy, clinical examination, translation measurements, imaging examinations and arthroscopy.</text></sentence><sentence><infon key="sentnum">4</infon><offset>-1</offset><text>The way in which it is treated will depend on the existing laxity and instability.</text></sentence><sentence><infon key="sentnum">5</infon><offset>-1</offset><text>Conservative treatment is optional for cases without instability, with a focus on motor rehabilitation.</text></sentence><sentence><infon key="sentnum">6</infon><offset>-1</offset><text>Surgical treatment is a challenge, since it requires correct positioning of the bone tunnels and conservation of the remnants of the torn bundle.</text></sentence><sentence><infon key="sentnum">7</infon><offset>-1</offset><text>The pivot shift test under anesthesia, the magnetic resonance findings, the previous level and type of sports activity and the arthroscopic appearance and mechanical properties of the remnants will aid the orthopedist in the decision-making process between conservative treatment, surgical treatment with strengthening of the native ACL (selective reconstruction) and classical (anatomical) reconstruction.</text></sentence></passage></document><document><id>doc23</id><passage><infon key="language">EN</infon><infon key="section">abstract</infon><offset>-1</offset><sentence><infon key="sentnum">0</infon><offset>-1</offset><text>This is a theoretical essay about the development of the concept of solidarity, a word used in the regulatory framework and in political proposals to reorient the Brazilian Unified Health System (SUS).</text></sentence><sentence><infon key="sentnum">1</infon><offset>-1</offset><text>The methodology consisted of mapping authors addressing human action aspects related to this theme from Durkheim's tradition, linking them to his followers, like Marcel Mauss and authors from the "anti-utilitarianism" movement in social sciences.</text></sentence><sentence><infon key="sentnum">2</infon><offset>-1</offset><text>Solidarity is one way to express a "gift" and appears as a multidimensional action, where duty and freedom, instrumental interest and disinterest interpose and interlace.</text></sentence><sentence><infon key="sentnum">3</infon><offset>-1</offset><text>The planning and execution of sanitary surveillance (VISA) actions requires comprehension of organizational forms and solidary relationship management among agents involved in health risk control, transcending the strongly normative aspect of the prevailing supervision actions.</text></sentence><sentence><infon key="sentnum">4</infon><offset>-1</offset><text>The development of associative actions involving sanitary surveillance professionals, economic agents and consumers, aiming to share the responsibilities in the health risk control of products, services and environments subjected to Sanitary Surveillance action is suggested.</text></sentence></passage></document><document><id>doc24</id><passage><infon key="language">EN</infon><infon key="section">abstract</infon><offset>-1</offset><sentence><infon key="sentnum">0</infon><offset>-1</offset><text>Current strategies of European health advocate the strengthening of the role of public health, requiring from decision-makers the ability to defend and enhance the health of individuals and populations in all policies.</text></sentence><sentence><infon key="sentnum">1</infon><offset>-1</offset><text>In the pursuit of this objective, public health should be evidence-based and so public health surveillance, seen as an important tool of public health since the nineteenth century, plays a central role in public health practice through the production and dissemination of the health information necessary for health planning and for evaluation of public health actions.</text></sentence><sentence><infon key="sentnum">2</infon><offset>-1</offset><text>Within the practice of public health estimations of disease frequency are important for outbreak control, health assessment, health needs assessment and estimation of health gains, but unfortunately these estimations are not always available for the entire population.</text></sentence><sentence><infon key="sentnum">3</infon><offset>-1</offset><text>In those cases and for diseases with high prevalence sentinel surveillance based in sentinel networks have some advantages for specific groups, namely needed of scarce resources and obtainment of quick results.The central role of family doctors in chronic disease management, their knowledge on individuals and families and their responsibilities in the management of a clear defined patients list are characteristics that make general practice an appropriate context to develop a sentinel network.</text></sentence><sentence><infon key="sentnum">4</infon><offset>-1</offset><text>In fact, in Portugal there is a general practitioner sentinel network named Rede Médicos-Sentinela working since 1989 which estimated, for the last 25 years, incidence rates of several chronic diseases, some of them targeted on national priority health programs.</text></sentence><sentence><infon key="sentnum">5</infon><offset>-1</offset><text>Thus, we consider that Rede Médicos-Sentinela can be integrated in a national surveillance system for chronic diseases in Portugal.</text></sentence></passage></document><document><id>doc26</id><passage><infon key="language">EN</infon><infon key="section">abstract</infon><offset>-1</offset><sentence><infon key="sentnum">0</infon><offset>-1</offset><text>Gastric cancer is one of the most common and lethal cancers in the world.</text></sentence><sentence><infon key="sentnum">1</infon><offset>-1</offset><text>In Portugal, it is a major health problem presenting one of the highest incidence rates among European countries.</text></sentence><sentence><infon key="sentnum">2</infon><offset>-1</offset><text>In most Western countries, gastric cancer is generally diagnosed in advanced stages.</text></sentence><sentence><infon key="sentnum">3</infon><offset>-1</offset><text>Nevertheless, with the widespread use of upper endoscopy, gastric superficial neoplastic lesions are being increasingly recognized and diagnosed.</text></sentence><sentence><infon key="sentnum">4</infon><offset>-1</offset><text>However, there are no clear recommendations regarding who should be screened for its presence and only recently guidelines concerning the evaluation and management of these lesions were published.</text></sentence><sentence><infon key="sentnum">5</infon><offset>-1</offset><text>In this review, we summarize the current scientific evidence regarding diagnosis and management of gastric superficial neoplastic lesions.</text></sentence><sentence><infon key="sentnum">6</infon><offset>-1</offset><text>Topics like screening, diagnosis, endoscopic evaluation, management, treatment, pathologic evaluation and follow-up of patients with these lesions are covered and areas of future research are discussed.</text></sentence><sentence><infon key="sentnum">7</infon><offset>-1</offset><text>Whenever possible, evidence-based recommendations are made, and on the other cases expert opinion is presented.</text></sentence></passage></document><document><id>doc28</id><passage><infon key="language">EN</infon><infon key="section">abstract</infon><offset>-1</offset><sentence><infon key="sentnum">0</infon><offset>-1</offset><text>Birth defects of the female genital tract are relatively common and often asymptomatic.</text></sentence><sentence><infon key="sentnum">1</infon><offset>-1</offset><text>Despite the pregnancy outcome can be favorable, adverse obstetric outcomes are described in women with uterine malformations.</text></sentence><sentence><infon key="sentnum">2</infon><offset>-1</offset><text>The authors report the case of an obstetric emergency which enhances the possibility of a very adverse and rare outcome of uterine rupture in a left hemi-cavity of a bicornuate uterus away from the term, at 18 weeks of pregnancy, in a pregnant woman with history of caesarean in the right hemi-cavity and with placenta increta.</text></sentence><sentence><infon key="sentnum">3</infon><offset>-1</offset><text>A malformed uterus with a primitive type cavity has lower distensibility of the wall with the progression of the pregnancy and facilitates the development of abnormal placentation forms, increasing the risk of uterine rupture in the first and second trimesters.</text></sentence><sentence><infon key="sentnum">4</infon><offset>-1</offset><text>The knowledge of the existence of a congenital uterine anomaly in the preconceptional period is of primary importance.</text></sentence></passage></document><document><id>doc30</id><passage><infon key="language">EN</infon><infon key="section">abstract</infon><offset>-1</offset><sentence><infon key="sentnum">0</infon><offset>-1</offset><text>Gastrointestinal bleeding represents a common medical emergency, with considerable morbidity and mortality rates, and a prompt diagnosis is essential for a better prognosis.</text></sentence><sentence><infon key="sentnum">1</infon><offset>-1</offset><text>In such a context, endoscopy is the main diagnostic tool; however, in cases where the gastrointestinal hemorrhage is massive, the exact bleeding site might go undetected.</text></sentence><sentence><infon key="sentnum">2</infon><offset>-1</offset><text>In addition, a trained professional is not always present to perform the procedure.</text></sentence><sentence><infon key="sentnum">3</infon><offset>-1</offset><text>In an emergency setting, optical colonoscopy presents limitations connected with the absence of bowel preparation, so most of the small bowel cannot be assessed.</text></sentence><sentence><infon key="sentnum">4</infon><offset>-1</offset><text>Scintigraphy cannot accurately demonstrate the anatomic location of the bleeding and is not available at emergency settings.</text></sentence><sentence><infon key="sentnum">5</infon><offset>-1</offset><text>The use of capsule endoscopy is inappropriate in the acute setting, particularly in the emergency department at night, and is a highly expensive method.</text></sentence><sentence><infon key="sentnum">6</infon><offset>-1</offset><text>Digital angiography, despite its high sensitivity, is invasive, presents catheterization-related risks, in addition to its low availability at emergency settings.</text></sentence><sentence><infon key="sentnum">7</infon><offset>-1</offset><text>On the other hand, computed tomography angiography is fast, widely available and minimally invasive, emerging as a promising method in the diagnostic algorithm of these patients, being capable of determining the location and cause of bleeding with high accuracy.</text></sentence><sentence><infon key="sentnum">8</infon><offset>-1</offset><text>Based on a critical literature review and on their own experience, the authors propose a computed tomography angiography protocol to assess the patient with gastrointestinal bleeding.</text></sentence></passage></document><document><id>doc31</id><passage><infon key="language">EN</infon><infon key="section">abstract</infon><offset>-1</offset><sentence><infon key="sentnum">0</infon><offset>-1</offset><text>Malignant peripheral nerve sheath tumors (MPNST) are very rare and are frequently localized in the buttocks, thigh, arm, or paraspinal region; one variant is the malignant Triton tumor, with rhabdomyosarcomatous differentiation.</text></sentence><sentence><infon key="sentnum">1</infon><offset>-1</offset><text>The authors present a challenging differential diagnosis of a sciatic pain and foot drop in a woman with history of lumbar disk herniation, which was found to be caused by a Triton tumor of the sciatic nerve.</text></sentence><sentence><infon key="sentnum">2</infon><offset>-1</offset><text>She underwent surgical excision, followed by radiation and chemotherapy.</text></sentence><sentence><infon key="sentnum">3</infon><offset>-1</offset><text>Malignant Triton tumor cases have rarely been described and reported in the literature.</text></sentence><sentence><infon key="sentnum">4</infon><offset>-1</offset><text>The recommended treatment is radical excision followed by high-dose radiotherapy and chemotherapy.</text></sentence><sentence><infon key="sentnum">5</infon><offset>-1</offset><text>The prognosis, although poor, depends on the location, grade, and completeness of surgical margins.</text></sentence></passage></document><document><id>doc32</id><passage><infon key="language">EN</infon><infon key="section">abstract</infon><offset>-1</offset><sentence><infon key="sentnum">0</infon><offset>-1</offset><text>The characterization of focal liver lesions is very important.</text></sentence><sentence><infon key="sentnum">1</infon><offset>-1</offset><text>Magnetic resonance imaging is considered the best imaging method for evaluating such lesions, but does not allow for the diagnosis in all cases.</text></sentence><sentence><infon key="sentnum">2</infon><offset>-1</offset><text>The use of hepatobiliary contrast agents increases the diagnostic accuracy of magnetic resonance imaging and reduces the number of non-specific liver lesions.</text></sentence><sentence><infon key="sentnum">3</infon><offset>-1</offset><text>The main indications for the method include: differentiation between focal nodular hyperplasia and adenoma; characterization of hepatocellular carcinomas in cirrhotic patients; detection of small liver metastases; evaluation of biliary anatomy; and characterization of postoperative biliary fistulas.</text></sentence><sentence><infon key="sentnum">4</infon><offset>-1</offset><text>The use of hepatobiliary contrast agents may reduce the need for invasive diagnostic procedures and further investigations with other imaging methods, besides the need for imaging follow-up.</text></sentence></passage></document><document><id>doc33</id><passage><infon key="language">EN</infon><infon key="section">abstract</infon><offset>-1</offset><sentence><infon key="sentnum">0</infon><offset>-1</offset><text>In the last years, a distinctive interest has been raised on large polypoid and non-polypoid colorectal tumors, and specially on flat neoplastic lesions ≥20 mm tending to grow laterally, the so called laterally spreading tumors (LST).</text></sentence><sentence><infon key="sentnum">1</infon><offset>-1</offset><text>Real or virtual chromoendoscopy, endoscopic ultrasound or magnetic resonance should be considered for the estimation of submucosal invasion of these neoplasms.</text></sentence><sentence><infon key="sentnum">2</infon><offset>-1</offset><text>Lesions suitable for endoscopic resection are those confined to the mucosa or selected cases with submucosal invasion ≤1000 μm.</text></sentence><sentence><infon key="sentnum">3</infon><offset>-1</offset><text>Polypectomy or endoscopic mucosal resection remain a first-line therapy for large colorectal neoplasms, whereas endoscopic submucosal dissection in high-volume centers or surgery should be considered for large LSTs for which en bloc resection is mandatory.</text></sentence></passage></document><document><id>doc36</id><passage><infon key="language">EN</infon><infon key="section">abstract</infon><offset>-1</offset><sentence><infon key="sentnum">0</infon><offset>-1</offset><text>Rupture of the distal biceps brachii tendon typically occur in a contraction against resistance with the elbow in 90° of flexion.</text></sentence><sentence><infon key="sentnum">1</infon><offset>-1</offset><text>Chronic ruptures are uncommon and are complicated by tendon and muscle retraction and poor quality.</text></sentence><sentence><infon key="sentnum">2</infon><offset>-1</offset><text>Some reconstruction techniques have been described in the literature, with variations on the surgical exposures, type of graft (allo or autograft), graft donor site, and type of attachment to the radial tuberosity.</text></sentence><sentence><infon key="sentnum">3</infon><offset>-1</offset><text>The authors report the case of a patient presented a rupture of the distal biceps brachii tendon that took place five weeks earlier and, therefore, underwent reconstruction using autograft from the central strip of triceps tendon through double incision and fixation with anchors to the radial tuberosity.</text></sentence><sentence><infon key="sentnum">4</infon><offset>-1</offset><text>The use of the triceps brachii as autograft for reconstruction of chronic ruptures of the distal biceps had not yet been described in the literature.</text></sentence><sentence><infon key="sentnum">5</infon><offset>-1</offset><text>The authors have chosen to use it due to its biomechanical characteristics that qualify it as suitable for this procedure and because this is easier for collection, using the same operating field at the same joint, minimizing the negative effects of the donor area.</text></sentence><sentence><infon key="sentnum">6</infon><offset>-1</offset><text>After six months postoperatively, the patient has full movement arc and restoration of 96% of the flexion strength and 90% of the supination strength when compared with the contralateral limb.</text></sentence><sentence><infon key="sentnum">7</infon><offset>-1</offset><text>This procedure appears to be a good option for cases of chronic distal biceps rupture in older patients who have functional demand of supination.</text></sentence></passage></document><document><id>doc37</id><passage><infon key="language">EN</infon><infon key="section">abstract</infon><offset>-1</offset><sentence><infon key="sentnum">0</infon><offset>-1</offset><text>This study looked into mortality due to medicinal drug poisoning by age, gender and intent among the population of the state of São Paulo.</text></sentence><sentence><infon key="sentnum">1</infon><offset>-1</offset><text>The adjusted time sequence of mortality due to drug poisoning was developed based on data available in the DATASUS Mortality Data System for 1996 to 2012.</text></sentence><sentence><infon key="sentnum">2</infon><offset>-1</offset><text>We checked the variables for magnitude and trends.</text></sentence><sentence><infon key="sentnum">3</infon><offset>-1</offset><text>We found an increase in adjusted mortality starting in 2005, and more so as of 2009, confirmed by a 95% CI for the average annual rate of change.</text></sentence><sentence><infon key="sentnum">4</infon><offset>-1</offset><text>(AARC) We did not find the same trend in overall mortality in the state (AARC = -0.22%, 95% CI = -1.12 - 0.69) for specific, external cause mortality (AARC = -3.14%, 95% CI = -4.75 - -1.49) and for mortality due to accidental drug poisoning (AARC=+9,76%, 95% IC = -12.16 - 37.14).</text></sentence><sentence><infon key="sentnum">5</infon><offset>-1</offset><text>The largest increase was found in intentional self-poisoning with medicinal drugs (AARC = +10.64%, 95% CI = 6.92 - 14.40), and among the younger subjects (largest magnitude).</text></sentence><sentence><infon key="sentnum">6</infon><offset>-1</offset><text>The trend in mortality due to drug poisoning in the State of São Paulo, the importance of intent and mortality among the younger population reiterate the need to implement control measures.</text></sentence></passage></document><document><id>doc38</id><passage><infon key="language">EN</infon><infon key="section">abstract</infon><offset>-1</offset><sentence><infon key="sentnum">0</infon><offset>-1</offset><text>Parry-Romberg syndrome is a rare disease characterized by progressive hemifacial atrophy associated with other systemic changes, including neurological symptoms.</text></sentence><sentence><infon key="sentnum">1</infon><offset>-1</offset><text>Currently, there are few studies exploring the utilization of advanced magnetic resonance sequences in the investigation of this disease.</text></sentence><sentence><infon key="sentnum">2</infon><offset>-1</offset><text>The authors report the case of a 45-year-old patient and describe the findings at structural magnetic resonance imaging and at advanced sequences, correlating them with pathophysiological data.</text></sentence></passage></document><document><id>doc41</id><passage><infon key="language">EN</infon><infon key="section">abstract</infon><offset>-1</offset><sentence><infon key="sentnum">0</infon><offset>-1</offset><text>Impairment of the upper limbs is quite frequent after stroke, making rehabilitation an essential step towards clinical recovery and patient empowerment.</text></sentence><sentence><infon key="sentnum">1</infon><offset>-1</offset><text>This review aimed to synthetize existing evidence regarding interventions for upper limb function improvement after Stroke and to assess which would bring some benefit.</text></sentence><sentence><infon key="sentnum">2</infon><offset>-1</offset><text>The Cochrane Database of Systematic Reviews, the Database of Reviews of Effects and PROSPERO databases were searched until June 2013 and 40 reviews have been included, covering 503 studies, 18 078 participants and 18 interventions, as well as different doses and settings of interventions.</text></sentence><sentence><infon key="sentnum">3</infon><offset>-1</offset><text>The main results were: 1- Information currently available is insufficient to assess effectiveness of each intervention and to enable comparison of interventions; 2- Transcranial direct current stimulation brings no benefit for outcomes of activities of daily living; 3- Moderate-quality evidence showed a beneficial effect of constraint-induced movement therapy, mental practice, mirror therapy, interventions for sensory impairment, virtual reality and repetitive task practice; 4- Unilateral arm training may be more effective than bilateral arm training; 5- Moderate-quality evidence showed a beneficial effect of robotics on measures of impairment and ADLs; 6- There is no evidence of benefit or harm for technics such as repetitive transcranial magnetic stimulation, music therapy, pharmacological interventions, electrical stimulation and other therapies.</text></sentence><sentence><infon key="sentnum">4</infon><offset>-1</offset><text>Currently available evidence is insufficient and of low quality, not supporting clear clinical decisions.</text></sentence><sentence><infon key="sentnum">5</infon><offset>-1</offset><text>High-quality studies are still needed.</text></sentence></passage></document><document><id>doc42</id><passage><infon key="language">EN</infon><infon key="section">abstract</infon><offset>-1</offset><sentence><infon key="sentnum">0</infon><offset>-1</offset><text>The literature that supports and recommends the practice of exercise during pregnancy is extensive.However, although a more complete research on ways to evaluate the physical activity performed by pregnant women has been perfomed, it is found that there is no gold standard and that the articles in the area are inconclusive.</text></sentence><sentence><infon key="sentnum">1</infon><offset>-1</offset><text>Thus, the objective of the present article is to review relevant aspects, such as, technique and applicability of the different methods for the assessment of physical activity during pregnancy to provide more reliable and safe information for health professionals to encourage their pregnant patients to engage in the practice of physical activity.</text></sentence><sentence><infon key="sentnum">2</infon><offset>-1</offset><text>This review concluded that all tools for the analysis of physical activity have limitations.</text></sentence><sentence><infon key="sentnum">3</infon><offset>-1</offset><text>Thus, it is necessary to establish the objectives of evaluation in an appropriate manner, as well as to determine their viability and cost-effectiveness for the population under study.</text></sentence></passage></document><document><id>doc43</id><passage><infon key="language">EN</infon><infon key="section">abstract</infon><offset>-1</offset><sentence><infon key="sentnum">0</infon><offset>-1</offset><text>Chronic diarrhoea is a common clinical problem in gastroenterology practice and often it is difficult to diagnose the cause.</text></sentence><sentence><infon key="sentnum">1</infon><offset>-1</offset><text>Villous atrophy is not specific and the rarer possibility of drug-induced enteritis should always be considered.</text></sentence><sentence><infon key="sentnum">2</infon><offset>-1</offset><text>Olmesartan has recently been described as a cause of drug-induced enteropathy characterized by chronic diarrhoea and varying degrees of duodenal mucosa atrophy resembling celiac disease.</text></sentence><sentence><infon key="sentnum">3</infon><offset>-1</offset><text>We describe two cases of sprue-like enteropathy in patients treated with olmesartan for arterial hypertension several years before the onset of symptoms.</text></sentence><sentence><infon key="sentnum">4</infon><offset>-1</offset><text>Patients presented severe diarrhoea and significant weight loss, and both had histological evidence of intestinal villous atrophy.</text></sentence><sentence><infon key="sentnum">5</infon><offset>-1</offset><text>The clinical signs completely resolved after drug withdrawal.</text></sentence><sentence><infon key="sentnum">6</infon><offset>-1</offset><text>Olmesartan-induced enteropathy is a new clinical entity that must be included in the differential diagnosis of villous atrophy with negative celiac serology.</text></sentence><sentence><infon key="sentnum">7</infon><offset>-1</offset><text>The clinical and histological alterations easily and completely resolve after drug discontinuation, restoring quality of life to patients and avoiding unnecessary investigation.</text></sentence></passage></document><document><id>doc44</id><passage><infon key="language">EN</infon><infon key="section">abstract</infon><offset>-1</offset><sentence><infon key="sentnum">0</infon><offset>-1</offset><text>Generally, toxic-metabolic diseases affecting the central nervous system can hardly be differentiated just on the basis of their clinical presentation.</text></sentence><sentence><infon key="sentnum">1</infon><offset>-1</offset><text>However, some typical neuroradiological features can guide the correct diagnosis.</text></sentence><sentence><infon key="sentnum">2</infon><offset>-1</offset><text>In this context, magnetic resonance imaging is an important tool which, in association with clinical and laboratory data, can establish an early and specific treatment.</text></sentence><sentence><infon key="sentnum">3</infon><offset>-1</offset><text>The present pictorial essay with selected cases from the archives of the authors' institution describes imaging findings which might help in the etiologic diagnosis of toxic-metabolic diseases.</text></sentence></passage></document><document><id>doc45</id><passage><infon key="language">EN</infon><infon key="section">abstract</infon><offset>-1</offset><sentence><infon key="sentnum">0</infon><offset>-1</offset><text>Pain relief is vital to the treatment of cancer.</text></sentence><sentence><infon key="sentnum">1</infon><offset>-1</offset><text>Despite the widespread use and recognition of clinical recommendations for the management of cancer-related pain, avoidable suffering is still prevalent in patients with malignant disease.</text></sentence><sentence><infon key="sentnum">2</infon><offset>-1</offset><text>A gap exists between what is known about pain medical management and actual practices of patients, caregivers, healthcare professionals and institutions.</text></sentence><sentence><infon key="sentnum">3</infon><offset>-1</offset><text>Opioids are the pillar of the medical management of moderate to severe pain.</text></sentence><sentence><infon key="sentnum">4</infon><offset>-1</offset><text>The prescription of opioid analgesics - by a registered medical practitioner for absolute pain control - is a legitimate practice.</text></sentence><sentence><infon key="sentnum">5</infon><offset>-1</offset><text>In this article we look at patients' fears and physicians' general hesitations towards morphine and alike.</text></sentence><sentence><infon key="sentnum">6</infon><offset>-1</offset><text>We examine misconceptions that yield fallacies on the therapeutically use of opioids and, therefore, sustain inadequate pain management.</text></sentence></passage></document><document><id>doc47</id><passage><infon key="language">EN</infon><infon key="section">abstract</infon><offset>-1</offset><sentence><infon key="sentnum">0</infon><offset>-1</offset><text>This is a research on the challenges of Health Surveillance, considering its theories and practices.</text></sentence><sentence><infon key="sentnum">1</infon><offset>-1</offset><text>We performed a comprehensive review of international and national literature and institutional documents.</text></sentence><sentence><infon key="sentnum">2</infon><offset>-1</offset><text>Some of the authors also participated in the formulation of the guideline document prepared by the Formulation and Reporting Committee of the First National Conference on Health Surveillance.</text></sentence><sentence><infon key="sentnum">3</infon><offset>-1</offset><text>The complex Brazilian reality imposes that Health Surveillance be guided in a universal, integrated, participatory and territorial manner, where society and SUS workers play a leading role.</text></sentence><sentence><infon key="sentnum">4</infon><offset>-1</offset><text>It points out the need to design a structured surveillance system based on the dynamics of production, consumption and ways of living of the communities.</text></sentence><sentence><infon key="sentnum">5</infon><offset>-1</offset><text>The National Health Surveillance Policy should harbor in its core the categories and values of health social determination, the State's health regulatory responsibility, integrality, territory, participation of society and right to information.</text></sentence></passage></document><document><id>doc49</id><passage><infon key="language">EN</infon><infon key="section">abstract</infon><offset>-1</offset><sentence><infon key="sentnum">0</infon><offset>-1</offset><text>Plantar fasciitis is a very common painful syndrome, but its exact etiology still remains obscure.</text></sentence><sentence><infon key="sentnum">1</infon><offset>-1</offset><text>The diagnosis is essentially clinical, based on history-taking and physical examination.</text></sentence><sentence><infon key="sentnum">2</infon><offset>-1</offset><text>Complementary laboratory tests and imaging examinations may be useful for differential diagnoses.</text></sentence><sentence><infon key="sentnum">3</infon><offset>-1</offset><text>The treatment is essentially conservative, with a high success rate (around 90%).</text></sentence><sentence><infon key="sentnum">4</infon><offset>-1</offset><text>The essence of the conservative treatment is the home-based program of exercises to stretch the plantar fascia.</text></sentence><sentence><infon key="sentnum">5</infon><offset>-1</offset><text>Indications for surgical treatment are only made when the symptoms persist without significant improvement, after at least six months of conservative treatment supervised directly by the doctor.</text></sentence></passage></document><document><id>doc50</id><passage><infon key="language">EN</infon><infon key="section">abstract</infon><offset>-1</offset><sentence><infon key="sentnum">0</infon><offset>-1</offset><text>Statistics is a privileged tool in building knowledge from information, since the purpose is to extract from a sample limited information conclusions to the whole population.</text></sentence><sentence><infon key="sentnum">1</infon><offset>-1</offset><text>The pervasive use of statistical software (that always provides an answer, the question being adequate or not), and the absence of statistics to confer a scientific flavour to so much bad science, has had a pernicious effect on some disbelief on statistical research.</text></sentence><sentence><infon key="sentnum">2</infon><offset>-1</offset><text>Would Lord Rutherford be alive today, it is almost certain that he would not condemn the use of statistics in research, as he did in the dawn of the 20th century.</text></sentence><sentence><infon key="sentnum">3</infon><offset>-1</offset><text>But he would indeed urge everyone to use statistics quantum satis, since to use bad data, too many data, and statistics to enquire on irrelevant questions, is a source of bad science, namely because with too many data we can establish statistical significance of irrelevant results.</text></sentence><sentence><infon key="sentnum">4</infon><offset>-1</offset><text>This is an important point that addicts of evidence based medicine should be aware of, since the meta analysis of two many data will inevitably establish senseless results.</text></sentence></passage></document><document><id>doc51</id><passage><infon key="language">EN</infon><infon key="section">abstract</infon><offset>-1</offset><sentence><infon key="sentnum">0</infon><offset>-1</offset><text>The article presents some considerations about causality in Pharmacoepidemiology and Pharmacovigilance.</text></sentence><sentence><infon key="sentnum">1</infon><offset>-1</offset><text>To begin, we provide a brief introduction about the importance of the issue, noting that the understanding of causal relationships is considered one of science's greatest achievements and has been, over time, a continuous and central concern of philosophers and epidemiologists.</text></sentence><sentence><infon key="sentnum">2</infon><offset>-1</offset><text>Next, we describe definitions and types of causes, demonstrating their influences on pharmacoepidemiological thought.</text></sentence><sentence><infon key="sentnum">3</infon><offset>-1</offset><text>After that, we present Rothman's multi-causal model as one of the founding explanations of multiple causality and the issue of causality assessment.</text></sentence><sentence><infon key="sentnum">4</infon><offset>-1</offset><text>We conclude with some comments and reflections on causality from the perspective of health surveillance, particularly with regard to regulations on pharmacovigilance.</text></sentence></passage></document><document><id>doc57</id><passage><infon key="language">EN</infon><infon key="section">abstract</infon><offset>-1</offset><sentence><infon key="sentnum">0</infon><offset>-1</offset><text>The present essay is aimed at getting the radiologist familiar with the basic histological skin structure, allowing for a better correlation with sonographic findings.</text></sentence><sentence><infon key="sentnum">1</infon><offset>-1</offset><text>A high-frequency (22 MHz) ultrasonography apparatus was utilized in the present study.</text></sentence><sentence><infon key="sentnum">2</infon><offset>-1</offset><text>The histological analysis was performed after the skin specimens fixation with formalin, inclusion in paraffin blocks and subsequent staining with hematoxylin-eosin.</text></sentence><sentence><infon key="sentnum">3</infon><offset>-1</offset><text>The authors present a literature review showing the relationship between sonographic and histological findings in normal cutaneous tissue, and discuss the technique for a better performance of the sonographic scan.</text></sentence><sentence><infon key="sentnum">4</infon><offset>-1</offset><text>High-frequency ultrasonography is an excellent tool for the diagnosis of different skin conditions.</text></sentence><sentence><infon key="sentnum">5</infon><offset>-1</offset><text>However, as this method is operator-dependent, it is crucial to understand the normal skin structure as well as the correlation between histological and sonographic findings.</text></sentence></passage></document><document><id>doc58</id><passage><infon key="language">EN</infon><infon key="section">abstract</infon><offset>-1</offset><sentence><infon key="sentnum">0</infon><offset>-1</offset><text>The aim of this study was to assess periodontal status and blood parameters in orthodontic patients with nickel allergy one month after removal of brackets.</text></sentence><sentence><infon key="sentnum">1</infon><offset>-1</offset><text>Ninety-six randomly selected patients were initially evaluated.</text></sentence><sentence><infon key="sentnum">2</infon><offset>-1</offset><text>Allergy to nickel was diagnosed using a patch test.</text></sentence><sentence><infon key="sentnum">3</infon><offset>-1</offset><text>After determining the prevalence of subjects allergic to nickel, two groups were formed: 16 allergic (experimental) and 16 non-allergic (control) patients.</text></sentence><sentence><infon key="sentnum">4</infon><offset>-1</offset><text>Their periodontal status was determined regularly by a single, blinded, duly calibrated examiner using the Löe Index (GI) and their blood was tested (complete blood test, including nickel and IgE levels) after nine months of orthodontic treatment and again one month after removing the orthodontic appliances.</text></sentence><sentence><infon key="sentnum">5</infon><offset>-1</offset><text>Statistical analyses included paired and non-paired t-tests, Mann-Whitney, Wilcoxon, McNemar and linear trend chi-square tests (p≤0.05).</text></sentence><sentence><infon key="sentnum">6</infon><offset>-1</offset><text>Comparison of the values recorded during orthodontic treatment and one month after removing the appliances showed that in the allergic group there was significant increase in eosinophils (p=0.046), basophils (p=0.001) and monocytes (p=0.002), and decrease in number of bands (p=0.000), while in the control group, there was increase in lymphocytes (p=0.039) and decrease in segmented neutrophils (p=0.030) and IgE levels (p=0.001).</text></sentence><sentence><infon key="sentnum">7</infon><offset>-1</offset><text>In both groups, plasma nickel levels increased (p=0.010; p=0.039) and GI scores decreased.</text></sentence><sentence><infon key="sentnum">8</infon><offset>-1</offset><text>One month after removing the brackets, blood and periodontal parameters from patients with and without nickel allergy were similar.</text></sentence></passage></document><document><id>doc59</id><passage><infon key="language">EN</infon><infon key="section">abstract</infon><offset>-1</offset><sentence><infon key="sentnum">0</infon><offset>-1</offset><text>This study aims to discuss the Health Impact Assessment (HIA), pointing out the main initiatives of the health sector, challenges and perspectives for its implementation in Brazil.</text></sentence><sentence><infon key="sentnum">1</infon><offset>-1</offset><text>HIA is a methodology recommended by the WHO and is widely used in several countries, but with few initiatives in Brazil.</text></sentence><sentence><infon key="sentnum">2</infon><offset>-1</offset><text>Health issues in the context of large projects are commonly conducted on a timely basis within the environmental licensing processes, unlike HIA, which proposes an integrated approach, with the involvement of social stakeholders in the territory since the beginning of the project.</text></sentence><sentence><infon key="sentnum">3</infon><offset>-1</offset><text>This is an analytical and exploratory research and, thus, a systematic review on the subject was carried out, as well as a survey of government documents on the main initiatives already conducted by the Ministry of Health within Environmental Health Surveillance in the environmental licensing processes of large projects.</text></sentence><sentence><infon key="sentnum">4</infon><offset>-1</offset><text>We sought to analyze the main conceptual frameworks, pointing out possibilities for their implementation in Brazil, as well as new perspectives for Health Surveillance in this area, allowing the health variable to be evaluated during several interventions of a policy, program or project.</text></sentence></passage></document><document><id>doc60</id><passage><infon key="language">EN</infon><infon key="section">abstract</infon><offset>-1</offset><sentence><infon key="sentnum">0</infon><offset>-1</offset><text>Since their introduction in medical therapy, in the last quarter of the 20th century, monoclonal antibodies have gained an increasing importance in the treatment of various diseases.</text></sentence><sentence><infon key="sentnum">1</infon><offset>-1</offset><text>Neurology has been one of the medical specialties benefiting of the therapeutic potential of these monoclonal antibodies and certain neurological conditions may now contain such drugs in their therapeutic algorithms.</text></sentence><sentence><infon key="sentnum">2</infon><offset>-1</offset><text>Multiple sclerosis is one of these diseases and, in addition to the monoclonal antibodies already licensed for clinical use, several others are in development for future utilization in this specific area.</text></sentence><sentence><infon key="sentnum">3</infon><offset>-1</offset><text>The future will certainly pass through this kind of drugs and, in this article, a review of the most relevant data related to monoclonal antibodies already in use and also in clinical development for multiple sclerosis treatment will be performed.</text></sentence></passage></document><document><id>doc61</id><passage><infon key="language">EN</infon><infon key="section">abstract</infon><offset>-1</offset><sentence><infon key="sentnum">0</infon><offset>-1</offset><text>We present a case of immunoglobulin G4 (IgG4)-related disease with pancreatic and extrapancreatic involvement, including the biliary and renal systems.</text></sentence><sentence><infon key="sentnum">1</infon><offset>-1</offset><text>Given the importance of imaging methods for the diagnosis of IgG4-related disease and its differentiation from pancreatic adenocarcinoma, we emphasize important abdominal computed tomography and magnetic resonance imaging findings related to this recently recognized systemic autoimmune disease.</text></sentence></passage></document><document><id>doc65</id><passage><infon key="language">EN</infon><infon key="section">abstract</infon><offset>-1</offset><sentence><infon key="sentnum">0</infon><offset>-1</offset><text>Obtaining axillary radiographs of the shoulder in acute trauma is not always feasible.</text></sentence><sentence><infon key="sentnum">1</infon><offset>-1</offset><text>The authors present a new modification of this radiographic view, in order to assess the anatomic relationship between the humeral head and the glenoid cavity.</text></sentence><sentence><infon key="sentnum">2</infon><offset>-1</offset><text>The incidence is performed with the patient sitting on X-ray table, with the affected limb supported thereon.</text></sentence><sentence><infon key="sentnum">3</infon><offset>-1</offset><text>The authors describe the case of a 28-year-old male who suffered an anterior glenohumeral dislocation that was clearly evidenced by this modified radiograph.</text></sentence><sentence><infon key="sentnum">4</infon><offset>-1</offset><text>The concentric relationship between the humeral head and the glenoid cavity was also easily confirmed by obtaining such radiograph after the reduction maneuver.</text></sentence></passage></document><document><id>doc68</id><passage><infon key="language">EN</infon><infon key="section">abstract</infon><offset>-1</offset><sentence><infon key="sentnum">0</infon><offset>-1</offset><text>Neonatal teeth is a rare disorder of tooth eruption, arising in the oral cavity, usually in the anterior mandible, in the first month of life.</text></sentence><sentence><infon key="sentnum">1</infon><offset>-1</offset><text>Its etiology is unknown.</text></sentence><sentence><infon key="sentnum">2</infon><offset>-1</offset><text>This condition can cause breastfeeding difficulties, besides aspiration or swallowing of the teeth.</text></sentence><sentence><infon key="sentnum">3</infon><offset>-1</offset><text>We describe the case of a premature infant in the second day of life presented with gingival edema, redness and discrete swelling in the region of the mandibular central incisors.</text></sentence><sentence><infon key="sentnum">4</infon><offset>-1</offset><text>Ten days later, two small teeth with hypermobility were detected.</text></sentence><sentence><infon key="sentnum">5</infon><offset>-1</offset><text>Extraction of those teeth was performed.</text></sentence><sentence><infon key="sentnum">6</infon><offset>-1</offset><text>With this clinical case we intend to show the rarity of this entity, especially in premature infants, the possible association with various syndromes and the need for a multifactorial approach to the treatment decision (extraction / conservative treatment).</text></sentence></passage></document><document><id>doc69</id><passage><infon key="language">EN</infon><infon key="section">abstract</infon><offset>-1</offset><sentence><infon key="sentnum">0</infon><offset>-1</offset><text>The aim of this study was to quantify tooth sensitivity during bleaching and after a desensitizing treatment.</text></sentence><sentence><infon key="sentnum">1</infon><offset>-1</offset><text>Sensitivity was measured with a new device, TSA-II, which uses thermal stimuli for Quantitative Sensory Testing (QST).</text></sentence><sentence><infon key="sentnum">2</infon><offset>-1</offset><text>Ten patients underwent bleaching treatment using Whiteness HP Maxx (FGM Produtos Odontológicos Ltda) containing 35% hydrogen peroxide.</text></sentence><sentence><infon key="sentnum">3</infon><offset>-1</offset><text>After the bleaching session, the teeth were cleaned with air/water spray and the product Desensibilize KF 2% (FGM Produtos Odontológicos Ltda) was applied to the upper left teeth.</text></sentence><sentence><infon key="sentnum">4</infon><offset>-1</offset><text>Saline solution at room temperature was applied in the upper right teeth.</text></sentence><sentence><infon key="sentnum">5</infon><offset>-1</offset><text>QST was performed before bleaching, immediately after bleaching, and immediately after desensitizing treatment.</text></sentence><sentence><infon key="sentnum">6</infon><offset>-1</offset><text>In order to standardize tooth analysis, a 100% ethylene copolymer and vinyl acetate tray with circular perforations was used during measurements.</text></sentence><sentence><infon key="sentnum">7</infon><offset>-1</offset><text>Analysis of variance and the Student's t-test were used (a=0.05).</text></sentence><sentence><infon key="sentnum">8</infon><offset>-1</offset><text>Mean temperatures (SD) of cold sensation threshold for the upper right quadrant were: BB-13.898 (4.81), AB- 19.241 (3.68), AD-20.646 (3.72) and for the upper left quadrant they were: BB-14.102 (3.22), AB-19.646 (4.82), AD- 13.835 (3.63).</text></sentence><sentence><infon key="sentnum">9</infon><offset>-1</offset><text>Dental bleaching with highly concentrated peroxides changed dental cold sensation thresholds, but the topical desensitizer changed the immediate cold sensation thresholds produced by the cold stimulus.</text></sentence></passage></document><document><id>doc70</id><passage><infon key="language">EN</infon><infon key="section">abstract</infon><offset>-1</offset><sentence><infon key="sentnum">0</infon><offset>-1</offset><text>The introduction of the anti-tumor necrosis factorα agents (anti-TNFα) in clinical practice has greatly advanced the treatment of inflammatory bowel disease.</text></sentence><sentence><infon key="sentnum">1</infon><offset>-1</offset><text>The use of these medications results in durable remission in a subset of patients, preventing surgery and hospitalizations.</text></sentence><sentence><infon key="sentnum">2</infon><offset>-1</offset><text>However, there are some concerns about safety and costs associated with their long-term use.</text></sentence><sentence><infon key="sentnum">3</infon><offset>-1</offset><text>Therefore, anti-TNF withdrawal has emerged as an important consideration in clinical practice.</text></sentence><sentence><infon key="sentnum">4</infon><offset>-1</offset><text>Herein our goal was to discuss the available evidence about anti-TNFα discontinuation in IBD that could inform the clinician on the expected rates of relapse, the potential predictors of relapse, as well the response to re-treatment.</text></sentence></passage></document><document><id>doc73</id><passage><infon key="language">EN</infon><infon key="section">abstract</infon><offset>-1</offset><sentence><infon key="sentnum">0</infon><offset>-1</offset><text>A new species of Solanum (Solanaceae) from the Geminata clade is described for the Brazilian flora.</text></sentence><sentence><infon key="sentnum">1</infon><offset>-1</offset><text>Solanum lagoense Stehmann is only known from Lapinha, a rocky massif located in the Lagoa Santa karst region of Minas Gerais State.</text></sentence><sentence><infon key="sentnum">2</infon><offset>-1</offset><text>The flora of this area, including Solanaceae, was studied in detail in the second half of the 19(th) century by the Danish botanist Eugene Warming.</text></sentence><sentence><infon key="sentnum">3</infon><offset>-1</offset><text>The species differs from other members of the Geminata clade in Brazil in its geminate leaves of different sizes, simple multicellular trichomes present on the new growth and young stems, short extra-axillary inflorescences with few (1-3) flowers, and its stellate corollas with cucullate and strongly reflexed lobes.</text></sentence><sentence><infon key="sentnum">4</infon><offset>-1</offset><text>Here we present a description, taxonomic comments and a preliminary assessment of conservation status of this critically endangered species.</text></sentence></passage></document><document><id>doc74</id><passage><infon key="language">EN</infon><infon key="section">abstract</infon><offset>-1</offset><sentence><infon key="sentnum">0</infon><offset>-1</offset><text>The Vila Franca de Xira Hospital is located in the region with the highest number of festivals and bullfighting activities of Portugal.</text></sentence><sentence><infon key="sentnum">1</infon><offset>-1</offset><text>As a natural consequence, the hospital ends up with a particular experience in the treatment of victims of bullfighting accidents.</text></sentence><sentence><infon key="sentnum">2</infon><offset>-1</offset><text>These are usually common people harvested in street celebrations during the traditional festivals of the region, but also workers such as cattle herders, foremen, ranchers and others who handle the wild cattle and in particular those who deal with the bulls, such as forcados, banderilleros, matadors and cavaleiros.</text></sentence><sentence><infon key="sentnum">3</infon><offset>-1</offset><text>Although we may refer the perforating injuries generated by the horns of bulls, the most frequent injuries are the blunt ones, among them bruises and fractures of the limbs.</text></sentence><sentence><infon key="sentnum">4</infon><offset>-1</offset><text>This work shows the typical striking of a bull horn, showing the violence of the trauma in bullfighting accidents, which in this case resulted only on the fracture of the clavicle from the member hit in the fall.</text></sentence></passage></document><document><id>doc79</id><passage><infon key="language">EN</infon><infon key="section">abstract</infon><offset>-1</offset><sentence><infon key="sentnum">0</infon><offset>-1</offset><text>Regardless the psoriasis subtype, up to 79% of people with this skin condition present scalp involvement, which is often the first site to show symptoms of the disease.</text></sentence><sentence><infon key="sentnum">1</infon><offset>-1</offset><text>In addition to being itchy, the red and scaly lesions are usually easy to see, and may be embarrassing.</text></sentence><sentence><infon key="sentnum">2</infon><offset>-1</offset><text>Topical therapy is usually the first line of treatment; however the wide array of available interventions can make the choice difficult, and may even lead to an inadequate treatment.</text></sentence><sentence><infon key="sentnum">3</infon><offset>-1</offset><text>The objective of this review was to evaluate the efficacy and safety of topical treatments for scalp psoriasis.</text></sentence><sentence><infon key="sentnum">4</infon><offset>-1</offset><text>A systematic review was performed according to the methodology recommended by Cochrane in order to evaluate the clinical severity of psoriasis, quality of life, and adverse events that led to treatment discontinuation.</text></sentence><sentence><infon key="sentnum">5</infon><offset>-1</offset><text>To evaluate this, 59 studies were included, with a total of 11 561 participants, and 15 comparisons were made between the various drugs and application vehicles tested.</text></sentence><sentence><infon key="sentnum">6</infon><offset>-1</offset><text>The principal conclusion is that corticosteroids of high or very high potency are more effective than vitamin D.</text></sentence><sentence><infon key="sentnum">7</infon><offset>-1</offset><text>The combination of a corticosteroid with vitamin D has only a marginal benefit over corticosteroid monotherapy, but is superior to vitamin D alone.</text></sentence><sentence><infon key="sentnum">8</infon><offset>-1</offset><text>Given the similar safety profile and only marginal benefit of the combination of corticosteroid with vitamin D over the corticosteroid alone, topical corticosteroid monotherapy appears to be fully acceptable for short-term therapy of scalp psoriasis.</text></sentence></passage></document><document><id>doc80</id><passage><infon key="language">EN</infon><infon key="section">abstract</infon><offset>-1</offset><sentence><infon key="sentnum">0</infon><offset>-1</offset><text>This article analyzes the English botanist George Gardner's trip to Brazil during the 1830s.</text></sentence><sentence><infon key="sentnum">1</infon><offset>-1</offset><text>After graduating from the University of Glasgow Gardner was influenced by his teacher and by readings of contemporary naturalists and set off for Brazil in March of 1836, arriving two months later in Rio de Janeiro.</text></sentence><sentence><infon key="sentnum">2</infon><offset>-1</offset><text>The article presents Gardner's impressions of slavery in Brazil, in an attempt to unveil the symbolic universe of a play he witnessed and described, which took place on a farm in Rio de Janeiro on Christmas night.</text></sentence><sentence><infon key="sentnum">3</infon><offset>-1</offset><text>By describing black slavery in its routes across the Atlantic, we compare this event with other similar happenings in Brazil and in Trinidad and Tobago.</text></sentence></passage></document><document><id>doc83</id><passage><infon key="language">EN</infon><infon key="section">abstract</infon><offset>-1</offset><sentence><infon key="sentnum">0</infon><offset>-1</offset><text>We studied the amphibian community of the Private Reserve of Natural Heritage (RPPN) Serra Bonita, an area of 20 km(2) with steep altitudinal gradients (200-950 m a.s.l.) located in the municipalities of Camacan and Pau-Brasil, southern Bahia State, Brazil.</text></sentence><sentence><infon key="sentnum">1</infon><offset>-1</offset><text>Data were obtained at 38 sampling sites (including ponds and transects within the forest and in streams), through active and visual and acoustic searches, pitfall traps, and opportunistic encounters.</text></sentence><sentence><infon key="sentnum">2</infon><offset>-1</offset><text>We recorded 80 amphibian species distributed in 15 families: Aromobatidae (1), Brachycephalidae (3), Bufonidae (4), Centrolenidae (2), Ceratophryidae (1), Craugastoridae (7), Eleutherodactylidae (2), Hemiphractidae (2), Hylidae (42), Hylodidae (1), Leptodactylidae (7), Microhylidae (3), Siphonopidae (1), Odontophrynidae (3) and Pipidae (1).</text></sentence><sentence><infon key="sentnum">3</infon><offset>-1</offset><text>Species richness was positively correlated with monthly rainfall.</text></sentence><sentence><infon key="sentnum">4</infon><offset>-1</offset><text>Near 36% of the species were found in strictly forest environments, 15% are endemic to Bahia State and 77.2% are endemic to the Atlantic Forest biome.</text></sentence><sentence><infon key="sentnum">5</infon><offset>-1</offset><text>The large species diversity of this small area, the high degree of endemism and the taxonomic and biogeographic significance turn the Serra Bonita mountain into a hotpoint for amphibians within Brazil's Atlantic Forest hotspot.</text></sentence></passage></document><document><id>doc84</id><passage><infon key="language">EN</infon><infon key="section">abstract</infon><offset>-1</offset><sentence><infon key="sentnum">0</infon><offset>-1</offset><text>Bilateral stress fracture of femoral neck in healthy young patients is an extremely rare entity, whose diagnostic and treatment represent a major challenge.</text></sentence><sentence><infon key="sentnum">1</infon><offset>-1</offset><text>Patients with history of hip pain, even non-athletes or military recruits, should be analyzed to achieve an early diagnosis and prevent possible complications from the surgical treatment.</text></sentence><sentence><infon key="sentnum">2</infon><offset>-1</offset><text>This report describes a 43-year-old male patient, non-athlete, without previous diseases, who developed bilateral stress fracture of femoral neck without displacement.</text></sentence><sentence><infon key="sentnum">3</infon><offset>-1</offset><text>He had a late diagnosis; bilateral osteosynthesis was made using cannulated screws.</text></sentence><sentence><infon key="sentnum">4</infon><offset>-1</offset><text>Although the diagnosis was delayed in this case, the study highlights the importance of the diagnosis of stress fracture, regardless of the activity level of the patients, for the success of the treatment.</text></sentence></passage></document><document><id>doc87</id><passage><infon key="language">EN</infon><infon key="section">abstract</infon><offset>-1</offset><sentence><infon key="sentnum">0</infon><offset>-1</offset><text>Malignant colorectal obstruction is a serious complication of advanced cancers.</text></sentence><sentence><infon key="sentnum">1</infon><offset>-1</offset><text>The obstruction can be caused by colorectal cancer, adjacent organ cancer or distant metastases.</text></sentence><sentence><infon key="sentnum">2</infon><offset>-1</offset><text>Rectal metastases from gastric cancer are rare.</text></sentence><sentence><infon key="sentnum">3</infon><offset>-1</offset><text>Foreign body ingestion is not a rare event and the majority of them causes no symptoms or complications.</text></sentence><sentence><infon key="sentnum">4</infon><offset>-1</offset><text>Nevertheless, they are likely to stop at any narrowing or angulation of the intestinal lumen.</text></sentence><sentence><infon key="sentnum">5</infon><offset>-1</offset><text>The authors describe a rare clinical presentation of an impacted foreign body in a pathological narrowing secondary to rectal metastasis of a gastric neoplasia that caused an acute malignant colonic obstruction.</text></sentence><sentence><infon key="sentnum">6</infon><offset>-1</offset><text>After endoscopic removal of the foreign body, there was complete resolution of symptoms avoiding surgery or palliative stenting.</text></sentence><sentence><infon key="sentnum">7</infon><offset>-1</offset><text>This case report highlights the need of careful inspection of colonic malignant strictures before stenting to exclude other causes of colonic obstructions, as an impacted foreign body.</text></sentence></passage></document><document><id>doc92</id><passage><infon key="language">EN</infon><infon key="section">abstract</infon><offset>-1</offset><sentence><infon key="sentnum">0</infon><offset>-1</offset><text>Genital leiomyomas are rare tumors that can often be misdiagnosed as Bartholin cyst.</text></sentence><sentence><infon key="sentnum">1</infon><offset>-1</offset><text>We report a case of a 32-year-old patient who had a cystic nodulation in the left labium majus that was suggestive of Bartholin cyst.</text></sentence><sentence><infon key="sentnum">2</infon><offset>-1</offset><text>A resection surgery was performed, and the definitive histopathology diagnosis was vulvar leiomyoma.</text></sentence><sentence><infon key="sentnum">3</infon><offset>-1</offset><text>The macroscopic features of cystic lesions difficult the differential diagnosis between leiomyoma and Bartholin cyst; therefore, a histopathologic examination is often recommended.</text></sentence></passage></document></collection>